seller_id,seller_zip_code_prefix,seller_city,seller_state
d1b65fc7debc3361ea86b5f14c68d2e2,13844,mogi guacu,SP
ccc4bbb5f32a6ab2b7066a4130f114e3,80310,curitiba,PR
8bd0f31cf0a614c658f6763bd02dea69,01222,sao paulo,SP
e38db885400cd35c71dfd162f2c1dbcf,70740,brasilia,DF
2ff97219cb8622eaf3cd89b7d9c09824,13320,salto,SP
2a1348e9addc1af5aaa619b1a3679d6b,30494,belo horizonte,MG
406822777a0b9eb5c50e442dd4cd3ec5,18500,tatui,SP
d9a84e1403de8da0c3aa531d6d108ba6,03562,sao paulo,SP
d3674f271c91f824f82d24d92011f669,72233,brasilia,DF
c0f783394e37cd9c9d7f5f81141450fa,13416,piracicaba,SP
8444e55c1f13cd5c179851e5ca5ebd00,37584,congonhal,MG
d71d863e5ef30d94e440c11be17dcd8f,06144,osasco,SP
0c7533c71df861ec58ad7ff999ed0e8d,13270,valinhos,SP
c013e57c075a06e5b5c48ee03c525719,13568,sao carlos,SP
55f7a3319d80f7fdf078b8f03e6725fe,06056,osasco,SP
b90e891671cffd9557f33a97dc523645,83010,sao jose dos pinhais,PR
a416b6a846a11724393025641d4edd5e,03702,sao paulo,SP
7e93a43ef30c4f03f38b393420bc753a,06429,barueri,SP
ef506c96320abeedfb894c34db06f478,03569,sao paulo,SP
7299e27ed73d2ad986de7f7c77d919fa,38440,araguari,MG
b2479f944e1b90cf8a5de1bbfde284d6,14940,ibitinga,SP
7722b1df1b0e383e000397b2c11e3e19,09715,sao bernardo do campo,SP
411f3b52d857390502ee4e4d5ceabc2d,09400,ribeirao pires,SP
4e7c18b98d84e05cbae3ff0ff03846c2,14882,jaboticabal,SP
669ae81880e08f269a64487cfb287169,89160,rio do sul,SC
709e16e2b25c7474d980076c6bfc4806,16200,birigui,SP
8bb48dc19fccaa8613b6229bf7f452a2,19803,assis,SP
0c8380b62e38e8a1e6adbeba7eb9688c,37410,tres coracoes,MG
37be5a7c751166fbc5f8ccba4119e043,04248,sao paulo,SP
7b07b3c7487f0ea825fc6df75abd658b,02016,sao paulo,SP
0ad80de75c811326389cfb1daba7d45e,20261,rio de janeiro,RJ
4c498c7345e89aebad651544829beca0,06341,carapicuiba,SP
02f5837340d7eb4f653d676c7256523a,80620,curitiba,PR
229c3efbfb0ea2058de4ccdfbc3d784a,30190,belo horizonte,MG
fa40cc5b934574b62717c68f3d678b6d,02310,sao paulo,SP
aaed1309374718fdd995ee4c58c9dfcd,89120,timbo,SC
11d4c477d09821164bca4f70a2eae031,14075,ribeirao preto,SP
caa9bc43a9fe8cf9c564ddd8a03cc4a6,12308,jacarei,SP
7178f9f4dd81dcef02f62acdf8151e01,89560,videira,SC
3f995f07c49d0d55a99d5c54957f7d81,06853,itapecerica da serra,SP
3db66a856d18a9cba7c9241fc5221c50,35430,ponte nova,MG
657969cca82e884d272385ec0ef06edd,93608,estancia velha,RS
d6b1ce66b035a475f00c017792ff9769,13327,salto,SP
ececbfcff9804a2d6b40f589df8eef2b,14407,franca,SP
7d13fca15225358621be4086e1eb0964,14050,ribeirao preto,SP
1b4c3a6f53068f0b6944d2d005c9fc89,88730,sao ludgero,SC
50c9975695009e5e6473912e83a6d1da,35530,claudio,MG
7aa4334be125fcdd2ba64b3180029f14,18500,laranjal paulista,SP
b14db04aa7881970e83ffa9426897925,18048,sorocaba,SP
a3e9a2c700480d9bb01fba070ba80a0e,14940,ibitinga,SP
9f505651f4a6abe901a56cdc21508025,04102,sao paulo,SP
7142540dd4c91e2237acb7e911c4eba2,16301,penapolis,SP
a3a38f4affed601eb87a97788c949667,89204,joinville,SC
9b013e03b2ab786505a1d3b5c0756754,11450,vicente de carvalho,SP
38e679b9e0064cd94c6f035707344dae,86010,londrina,PR
79ebd9a61bac3eaf882805ed4ecfa12a,85802,cascavel,PR
8e6d7754bc7e0f22c96d255ebda59eba,12233,sao jose dos campos,SP
cbd996ad3c1b7dc71fd0e5f5df9087e2,15081,sao jose do rio preto,SP
ce33c6211beaa8fef4cae8b52db39862,08655,suzano,SP
8b321bb669392f5163d04c59e235e066,01212,sao paulo,SP
ec80e49e69745ab6c14f984bf2149423,13480,limeira,SP
004c9cd9d87a3c30c522c48c4fc07416,14940,ibitinga,SP
3bdff180c7e1f6551a643b99c265a120,04811,sao paulo,SP
b4f8921fcc4ff77b66bea6dda43dcd51,95034,caxias do sul,RS
671585f5a2af58b6e276bc01003c0d2b,80510,curitiba,PR
aba1721a889e04decc910aa13b768ef4,05729,sao paulo,SP
cab85505710c7cb9b720bceb52b01cee,02252,sao paulo,SP
6cd68b3ed6d59aaa9fece558ad360c0a,31255,belo horizonte,MG
537eb890efff034a88679788b647c564,20270,rio de janeiro,RJ
89de2d6f23e9746ff309705b23581faa,86060,londrina,PR
955fee9216a65b617aa5c0531780ce60,04782,sao paulo,SP
751bdc4d83a466c7206cd42e8f426b03,09405,ribeirao pires,SP
2f4b0d3b9634b647d4edee577d7ebb7e,02310,sao paulo,SP
6e386f64c84e482f0b9abf960797ee1b,01539,sao paulo,SP
0176f73cc1195f367f7b32db1e5b3aa8,14940,ibitinga,SP
ceaec5548eefc6e23e6607c5435102e7,03821,sao paulo,SP
e9bc59e7b60fc3063eb2290deda4cced,87083,maringa,PR
b0b346d3a89f5eb4c2968af3f083cd43,13105,campinas,SP
a0415d9b25ede3c4b1e477e9916ffc03,26255,nova iguacu,RJ
b6d44737c043328708f6749c2dbe50bd,09230,santo andre,SP
972d0f9cf61b499a4812cf0bfa3ad3c4,88359,brusque,SC
cfb1a033743668a192316f3c6d1d2671,18110,votorantim,SP
dd7ddc04e1b6c2c614352b383efe2d36,03471,sao paulo,SP
f457c46070d02cadd8a68551231220dd,87047,maringa,PR
1f50f920176fa81dab994f9023523100,15025,sao jose do rio preto,SP
2ba91c7ad80ff88b23b7db823b43c233,13310,itu,SP
3d0cd21d41671c46f82cd11176bf7277,89217,joinville,SC
f7ba60f8c3f99e7ee4042fdef03b70c4,09628,sao bernardo do campo,SP
5bc24d989e71e93c33e50a7782431b0e,37165,campo do meio,MG
e5a38146df062edaf55c38afa99e42dc,01233,sao paulo,SP
f45122a9ab94eb4f3f8953578bc0c560,13419,piracicaba,SP
48436dade18ac8b2bce089ec2a041202,27277,volta redonda,SP
8ed8ea9a57c862f2c18c2fe41f601d56,89030,blumenau,SC
1554a68530182680ad5c8b042c3ab563,37580,monte siao,MG
152ee17e4c8aaf53dac99f3462e4999b,89248,garuva,SC
ef0ace09169ac090589d85746e3e036f,24451,sao goncalo,RJ
97e4a63591ca439a2b8b7efd20e6e19e,20520,rio de janeiro,RJ
87142160b41353c4e5fca2360caf6f92,90230,porto alegre,RS
fa1c13f2614d7b5c4749cbc52fecda94,13170,sumare,SP
bf100ecb7997df312b285358fb32f92c,83070,sao jose dos pinhais,PR
df47da4ae86fa4db890d05aaf24e21d8,04360,sao paulo,SP
99eaacc9e6046db1c82b163c5f84869f,14400,franca,SP
23613d49c3ac2bd302259e55c06c050c,13660,porto ferreira,SP
c3cfdc648177fdbbbb35635a37472c53,80610,curitiba,PR
2138ccb85b11a4ec1e37afbd1c8eda1f,08250,sao paulo,SP
ad420dd0c4f92f8af951ac24b86d0cf5,38230,fronteira,MG
e8b4225284fbb02d16f200513f1f395d,14960,novo horizonte,SP
c8b0e2b0a7095e5d8219575d5e7e1181,08598,itaquaquecetuba,SP
391fc6631aebcf3004804e51b40bcf1e,14940,ibitinga,SP
33cbbec1e7e1044aaf11d152172c776f,95705,bento goncalves,RS
e9779976487b77c6d4ac45f75ec7afe9,11701,praia grande,SP
f62d7bb4a613ec758a03342d46b580b2,36570,vicosa,MG
db4350fd57ae30082dec7acbaacc17f9,03126,sao paulo,SP
6426d21aca402a131fc0a5d0960a3c90,14091,ribeirao preto,SP
bfd27a966d91cfaafdb25d076585f0da,13930,serra negra,SP
7ade73f1b9b4e965f9009a4c3a7e2c15,17051,bauru,SP
c03121937e54a93fcc1825c3098bbb6e,82800,curitiba,PR
42b729f859728f5079499127a9c2ef37,03910,sao paulo,SP
71271995e85f5b8530be99ed54a91b89,91360,porto alegre,RS
9c0e69c7bf2619675bbadf47b43f655a,12230,sao jose dos campos,SP
3586b8580d9c917874e053a1bb37b5ff,14802,araraquara,SP
3e8bd881d92466e63ba9e3e809cd3c50,20751,rio de janeiro,RJ
8d956fec2e4337affcb520f56fd8cbfd,09780,sao bernardo do campo,SP
e5a3438891c0bfdb9394643f95273d8e,13483,limeira,SP
5058e8c1e82653974541e83690655b4a,08583,itaquaquecetuba,SP
dfa0c4c6229ab200a4a1336b4d7128ff,88085,florianopolis,SC
3faf68a3b0af94b10bac70d86077be49,13825,holambra,SP
5cbbd5a299cab112b7bf23862255e43e,83324,pinhais,PR
ba90964cff9b9e0e6f32b23b82465f7b,07140,guarulhos,SP
23a0ffca143a15b9b5bbdb7d552f626a,13520,sao pedro,SP
e7df4cd29ab5abab70fb0783ddb53987,04122,sao paulo,SP
2a261b5b644fa05f4f2700eb93544f2c,13660,porto ferreira,SP
f680f85bee2d253556ac91be391d2c82,06365,carapicuiba,SP
7ea5bfa6c340f58f8e71fc1f0412b0d6,30180,belo horizonte,MG
1a3df491d1c4f1589fc2b934ada68bf2,89224,joinville,SC
6560211a19b47992c3666cc44a7e94c0,05849,sao paulo,SP
febab0275244b9a49a623f0bd613ca2f,13920,pedreira,SP
d97df38225e5abadaff1e72cb72b823c,09560,sao caetano do sul,SP
a420f60ff1aa9acc80d0e42959f2b313,05138,sao paulo,SP
ad97a199236354e53fcd91a5a913e9a2,88350,brusque,SC
e63e8bfa530fb16910dd6956e592bb81,07160,guarulhos,SP
d57e18d5f73c7ccb7f7339b61166898d,03613,sao paulo,SP
dd2bdf855a9172734fbc3744021ae9b9,31255,belo horizonte,MG
95f83f51203c626648c875dd41874c7f,37564,borda da mata,MG
6b243f80ed07b10f0e8aa0f21a205f3c,81825,curitiba,PR
53243585a1d6dc2643021fd1853d8905,42738,lauro de freitas,BA
7b1222c3624aa89b9558b50a2594188c,15041,sao jose do rio preto,SP
b33aaadd1a8891d2dfef0c4c3bdf0371,13481,limeira,SP
dee656f0f566ed1aa85bd137c943f08f,12701,cruzeiro,SP
d673a59aac7a70d8b01e6902bf090a11,14940,ibitinga,SP
f3b80352b986ab4d1057a4b724be19d0,71200,brasilia,DF
ffeee66ac5d5a62fe688b9d26f83f534,15130,mirassol,SP
1354d51653f645349064725ed204e85e,01230,sao paulo,SP
082e0bf4cb865a6533b1e8e498cc0255,18608,botucatu,SP
00ee68308b45bc5e2660cd833c3f81cc,03333,sao paulo,SP
701938c450705b8ae65fc923b70f35c7,15014,s jose do rio preto,SP
f5f1f2c5f923f36ad79ea1d07185ddc9,19820,taruma,SP
ea8482cd71df3c1969d7b9473ff13abc,04160,sao paulo,SP
5b925e1d006e9476d738aa200751b73b,04567,sao paulo,SP
fe2032dab1a61af8794248c8196565c9,13030,campinas,SP
e0a366315b1b726b6c7832d664c0f530,02258,sao paulo,SP
4e17c65a516f69d023a2ae78b84f28d6,08673,suzano,SP
e3d3b3efac954a60d61be70b7e05b49b,03370,sao paulo,SP
be9a160a9011f627c3e121d076c1ec7b,89256,jaragua do sul,SC
12b9676b00f60f3b700e83af21824c0e,95780,montenegro,RS
612170e34b97004b3ba37eae81836b4c,93542,novo hamburgo,RS
2059c39f76271d4ca3f15b5ffaccc8b8,81930,curitiba,PR
8cbac7e12637ed9cffa18c7875207478,89254,jaragua do sul,SC
2dee2ce60de9709b1a24083217181a1f,78552,sinop,MT
f4c4daa86e30c7e5a553a8d518ac03a5,85801,cascavel,PR
6c1b6d0c604b776f844125f911eb7377,05051,sao paulo,SP
a888faf2d1baececa6baf9c3d603ee1f,87502,umuarama,PR
609e1a9a6c2539919b8205cf7c4e6ff0,88359,brusque,SC
001cca7ae9ae17fb1caed9dfb1094831,29156,cariacica,ES
2eb70248d66e0e3ef83659f71b244378,13101,campinas,SP
6061155addc1e54b4cfb51c1c2a32ad8,13043,campinas,SP
e882b2a25a10b9c057cc49695f222c19,25963,teresopolis,RJ
dbc22125167c298ef99da25668e1011f,37564,borda da mata,MG
048c2757535328e0d7dac690ad3c0aae,14406,franca,SP
b127efdabeffb5d559349c7b172eb75d,04308,sao paulo,SP
951e8cef368f09bb3f3d03c00ca4702c,14940,ibitinga,SP
d91fb3b7d041e83b64a00a3edfb37e4f,11704,praia grande,SP
3d5d0dc7073a299e31fa718ce1bc00b6,22785,rio de janeiro,RJ
688756f717c462a206ad854c5027a64a,07094,guarulhos,SP
c864036feaab8c1659f65ea4faebe1da,83605,campo largo,PR
7bcd7c5f8631701474db233ccf1c094b,02047,sao paulo,SP
9c068d10aca38e85c50202e17b4a7e88,79400,coxim,MS
7c67e1448b00f6e969d365cea6b010ab,08577,itaquaquecetuba,SP
66dc1b1632bd6a3e508510c5b3492107,17210,jau,SP
01fdefa7697d26ad920e9e0346d4bd1b,86050,londrina,PR
eeb6de78f79159600292e314a77cbd18,88501,lages,SC
4bf2f4ee540798a61f9636d12cd9cc80,19814,assis,SP
1d8dbc4f32378d715c717c1c1fc57bae,86706,arapongas,PR
bacb1f0ed56ad24198f5810d2b3fe9a5,12328,jacarei,SP
128639473a139ac0f3e5f5ade55873a5,87050,maringa,PR
376a891762bbdecbc02b4b6adec3fdda,74323,goiania,GO
25c5c91f63607446a97b143d2d535d31,35680,itauna,MG
d2374cbcbb3ca4ab1086534108cc3ab7,14940,ibitinga,SP
70c27847eca8195c983ed7e798c56743,20930,rio de janeiro,RJ
058cb5aeb36d7c0fcae20fc85d5e0a59,21635,rio de janeiro,RJ
0dd184061fb0eaa7ca37932c68ab91c5,07031,guarulhos,SP
777a0c55737f34ffeb78010f7542ab41,01541,sao paulo,SP
c3867b4666c7d76867627c2f7fb22e21,14580,guara,SP
0bae85eb84b9fb3bd773911e89288d54,88301,itajai,SP
058fd0aa2bfdb2274e05e1ae971dabb6,09020,santo andre,SP
08633c14ef2db992c11f840f04fad4cd,09416,ribeirao pires,SP
f419677537694f0462a91990df6ca44f,09750,sao bernardo do campo,SP
5b8154610ebb21fb90eb587365e673df,12246,sao jose dos campos,SP
17ca9b9e9b9ef8fdb529001b49ebb50f,32677,betim,MG
acce39e832338debb07b02385cde5967,32110,contagem,MG
f262cbc1c910c83959f849465454ddd3,03564,sao paulo,SP
432c37c9dfba871172ec162e20118b8c,70235,brasilia,DF
e9511df20ccd82658a30c37b7fb343af,17026,bauru,SP
65febd49fd28ec955651299159b1f527,03275,sao paulo,SP
9a84ba99f5367fdbd4598363496f1ea2,72801,luziania,GO
1987cd4be10fe09ee50454f9c354d1c6,37570,ouro fino,MG
6860153b69cc696d5dcfe1cdaaafcf62,13360,capivari,SP
bf3c6d2a28b2b5501e6c15448982dcc9,04180,sao paulo,SP
49cdc90518a4f82676b38b3c1aa43ff6,03031,sao paulo,SP
066a6914e1ebf3ea95a216c73a986b91,85863,foz do iguacu,PR
6d66611d7c44cc30ce351abc49a68421,04378,sao paulo,SP
3d8fa2f5b647373c8620330c4e077a9f,03031,sao paulo,SP
cc419e0650a3c5ba77189a1882b7556a,09015,santo andre,SP
7008613ea464bad5cb9b83456e1e6a8f,89460,canoinhas,SC
52ac6f920b7280e4c6d30dd94de6259b,83321,pinhais,PR
7ff588a03c2aeae4fbd23f9ae64b760d,07183,guarulhos,SP
7ad32824caee82087b3e2e5f33b1bf32,14940,ibitinga,SP
de722cd6dad950a92b7d4f82673f8833,51250,recife,PE
45ba18c210d42734ec52c0c1c574e9ee,18130,sao roque,SP
6039e27294dc75811c0d8a39069f52c0,06162,osasco,SP
53d00c40e32aeb924a84ce72b1af869d,14940,ibitinga,SP
93dc87703c046b603023e75222018b45,30315,belo horizonte,MG
cf654707ed6a99f112c7ec3d6f314b8b,04615,sao paulo,SP
f0b47fbbc6dee9aafe415a6e33051b3f,09360,maua,SP
2c9e548be18521d1c43cde1c582c6de8,08752,mogi das cruzes,SP
c31eff8334d6b3047ed34bebd4d62c36,13322,salto,SP
b3f19518fcec265b2e97af287725f981,15170,tanabi,SP
b2ba3715d723d245138f291a6fe42594,03470,sao paulo,SP
b410bdd36d5db7a65dcd42b7ead933b8,74645,goiania,GO
6a0cbc8af2e8abd1bdfb777943d174c6,14312,batatais,SP
7ddcbb64b5bc1ef36ca8c151f6ec77df,04403,sao paulo,SP
855668e0971d4dfd7bef1b6a4133b41b,13257,itatiba,SP
95b293867b5862941c9cd74f756a3c68,08223,sao paulo,SP
e62b2d6ac10570a035a30bafcf01d263,05767,sao paulo,SP
77530e9772f57a62c906e1c21538ab82,80310,curitiba,PR
6a8b085f816a1f75f92dbac6eb545f8f,14709,bebedouro,SP
582d4f8675b945722eda7c0cb61ba4c7,11250,bertioga,SP
bf84056e679dbe9c69929847a40e338f,02537,sao paulo,SP
02d35243ea2e497335cd0f076b45675d,59077,natal,RN
1c129092bf23f28a5930387c980c0dfc,02972,sao paulo,SP
602044f2c16190c2c6e45eb35c2e21cb,14940,ibitinga,SP
b499c00f28f4b7069ff6550af8c1348a,13481,limeira,SP
95e03ca3d4146e4011985981aeb959b9,21210,rio de janeiro,RJ
6c177e38df6d3f34182b1f1d427231bf,80430,curitiba,PR
6fd52c528dcb38be2eea044946b811f8,08180,sao paulo,SP
f7720c4fa8e3aba4546301ab80ea1f1b,81350,curitiba,PR
4c2b230173bb36f9b240f2b8ac11786e,03933,sao paulo,SP
ac6417315ae5da8f9a38ee11de6f7780,07400,aruja,SP
81336a0f57a33776419727a300249e90,13560,sao carlos,SP
5d0363b33554b373851fc1622e4d5f3c,12952,atibaia,SP
013900e863eace745d3ec7614cab5b1a,80740,curitiba,PR
c679fb69a36e1d8349e8c50a217b4d58,95020,caxias do sul,RS
17a053fcb14bd219540cbde0df490be0,13843,mogi guacu,SP
41b14765bd56c8ad10971074380f9c0c,09070,santo andre,SP
f00e21b1e91a79653163b7fd8f293ff1,37795,andradas,SP
4e922959ae960d389249c378d1c939f5,12327,jacarei,SP
ca4b77513ac2040591b0d8fae6958380,09190,sando andre,SP
b8630e1121437d41cb08e3c749c2c2e2,25070,duque de caxias,RJ
94e93ce877be27a515118dbfd2c2be41,15502,votuporanga,SP
8581055ce74af1daba164fdbd55a40de,07112,guarulhos,SP
52f0fe436a347ddad7ed5f9aa4e27eaa,01129,sao paulo,SP
bb5bd94c8f59cc050072d2930c869cac,05008,sao paulo,SP
2a7dc43cecabf23403078e2188437d1d,04142,sao paulo,SP
ea566164622c6b439516ab18062c42cd,05303,sao  paulo,SP
d6ab728cf30867cf3f1a2e216ae2f9b7,03185,sao paulo,SP
c66dccfb3f109511246da627dd5a2498,11900,registro,SP
d921b68bf747894be13a97ae52b0f386,35570,formiga,MG
c8417879a15366a17c30af34c798c332,04445,sao paulo,SP
1cd9e0cc1839d55516843def5600816d,03951,sao paulo,SP
834f8533b2ecb6598dd004ff3de7203a,05181,sao paulo,SP
440dd6ab244315c632130ecfb63827b1,15502,votuporanga,SP
16090f2ca825584b5a147ab24aa30c86,12940,atibaia,SP
e06f09ec0a4aca210779cf1cfc63cf19,04773,sao paulo,SP
8a130737016f838139d31878787a39c9,03187,sao paulo,SP
11742f81550ac064cc9a40f67151d9ad,15810,catanduva,SP
850f4f8af5ea87287ac68de36e29107f,04367,sao paulo,SP
0241d4d5d36f10f80c644447315af0bd,80330,curitiba,PR
8e8a7ce9f2f970dc00e2acf6f6e199f6,24710,sao goncalo,RJ
3903c788ded8dc03b5ebab37a2f3e9a1,06332,carapicuiba,SP
897060da8b9a21f655304d50fd935913,14092,ribeirao preto,SP
9616352088dcf83a7c06637f4ebf1c80,87504,umuarama,PR
51702dc2a3e106c76dbff722b5bf0726,13835,conchal,SP
ae45df84722b1d15c5f32b23a095746c,03062,sao paulo,SP
d13e50eaa47b4cbe9eb81465865d8cfc,09210,santo andre,SP
da8622b14eb17ae2831f4ac5b9dab84a,13405,piracicaba,SP
b37c4c02bda3161a7546a4e6d222d5b2,03667,sao paulo,SP
710e3548e02bc1d2831dfc4f1b5b14d4,86600,rolandia,PR
30a2f535bb48308f991d0b9ad4a8c4bb,13457,santa barbara d'oeste,SP
a36b125ac6d5fdbc7f50de85c9157bdc,14020,ribeirao preto,SP
1336efc61c316ddf92c899eb817f7cae,19800,assis,SP
620c87c171fb2a6dd6e8bb4dec959fc6,25645,petropolis,RJ
88460e8ebdecbfecb5f9601833981930,87030,maringa,PR
7d76b645482be4a332374e8223836592,01511,sao paulo,SP
01fd077212124329bac32490e8ef80d9,14079,ribeirao preto / sao paulo,SP
06a2c3af7b3aee5d69171b0e14f0ee87,65072,sao luis,MA
adbc26658d6c7b4b6219f9d934598091,81770,curitiba,PR
d05ae8f7a5bd1d2a690a44cd079e4e27,22775,rio de janeiro,RJ
c70a353f02429c00775a46a75fb787da,08275,sao paulo,SP
39d61be7a92eb77b7da367bd4845bc0e,13420,sao paulo,SP
0eaa7e33d73809f1f925f7d07c506cbd,09111,santo andre,SP
2e1c9f22be269ef4643f826c9e650a52,04850,sao paulo,SP
00fc707aaaad2d31347cf883cd2dfe10,87025,maringa,PR
58e4b302b54937e55a678c4d15111da4,83402,colombo,PR
d1c281d3ae149232351cd8c8cc885f0d,14940,ibitinga,SP
f80edd2c5aaa505cc4b0a3b219abf4b8,03431,sao paulo,SP
562fc2f2c2863ab7e79a9e4388a58a14,13070,campinas,SP
7dc8c42cc750eeafea6c85712ffee9bf,05424,sao paulo,SP
5a8e7d5003a1f221f9e1d6e411de7c23,13076,campinas,SP
3bb548e3cb7f70f28e3f11ee9dce0e59,87040,maringa,PR
522620dcb18a6b31cd7bdf73665113a9,85801,cascavel,PR
ff1e15b778c700abdd4d239b81ac466d,81260,curitiba,PR
85d9eb9ddc5d00ca9336a2219c97bb13,31255,belo horizonte,MG
a673821011d0cec28146ea42f5ab767f,03809,sao paulo,SP
ca7c6bd577e559472af1c699de9e764e,09812,sao bernardo do campo,SP
c8b3445d737de6befde0c88ede534a5e,05734,sao paulo,SP
141440cad9341e553f8401c574a2aa38,85200,pitanga,PR
dd55f1bb788714a40e7954c3be6df745,01021,sao paulo,SP
e26901d5ab434ce92fd9b5c256820a4e,09350,maua,SP
a6fe7de3d16f6149ffe280349a8535a0,14401,franca,SP
aac29b1b99776be73c3049939652091d,38408,uberlandia,MG
54a1852d1b8f10312c55e906355666ee,13456,santa barbara d'oeste,SP
c826c40d7b19f62a09e2d7c5e7295ee2,07133,guarulhos,SP
d12c926d74ceff0a90a21184466ce161,02634,sao paulo,SP
594f9aaa48e5bf431f011ddc5669b0d5,32185,contagem,MG
eba88037e1dca898cd02881f67ced679,03647,sao paulo,SP
f7ccf836d21b2fb1de37564105216cc1,14940,ibitinga,SP
7e3f87d16fb353f408d467e74fbd8014,04809,sao paulo,SP
4830e40640734fc1c52cd21127c341d4,03573,sao paulo,SP
72c5da29406b4234927b81855e7b64f6,07077,guarulhos,SP
6973a06f484aacf400ece213dbf3d946,12230,sao jose dos campos,SP
578460d8319c51dab351cd9db95eadfe,74550,goiania,GO
5f7300535881cef3b625fd683cf7d145,92020,canoas,RS
b1a81260566c1bac3114a6d124413f27,99500,carazinho,RS
cca3071e3e9bb7d12640c9fbe2301306,14940,ibitinga,SP
788e857f317e53de488d393e65a80f45,08280,sao paulo,SP
d50d79cb34e38265a8649c383dcffd48,08290,sao paulo,SP
efcd8d2104f1a05d028af7bad20d974b,16012,aracatuba,SP
530ec6109d11eaaf87999465c6afee01,85807,cascavel,PR
89f69225956f951295ca4c7fb1266553,27700,vassouras,RJ
0adac9fbd9a2b63cccaac4f8756c1ca8,13290,louveira,SP
6d22a1fcebb6dd08c9cd90b92a93e8d0,89215,joinville,SC
7b0df942f46435babab05d49b744b2c4,12924,braganca paulista,SP
f27e33c6d29b5138fa9967bcd445b6d5,04273,sao paulo,SP
6fc26fe110feebd80a433e1f012a84f9,15601,fernandopolis,SP
2f4b9d112bfa44a214bc6cef085d17c8,29600,afonso claudio,ES
98dac6635aee4995d501a3972e047414,02030,sao paulo,SP
a49928bcdf77c55c6d6e05e09a9b4ca5,03017,sao paulo,SP
d624126b9206f595fb3fbb6ba03b28a8,80045,curitiba,PR
26d8a1c7c75d513045798992ead43aa2,86800,apucarana,PR
04308b1ee57b6625f47df1d56f00eedf,88215,bombinhas,SC
e883aa812c37a7413226856f4579fe91,06696,itapevi,SP
c0563dd588b775f2e37747ef6ad6c92c,09220,santo andre,SP
e5475dcab1e07b63d7f6e902d8f5eda8,09921,diadema,SP
91f848e9f4be368f4318775aac733370,03029,sao paulo,SP
7a67c85e85bb2ce8582c35f2203ad736,03426,sao paulo,SP
d20b021d3efdf267a402c402a48ea64b,14940,ibitinga,SP
0ea22c1cfbdc755f86b9b54b39c16043,35700,sete lagoas,MG
be8e909810184b9b19e886129149d8e5,13418,piracicaba,SP
3c7c4a49ec3c6550809089c6a2ca9370,03804,sao paulo,SP
3fd1e727ba94cfe122d165e176ce7967,14802,araraquara,SP
9646c3513289980f17226a2fc4720dbd,12215,sao jose dos campos,SP
8160255418d5aaa7dbdc9f4c64ebda44,14940,ibitinga,SP
bbad7e518d7af88a0897397ffdca1979,01512,sao paulo,SP
a806a4bb063ea7ca6d374eafa50a6058,29161,serra,ES
282f23a9769b2690c5dda22e316f9941,31573,belo horizonte,MG
e21a1e8be4715b0fcfd5385643bc49c4,88715,jaguaruna,SC
b1fc4f64df5a0e8b6913ab38803c57a9,24440,sao goncalo,RJ
63bc58679c44e8a998792119fd7ad23e,05595,sao paulo,SP
a7f13822ceb966b076af67121f87b063,08577,itaquaquecetuba,SP
80e6699fe29150b372a0c8a1ebf7dcc8,83323,pinhais,PR
c003204e1ab016dfa150abc119207b24,07790,cajamar,SP
186cdd1b2df32caa72cfb410bba768d3,89295,rio negrinho,SC
de23c3b98a88888289c6f5cc1209054a,05530,sao paulo,SP
5dceca129747e92ff8ef7a997dc4f8ca,13450,santa barbara dÂ´oeste,SP
3d871de0142ce09b7081e2b9d1733cb1,13232,campo limpo paulista,SP
86ccac0b835037332a596a33b6949ee1,89041,blumenau,SC
670c26e0f1bf8d0576271d5cfaec6d2b,87025,maringa,PR
f4aba7c0bca51484c30ab7bdc34bcdd1,01031,sao paulo,SP
0bb738e4d789e63e2267697c42d35a2d,18130,sao roque,SP
8c16d1f32a54d92897cc437244442e1b,89023,blumenau,SC
f5a590cf36251cf1162ea35bef76fe84,09720,sao bernardo do campo,SP
1e8b33f18b4f7598d87f5cbee2282cc2,02066,sao paulo,SP
1da3aeb70d7989d1e6d9b0e887f97c23,04265,sao paulo,SP
53e4c6e0f4312d4d2107a8c9cddf45cd,13920,pedreira,SP
527801b552d0077ffd170872eb49683b,17400,garca,SP
0509040ea3fe50071181bbc359eb7738,31710,belo horizonte,MG
bba74270a87732727b5a3b4fd9ac1c39,32604,betim,MG
a066df7361163e7ddc5d7452dd17448b,14401,franca,SP
83645b1645cdee8953ee54c29ceed564,85875,santa terezinha de itaipu,PR
5cf13accae3222c70a9cac40818ae839,38700,patos de minas,MG
c72de06d72748d1a0dfb2125be43ba63,46430,guanambi,BA
8ae520247981aa06bc94abddf5f46d34,88370,navegantes,SC
4a3ca9315b744ce9f8e9374361493884,14940,ibitinga,SP
4bfc7a4a1cf8d4d2121c27422d9e50b5,03111,sao paulo,SP
634964b17796e64304cadf1ad3050fb7,21840,rio de janeiro,RJ
3078096983cf766a32a06257648502d1,13720,scao jose do rio pardo,SP
014d9a685fd57276679edd00e07089e5,87015,maringa,PR
bccf933e006e9b94a6184af782963e77,19806,assis,SP
b33e7c55446eabf8fe1a42d037ac7d6d,14850,pradopolis,SP
218d46b86c1881d022bce9c68a7d4b15,14070,ribeirao preto,SP
813348c996469b40f2e028d5429d3495,13206,jundiai,SP
3b15288545f8928d3e65a8f949a28291,14940,ibitinga,SP
76623fde66e6b63b59440fd34160512d,07124,guarulhos,SP
8e6cc767478edae941d9bd9eb778d77a,38442,araguari,MG
4992e76a42cb3aad7a7047e0d3d7e729,03334,sao paulo,SP
8b28d096634035667e8263d57ba3368c,12243,sao jose dos campos,SP
4371b634e0efc0e22b09b52907d9d469,02028,sao paulo,SP
bd23da7354813347129d751591d1a6e2,03971,sao paulo,SP
8f2ce03f928b567e3d56181ae20ae952,05141,pirituba,SP
afe0067131b73e40875c9b6c10bd2e21,35590,lagoa da prata,MG
85cc55e048b6bcc90c75afe7f0e72f72,27345,barra mansa,RJ
c458e2045a8aa8964f8879af03fdcce6,09572,sao caetano do sul,SP
31561f325664a8a7aba4c8d0c3a9b3db,03287,sao paulo,SP
a44fb5a447105f8469bdf16bf9159f25,91920,porto alegre,RS
4869f7a5dfa277a7dca6462dcf3b52b2,14840,guariba,SP
37515688008a7a40ac93e3b2e4ab203f,17900,dracena,SP
bfd938b22bc99bce1ae60dc602889f52,22775,rio de janeiro,RJ
c12b92bf1c350f3e6bf88d3596219c86,17400,garca,SP
ffa6adafb71b807dc13159e26431354c,86030,londrina,PR
080102cd0a76b09e0dcf55fcacc60e05,31140,belo horizonte,MG
0fe2d9733ed841eb064503920015a8c0,19906,ourinhos,SP
b2ac621f0d0322434d04a12b078b9369,80220,curitiba,PR
17306570e772e7718c92a562d33f5f1d,17250,bariri,SP
244c2f1bff6afe1f2eaf9bfe9b2aed38,08832,mogi das cruzes,SP
25e47381a6c510ddeb36084e33b89f0c,11720,praia grande,SP
4d6d651bd7684af3fffabd5f08d12e5a,17209,jau,SP
b76dba6c951ab00dc4edf0a1aa88037e,03237,sao paulo,SP
b4ffb71f0cb1b1c3d63fad021ecf93e1,03880,sao paulo,SP
974cf2cb8f4b7add98709c30df02fe10,14802,araraquara,SP
3c487ae8f8d7542beff5788e2e0aea83,72460,gama,DF
5b85809efd0d0e4dea1a9544e1280ed9,19020,presidente prudente,SP
056b4ada5bbc2c50cc7842547dda6b51,26379,queimados,RJ
6861de0f40cacb0602e473c51639f980,80420,curitiba,PR
c9c7905cffc4ef9ff9f113554423e671,06871,itapecerica da serra,SP
75d34ebb1bd0bd7dde40dd507b8169c3,41820,salvador,BA
e5e33c0d8e7e002f398f5dc4cbbb338f,17032,bauru,SP
9906e7aa42a3c067b7c9a564d01c4320,87065,maringa,PR
403aa86912527d730337ffcb0fb096ab,30220,belo horizonte,MG
a5cba26a62b8b4d0145b68b841e62e7f,87303,campo mourao,PR
1025f0e2d44d7041d6cf58b6550e0bfa,03204,sao paulo,SP
891071be6ba827b591264c90c2ae8a63,03872,sao paulo,SP
3c4e0452bff7a2a788179488d3d77032,83408,colombo,PR
ea1776927851da2532aa70d6a32c095a,08223,sao paulo,SP
827f8f69dfa529c561901c4f2e0f332f,81880,curitiba,PR
a1043bafd471dff536d0c462352beb48,37175,ilicinea,MG
6e4a902d1054e4e17aa6eab87fac1c75,18090,sorocaba,SP
92eb0f42c21942b6552362b9b114707d,03504,sao paulo,SP
2709af9587499e95e803a6498a5a56e9,03813,sao paulo,SP
b17b679f4f5ce2e03ce6968c62648246,14090,ribeirao preto,SP
ce616e1913288884e7742faac9d981db,06711,cotia,SP
a1474fd46fd3430168f7ec202da39408,83321,pinhais,SP
0db783cfcd3b73998abc6e10e59a102f,11010,santos,SP
431af27f296bc6519d890aa5a05fdb11,14110,ribeirao preto,SP
0be8ff43f22e456b4e0371b2245e4d01,04461,sao paulo,SP
1835b56ce799e6a4dc4eddc053f04066,14940,ibitinga,SP
13d058e4eeac2ce8217660b2f8a05812,06080,osasco,SP
e48b04bf1aa1ef711caebeb7aede6180,80240,curitiba,PR
f67efa3f0b6761102a7f8c6b7b571f5d,82300,curitiba,PR
5c243662ce92d84573bfaff24c3e3700,03702,sao paulo,SP
fd386aa7bed2af3c7035c65506c9b4a3,04208,sao paulo,SP
1b7e5006cb25dd23ce8686691013b121,02350,sao paulo,SP
f8db351d8c4c4c22c6835c19a46f01b0,13324,salto,SP
1838dd9b8977065acf51d95e0053ea7a,30882,belo horizonte,MG
3a490ba60afa30ece0e7d50cfe74a4f0,31365,belo horizonte,MG
2199e7fe213c16213bf5d6a7eadc9a5d,11900,registro,SP
e333046ce6517bd8bb510291d44f0130,18950,ipaussu,SP
5a425cc503b39b262a847fd6212bf53b,86010,londrina,PR
270297ead4c65a6cd2593960d2af6b21,04696,sao paulo,SP
2addf05f476d0637864454e93ba673d5,70856,brasilia,DF
655220df33262c7e0c4949a147366f94,09951,diadema,SP
f4ce8ca9fa7157e3b33f536ac9a4487d,16306,penapolis,SP
de9727ca376d1be6ec121b110aa7954c,87114,sarandi,PR
70a12e78e608ac31179aea7f8422044b,12327,jacarei,SP
ff063b022a9a0aab91bad2c9088760b7,09171,santo andre,SP
25cf099de44674fde97473224f9d59ab,06716,cotia,SP
d94a40fd42351c259927028d163af842,37443,baependi,MG
0885aaf116795758dfeb5f1032487bcd,08541,ferraz de vasconcelos,SP
2d2322d842118867781fc737e96d59a1,05879,sao paulo,SP
e4fc40017a6d22c46a14ac2e17f87c3e,86702,arapongas,PR
2bf6a2c1e71bbd29a4ad64e6d3c3629f,28615,nova friburgo,RJ
7c4618c82226628831613e95e9c22f44,18136,sao roque,SP
06579cb253ecd5a3a12a9e6eb6bf8f47,04007,sao paulo - sp,SP
46dc3b2cc0980fb8ec44634e21d2718e,22240,rio de janeiro,RJ
81f89e42267213cb94da7ddc301651da,19063,presidente prudente,SP
70eea00b476a314817cefde4aad4f89a,13250,itatiba,SP
7040e82f899a04d1b434b795a43b4617,01026,sao paulo,SP
20b54c376b794ed028df09a3cd88e8dc,09560,sao caetano do sul,SP
42bde9fef835393bb8a8849cb6b7f245,71551,brasilia,DF
66922902710d126a0e7d26b0e3805106,31842,belo horizonte,MG
1900267e848ceeba8fa32d80c1a5f5a8,14940,ibitinga,SP
0e982cff76cc0579f632cea8a0e38c9d,88316,itajai,SC
6ee85be3693ed79a8e80718743d80655,03937,sao paulo,SP
880eda903e719a5f179f7e9fceb3a69d,14610,ipua,SP
c18309219e789960add0b2255ca4b091,20521,rio de janeiro,RJ
17e34d8224d27a541263c4c64b11a56b,14085,riberao preto,SP
3c03b12bab54d8b37d79d914bfdb1aa0,25561,sao joao de meriti,RJ
9d5a9018aee56acb367ba9c3f05d1d6a,74930,aparecida de goiania,GO
f9244d45189d3a3605499abddeade7d5,03029,sao paulo,SP
198c7ea11960a9844b544d9bcdca860c,37590,jacutinga,MG
66e0557ecc2b4dbea057e93f215f68d8,04771,sao paulo,SP
228e4c1a0be164f613d41c24345f9d2c,86360,bandeirantes,PR
c70c1b0d8ca86052f45a432a38b73958,13186,hortolandia,SP
