customer_id,customer_unique_id,customer_zip_code_prefix,customer_city,customer_state
f4a9f3a779e9783f7c992f5723bbe3d3,09d4fed6320030973607491be508c075,12420,pindamonhangaba,SP
b09ff235742f48bfa743f3e9474d36ef,016a5760b723a3a0bcb4b294d4bc6b45,7197,guarulhos,SP
0d084e109d08dc18e40858b407ce7c6b,0b7604941dd811e84ae22ca3b90a49ff,11320,sao vicente,SP
9522d39cabd497bd4bc5fb1b226cd5cf,774efd8e5cc822162e0af7311d81f5c1,73780,agua fria de goias,GO
3d14ef1b615443e8569574ccf4c70ffb,57d2e3a4c3b277bea367027f105f1c02,83209,paranagua,PR
cf72b318eb9cd0e7712a2c1bca227789,d647ac91ff870deee189d7cd0cbf2380,9530,sao caetano do sul,SP
e811ef51626307094e57cf8d443dd4fb,5a6012519d0cf9a2103bd2170a81b833,18110,votorantim,SP
6c3eb82bd1bc98eeb319254fdb38a2da,b81208443af1b894742a304cf0f86b9b,13346,indaiatuba,SP
066a9e746ce5eead40d2afa9bccd3d7d,227dee340139e8c2f57bf05bcb1246f8,4171,sao paulo,SP
8ebee0cc741eb27e8501e4b4e3c6422d,8e990907b56d2383d3a39bf0cf9a3f42,65067,sao luis,MA
5c78528de7bc16285f19af96fce88f02,e6925d3e39cebd0f699008b248e58361,13208,jundiai,SP
ad9ad1bbc3ec168f6d7e7e5637788fc3,f00acae66459f1828fc1feba2c759fa0,9619,sao bernardo do campo,SP
0266506e68e7eac1c7f726da057c28a9,3341514b8049f4a268e4188fb0211d34,3127,sao paulo,SP
f37e018586ddc359d2f1ad32f64ff8aa,5538f4cb054b71b5525a019a47019aa0,28735,quissama,RJ
b58dcebd1080a35715998c1c6b9f4d81,99da196553d9b67b1c762a712a8caaf6,42850,dias d'avila,BA
88a98577c0d60c958eaaab2bf1e57f2b,5f906880e2ce13b655bd34d324a48ea9,11930,pariquera-acu,SP
1cf11582fcfc4e9b387dbcf13697a623,4e7d084161eec682220d0adeec4eec8f,80740,curitiba,PR
08a761b27ad72e5fa65e351ca23bb2f5,620b267bdbb662197c42079245841d2a,13013,campinas,SP
85eb23c7cef0b97eda81a956c3f748c7,e855df677dcf0d237ed583793afd7988,51011,recife,PE
a3cce16d1def5991f7314b717b373ab4,2e61a8d70f5bd8fa8dd742ed198aceaa,4742,sao paulo,SP
11ead7c657fc4f2412db1babe52d1619,6144b9dbdc89758b47e87e2e73f4db09,71691,brasilia,DF
67372e0bce729cebb559886b6c4d9e2e,c9fff85f2617b8e1a78142aa11ee962f,16057,aracatuba,SP
62beebea8629d73ab3ca95c23ed239ae,aaf19344c14447167191cdd3d7530acb,33400,lagoa santa,MG
2fac2e14733a2deb5e7b5973ff95b115,070faa17ae87e63c0cf50efe8287e913,17980,panorama,SP
dbf97c157f82439aa4e22e65e10ae811,612db24bd7ec741c98823a46c73aba21,55540,palmares,PE
fc849c5fbc7e2b0c7cfebc138886c693,5bbc03d010ac4dbcfdfa2018349c8f6e,28148,tocos,RJ
e4a1289920c7a33574e0433abd5b90d7,24cd37bf2e8fad096bc0b807541311db,90480,porto alegre,RS
bab91c3c25a207c83b5c95392df95163,7d5c4bcaf5e9ce14f2ac132ed39b1bb2,5890,sao paulo,SP
2ec58f2c612ff2a103859e7615e10a52,6f44e0e9c2553c98d619d8c5394f984f,5415,sao paulo,SP
94b1e925c0b906a75bd2464a24243db3,5363a5cf51015b74dc3fdac330f8af9f,9230,santo andre,SP
db1f2c9256482f22307b39827a99f732,aa591348866497ba6bf83de62e4f8813,75400,inhumas,GO
896aac6741f1b66d32a3ef9a02617e90,233c8f191c45cef30af148a82ac70020,22441,rio de janeiro,RJ
fb611ba8817096ba3bdc1d9807f5cdac,2faeae5eaf2e2e108f1473280bf919f8,25620,petropolis,RJ
1cd146c5b0b02ca65ae036c0dfcc2f3f,f570a5be59e27679024a0ff2cdf0fdf3,4569,sao paulo,SP
abda0fc72e1f8c32dd8291c542e273c5,7b6cf676f9a88c5559a3d881a35f8a70,32310,contagem,MG
279b18bebb145265c6490f1de02cd947,2ad33e0c71ed7c9e41a44e185ae05581,4917,sao paulo,SP
48dac436905723c1a5cdaf40bb3c01f6,28e8bc8726f48a7499dea689d3f8e0d4,34800,caete,MG
ff56a290f17f6ce95604d2e7c1bd3ab3,ea66333f17fa50810ec4c4c27e4b2762,74160,goiania,GO
fb78c8dbefdc1d9fec4507fe77045390,6275d1ce85a1a720874e15b7c2c731d6,81130,curitiba,PR
75c435ed38ebed76da849c31086b8ebc,2a440c0fe541cbd4de1598483d527dc3,28035,campos dos goytacazes,RJ
5c2bab9a09604f016d9ccd13242db649,b849f49416bd94ee6b0a4d36fce5b3a6,21021,rio de janeiro,RJ
5f3cf131f81aea5ea90fde7a77feadfb,969e62a47aec03c735127e6f11ad6564,13063,campinas,SP
de4c2b462c44197b26b6e596865da44c,341b6946aa6278284d3986112c43def4,58078,joao pessoa,PB
55f97f92c63a40b9f9591f26b4e22de1,67e529188d2da2f4f12220e16fe2c371,8225,sao paulo,SP
fda9a2bf4f0b8d64bf713e261189a2bc,78eedca806b2985523d1629c15738a16,7411,aruja,SP
1de5dc5b831942a9161baef126e93870,d68ed97669e9cee5b36211dbc592f4b4,19023,presidente prudente,SP
d8ffafcca7e2d9ee5d8e7cbd7a2eb524,5c100416976d9113369919942548bea8,29151,cariacica,ES
5dae3234ff8f2891c3ce08f65f791d1e,6e28e785f4011cbd0616332a9db3d1aa,78716,rondonopolis,MT
3663cf3c9fafa9cc511c4d990ea35326,e80f396188991ae350a0c187e8740e97,7032,guarulhos,SP
f0685eff82fe533447ab1a84c25704c1,142d5012ea65ce29d5da43345b01ae0a,5128,sao paulo,SP
55c9db9425ab8c9ee904753ebb3e9718,e1ea7d8ad8c1ff3197216e53eaf035c2,6606,jandira,SP
0c6ddd0fc46185e7fd0bb6d767bf4d36,daaa4bd4b2ac37cd00efc852878b626a,77360,parana,TO
6585b54dd5ac7f69a3ea0b4c6d6ed130,6e90e6c9f3c5677e9d9ce080b95eb0ca,4001,sao paulo,SP
884e5773f9ec5902aec38d330c7daa7f,027179319d6e0b4958b300ba6e9e35e6,72145,brasilia,DF
0ada8a74b033323d122247743366e898,701635fe6869cd63932e89043b1f192a,55385,lajedo,PE
ea5a701c34fae54a0179667dcad5dae3,2ffb7a06b085e1816d81d1567c221127,13189,hortolandia,SP
acb4334d42e78620fd025c2da7847bd0,1935ab012c65b828a0ad8417e5cd7991,61933,maracanau,CE
691baba358611db5368f5441c8975113,c4b3fb0afd96e4c8c71544058d5abf6e,75640,piracanjuba,GO
e19b49a1c05d6f9016f3cabab37fb45a,4bf09edbc9088f7b1767c07a710736d2,83370,antonina,PR
86d7e0b2821894373d67a03352affdcb,146f4256a3f10b6522215a138d9ac678,90640,porto alegre,RS
6e1291c1d47555fbfbf4fcfbfc13fb17,4746c99fe8b7985f53cb6885c456defd,73360,brasilia,DF
f9e02bc10bfffa9852c78f6c9a5d06ec,61a4b58907f77c00708c478fa419af3e,3508,sao paulo,SP
3703dabac361c6249a0d8d21564fb925,edbd256c62af7487800128f3c7ac7e9b,5017,sao paulo,SP
417ba684f004a0a409878bbfe65cdf3b,767f4654c72d8b9de7c937321fe1b78b,36205,barbacena,MG
4afabb31ddcf1de88f110a045ef355da,3aec9c5f3d62cad53b6de5fe84ece768,88600,sao joaquim,SC
b494a22912f25bd9fd639019c32607ca,8faed9f9905a7647bb40da044ebcd769,98700,ijui,RS
6b05139c22666edaab8363c643187ed1,cfaea24d4b0531636fba2b3f22f2c919,4960,sao paulo,SP
69d14927f98708eef99ec0b5d3e2a37a,67cc9e01f369c13b1b2efe553ec7b349,4696,sao paulo,SP
f5d8041d9f4ad5b0499a6dcd698577b2,e4eae0d0e154d460ecd621bd01299426,7061,guarulhos,SP
4428f44a71d4ed03fdaa62d4ed852f12,3aaafeb4d8f3e1c48c172b1894f711c8,6793,taboao da serra,SP
c6a15026437250fd96680f784d665e01,1427d43f0ca16b9d318d4bc18dd1a1b0,38200,frutal,MG
d2e258817e38dd6847a2dead3bbafc05,0a3ce869b8386af24386cb035ce6f2e9,5432,sao paulo,SP
be803b9fe5a431219ecfd15e355099a5,12655f5ad85082fdeebd425a6c97d420,2842,sao paulo,SP
555cc3325655e6de190f2ecebf14110c,390f11b0deaca217b570a5472cabf8e6,13070,campinas,SP
30fae2b7dc2ac59de3a6bbf85cdd9db7,ed26fedad59154e7fc00cd7c1623d660,12232,sao jose dos campos,SP
406c04dcbb14cfc2efdfa97866b1f17d,94dd49b40685c47677d891ba82313620,71015,brasilia,DF
e60d09530ea34dd2ad7a33d35bf73086,c7ca47747878996a42d992f15dcf023c,3386,sao paulo,SP
0bf644fc54b89e3ba5b32c2b9e618de6,9065ff1d98e9831c8b9444fa2710d313,37502,itajuba,MG
9f953bb4452203555445d713827f1465,f38e382731af9143e1321a49534c395d,71937,brasilia,DF
d32c1be9389b63d5e611ae874bf4403d,6d9284ebe2826c96d9be5d939fd7b1b2,24027,niteroi,RJ
8dcc5cd0569e6c1cfd0444e4a26419d4,c6b482cd350f5dc9a48ec4c1292c72bd,59200,santa cruz,RN
c7f827df881d513428043f6c8153eb6b,bdfcfb95b8d3e5792240bbd5108a7096,75106,anapolis,GO
2939a5df4e8439863d6ef160fdd53295,98127c719e42b8d7a589415d6649b0d8,8530,ferraz de vasconcelos,SP
3ce9063b1f550cca16b3946b3c4ef694,2580972c3ec1cbbb77a591613453d925,12953,atibaia,SP
220a1f1adf2be499250db06cd27d0a1e,fe6ceb39e4c3d9cff52e95de1eb671ad,26266,nova iguacu,RJ
dd22f1d0142d9698c0848674e843525c,edcc7ce9b67e904a02c89576d13e1ada,1314,sao paulo,SP
e312f3c85be577c566c09d776b380735,b4afb55d2d38d9bbe0b83ec108c3e77e,3733,sao paulo,SP
fe476fb992cfac604d990a6e8b50a434,a239165e9cdb4caa2391755d6d61d3b7,13186,hortolandia,SP
8194ad28cf37555c0e649b4ebf89ddb3,60b556b3cc0a84c4f3f26416a3f2f544,3236,sao paulo,SP
5daf8a84ec87f4988b337626369c4dba,c02250fc9f9a3ef97113f4cc1da3a89d,73900,posse,GO
ad530f0385e180b5b52ffe8cb9658bca,977f002d10638d866aff55166707c13b,58880,brejo dos santos,PB
b8ad74fa0f4c5b9fad84af6809c95105,2dbb34111f2ad2b0e47bbb8ee29a5b6f,14808,araraquara,SP
8aac7e3ddd515089585bbab2b7d85aa8,1d34beeda3b2d9a16c418c0d1419bdea,45710,itororo,BA
5e802d53b291e129b462409e56402786,18487b1864e346cdfac83d441d8f43a0,56460,petrolandia,PE
178e6ac2e067591cde169461107ac469,bf67bc97810b5410358114fa589ba7d1,87020,maringa,PR
eb68e8ebd5a36d827e0c55b8d535fea3,d9ee904276e298eabdfd0cdb2f03d7f1,13940,aguas de lindoia,SP
af31beb9cb1ad7f0dd644d33b9e9ea44,1135e8dd0e81f7774a8d597380ea949f,31150,belo horizonte,MG
625ebee3bb8680d39f443c840f5afdaf,4935bb1bb7c09b682d4c224503e37861,13058,campinas,SP
887b8a65e05f6ac52b0084002f88b30d,bde6157addccf5749c409e1333ecb108,13045,campinas,SP
5a9c24ae3a1031f1439b260a24d14f36,a6abe15d926391d0b739f4f60ae20b43,17700,osvaldo cruz,SP
344423c2e26d47d2b6d3dd363a89e812,6ebecf9718a9fdd2d34ea36f36501420,9950,diadema,SP
7cba2705c01b76fa986e0efd815d3b09,d1188dec6bca7728f5fce5f9dc4239b2,13145,paulinia,SP
b2bbf530455f67fe10265197326aab8e,d4318adafb89c4b369d6633e1739795b,4195,sao paulo,SP
778765c3508c03c80697308b8ba5aa3c,7b44e3a5d8850c01a367fae144a9f7ad,5797,sao paulo,SP
94df3c23c37dc051dbb2f1d03a3693de,3603d5e336b125a3f5f659a1252a29c3,90010,porto alegre,RS
6f25b294d48cc71893594ae8ace3056e,0aa18d91a45ffe9217122c0e4eaecbbc,14160,sertaozinho,SP
adbaf853316ae66a289a06231c4e0a4a,1e7586e6b00b3d601db2b79455119075,25730,petropolis,RJ
d37f9472ef5b98a17bcf2716cfe87cfb,b8d6726ff3273508665f2e2f5e389eaa,72016,brasilia,DF
a539b9d6f9045415d847df7fd525d2bd,59ea36903f78d0d954b0fc11c6203542,22793,rio de janeiro,RJ
4f4ed20c56c49d645e19d6e63e37517e,a5e903dd1104eac0c60b4ae4f61256be,22790,rio de janeiro,RJ
aed3f1f445a4ea906938e139249662a9,d6bc0e1efd0d78e7ca81be2865110c6e,4820,sao paulo,SP
a780609535c7b7ab858f53daaf25c628,450050246ab04a3eb2778f7aceb2fefe,35603,araujos,MG
d6e5a4173470d0e38dcff1153aba6397,4cf4dbc82dc5faf26d7f363ed00a4441,69018,manaus,AM
e25f3c0da7eeb0dd9bb46770cd17a61f,29cf32aa7e303f6d2bb67ccb6be7cac9,44082,feira de santana,BA
8d0705b3e380f94aacb2c36ecc0bd425,728c940d821dd0f5b9cb7d77cba38803,8431,sao paulo,SP
b2b4d80645cd613edb31955f2e5f59d1,730dc8ae933c09adf0f7d56967e0c804,9843,sao bernardo do campo,SP
8a2d8ef5b8f61f14709d8de117293969,1c3598324e7d8c3e34e255e101a6e7a2,40435,salvador,BA
1f71fab0d389e193f5162fde6227fb2b,27517ed34c0406fe07b3a806e33cbc10,24416,sao goncalo,RJ
dc31258635460c1b340ee7c16485a60b,bb0d622c231d592d46e032d3c5dca6bd,91540,porto alegre,RS
936eec24610ffb239dfdef99c2411122,507867d3d755ceb1ddf5dac3932b23cc,88058,florianopolis,SC
5a1e1bd65193677d3cec2a77ce02bf18,2c166cd7d00f0e0af5deb570d0522507,13880,vargem grande do sul,SP
01214c5f31d06b6da030e5825b431446,9cd889bbd0b3e67db9d57ff266c44d53,4739,sao paulo,SP
a0786a9a0b79d012f0c4558a7744c594,af10a15ceb581a565c0f8116f8fb57cf,83331,pinhais,PR
458a7594568f442693c952daece0fd1f,fb3c2b037eb60ad2234266e7ba955715,3088,sao paulo,SP
6ee45baed0289293ba172055f0dd9011,4f88e6285f805c9a823ba23291a65ca3,26276,nova iguacu,RJ
efe064b5515dd171c84ebd7ec64ddd2c,1403b49485b8aa0a7880c320ad233fda,2033,sao paulo,SP
725ba0268900143556050bd3513a3369,6c1a470cc3b59370f0c874af9d0959dc,37540,santa rita do sapucai,MG
4dfe57404141dbca39b1eae2ec077e78,930ff10207a0155e4d569dc1b66714c2,72862,novo gama,GO
3ee66d65dd46cf1a5839e7198b9eda59,22e3532b0ba6ea86eeb245602282ffa1,90460,porto alegre,RS
0d8111a81ce6ed7cb969e28a01392f63,1c7255916dd10f4dae06f9f3c307a393,29313,cachoeiro de itapemirim,ES
67a6887d8952c16de0e49e6ad2d6e2a4,e1a3369d056da99d86a2a35b3eb18ac4,30580,belo horizonte,MG
ecbefacde17c98967b427a3a1f98880e,54a6ac9eafde53270240650b842f57ef,22735,rio de janeiro,RJ
4e364c106217fcf45f21a4db793866bb,b18983823f3259d8f50a36496ea84a8d,7990,francisco morato,SP
48970007c61cc12f2624b1212e10419f,086a1331b5f75cf51610065e3ae36425,3638,sao paulo,SP
3b0841e521dffa992a8ef9e4e00b2c9e,caca4ee1e654062eeef97972b8e24807,95590,tramandai,RS
b7972dea0691475465acaef017a83fce,00ff5e862f825ac56e5fdfaa6b69dc51,13211,jundiai,SP
3d9b3665a39eb741b1ae50706cbddb8d,04f466d6234a805ba36301c1d054b343,89270,guaramirim,SC
5add6659c12e55e5d6379c8ce5786512,a46ae738be98cfe3a3459bd915ceffc9,94935,cachoeirinha,RS
437820aa4853d90478621dffef1aae45,a50a18d0f932c1cf1dec68cc1d281d8a,45930,mucuri,BA
c41577db6be598c85be04a2d94c3a8eb,72f53729755c1d79da47eb9041f5f4b6,9411,ribeirao pires,SP
e6c88425cced764e5c72f44c9d8ef940,842086dd425ca0aae2a88988a0eac805,35300,caratinga,MG
f778aadf83ae85d8364c56f1daf01234,02bb821f9cd6c3079ecb9fed96232e18,13201,jundiai,SP
74a975276d0c266162d2ee51a6fccea9,c87e6bc73afbc7838281b585639835a9,44380,cruz das almas,BA
e19274edf7a9c51689822810be84c9e9,854c37b10f4e835f6bc91355c9a7346c,5772,sao paulo,SP
1da22604a27387196b8a4cf970336f8a,445fe2796a13dfb132a86c2a27ed2bed,22060,rio de janeiro,RJ
eab2880591a21d4581a807d98d67f489,8291b8ed19153d9a5963404db18ece91,5501,sao paulo,SP
4ac279df237d79f58d8b70addc6e5d4d,6d7dcece246bf88e8ee4b1654441749f,29141,cariacica,ES
9d20953453325b0f8badf470f570f98c,186e4b97d2704e8b76235b8d7c5d38ab,6780,taboao da serra,SP
2f3524f7d4156e3c4b08227bcc982d66,70afcf62dbcb85ba639147332897231a,4302,sao paulo,SP
d6e011b818659fed8cfa433ec3bee9fe,d9ad1a4f3055a4d3cba840034166b1a1,13091,campinas,SP
a55b85ff2960e23e05447c3c371899b0,44723e30324b2effd5a8247794af92c8,70680,brasilia,DF
dd9e543aa63df2f0c0b15dfd977f650b,1b77b55b731433f029cc2bf190bd4f35,9560,sao caetano do sul,SP
4b118c6a2f825845bae401ae5b1b993c,5a96f34f3afcd6af757054cdc60cb877,31910,belo horizonte,MG
7fd14a93c967b606432018bfcade5e71,14196e33a5ac649e7f47822c61821914,88110,sao jose,SC
c09ec34dc25bd644243e3e72f4065ec2,e37fea4e2c366f2dfcde193122962960,13083,campinas,SP
f2fd5f74881dfb8d8fd5e0010a0b86f2,79c481d31d793a66a85f43af431eb745,75803,jatai,GO
98fb13b264449f06da6834b86e0693a8,f27ce86890789e9bc697ee9d66e13860,70673,brasilia,DF
9c8c7021766b19f1857d1af3e458ec3d,6b52d3725aa7cca24203308be666308b,20785,rio de janeiro,RJ
263d3314eb124da16668b6968c381690,864c5e4e1eb2432a0a373b4bab423ebf,3025,sao paulo,SP
993677d5b12e91002d0d47c2a782a7d1,b983a8b74d888274c822490b2b4a1cd5,24111,niteroi,RJ
05e8586e1ca488defddd47b5be9179c3,f053e082c3563fa331d4cd0c5d8ec177,18132,sao roque,SP
04ebc2712225141ac34d1ba5ebee0629,4ef3ac5b2ceb281d80969e089bcc0374,13569,sao carlos,SP
b31b5ecd79d2528b3340abb86f5c2a4d,a1f056aa9823bc1fb8206b00a9be412c,6160,osasco,SP
a7077f133d9d048e55dc77a59d97c83e,f175a16d4e5581676e72c0d321d9ff7e,84015,ponta grossa,PR
f68c9552d4a213e753972820790aa3fd,91a7d936d79504638afeba42ccfb4449,89300,mafra,SC
5b31d1ba9e2b08086f398b79477962d7,f11555b4396eaa69a4c0980aa3522648,78705,rondonopolis,MT
083e90e0576402957154264852d4b8ca,8b480743fbc5cbebc7c83868fa796001,53437,paulista,PE
fb60e1236b474808fc33b9d2bf26d323,27a79a1c25acfaf04056f8be771fe8b3,89899,ipora do oeste,SC
e6fe99ccca7205804697a0aaef1539fb,5a9bf3d0461db198b67ae2df9fbee11d,14090,ribeirao preto,SP
844dbd978c6fe91dcaf59a20e93de660,05e8ff8236c9f7b774fbc76fa4e23763,29295,vargem alta,ES
1c141ff3d234a4ea775feaf7d0024a59,cc8e5ca7b38506fa626340b3c84b6d89,87005,maringa,PR
82394d9ee9f28882adb2888d34b4d164,23590c2eb8f2bf0c195c08ceb5f00658,5362,sao paulo,SP
d3878d302b1f3a54da025c3c593c48cc,2f2192bae640c8202bf658d11a66a9c8,1254,sao paulo,SP
dbf371c0a6ca1ab9a8d156fd12c8f8d1,9d792a9ca9595172b8d35a2428ce6c11,20550,rio de janeiro,RJ
1b353c00c71689afba44554e43cc5a76,83c6df0d47130de38c99cebe96521e8a,80220,curitiba,PR
a50a163029fb5f7935f311cfd2f5c6f2,37e36b040b4b82b5780f36fff4cf1f4e,74485,goiania,GO
68c3651d6752a9bf3b7797626f200e06,8a89a5f322060e82525ac4509b9041a3,12948,atibaia,SP
97e5ea711c00ba54392bf866a7d5f1e0,381a91201a6359179846a3e9742fe9be,87035,maringa,PR
54c424fd34699c65ea6d0c12a80e4a72,3c1c6073be5e02b8f2c564a71d6874f3,4205,sao paulo,SP
3c71dc159116331b7643d296a921f725,dfb6c5f0a9757047b2b686bf88afac32,6708,cotia,SP
17abf348943d3a3ad0573f2910035417,0d7aa07091b3e786159120634f396abd,54080,jaboatao dos guararapes,PE
1373cf3dd7bd65ead85da26b09d4ac41,cca0adec0a3b226a6f181d73f4387aed,81490,curitiba,PR
1e46b29a43929d0f05b69dc61a3668aa,714ffea1de3f5bb655da5a3a8294cc87,24727,sao goncalo,RJ
ef019b3cc077faf03d999168daaf8d07,ac5c80edeb6db099ebffbf3e53ddcd69,9961,diadema,SP
33a3023585bff9c06044bdcd92c95b4b,2e87695ef69b7236c17c1f1e021ed36a,92500,guaiba,RS
e626896a14e00a84683d8cf6f8c30a5c,1fd757ea0752b06b76e96094d3535f58,95185,carlos barbosa,RS
2c4bf1b6bbd370f8ce5380fd47458fd6,31e0eb64c5eb715aab04433200ea4ed5,13283,vinhedo,SP
5044e8b37438c40fd1ec142dfb1d6807,9140d8cf5d92b74fd35c00e69a94146f,24210,niteroi,RJ
3048281f246c7e5342d10ac837c5c8ee,58e217b3560092a2aeb535376685dc18,89610,herval d'oeste,SC
70685ed2b54ea53d14b41a1e7c57b06d,81886a904fd1466adf8129fc130982af,17013,bauru,SP
70f95a47532d0a1ffd3b15302f61a1bf,34b6869483f9c2ebecee59d3be7f6416,38401,uberlandia,MG
a5dceb0a120a9b028d3d4582422ad480,9b9897a77c1c330dde78a7755e7da760,40375,salvador,BA
6aef8b4eabee28b90344d0d4611df15d,7c22a046cd18a2bfe87c79e63791c4d6,60335,fortaleza,CE
9a4108082d43d4f287f1f71297a88f8e,145f044128f4bfb17ebd95ea329756cb,88113,sao jose,SC
00c7e84c0c77753093b456d787638eed,d691abbc71f38f91d187deedeb200290,84172,castro,PR
10101c15aec095b6078c8dd047739392,38fbfbb8a36e56ac7f401e5fa76f6aac,91280,porto alegre,RS
cf6c82a042005e750e4b3d9c67c4ff03,61c3f91716e12d5b61a072fff1d023cb,60763,fortaleza,CE
7dd4ca386e9a4add580925c77a483225,f5fb94d6a90c9c055bc6ea6489471601,84345,ventania,PR
a6a0a62ce165053b536f84be26fd22c7,81173dfefc72d08cc9b859fa647edd0a,13874,sao joao da boa vista,SP
4ed0344372e80ad60bba6b668bd61bff,fabaf497dc9e26b0e6e1d37806619967,1454,sao paulo,SP
111acc29194a247a328b7cf4f1f8d5df,b53ddf7792f4d98e7dad6d166668d520,1153,sao paulo,SP
b367e7f1a5b42e9bcd14d91190ff9db4,4ef1b904f1f96de8003c5982e1201815,21545,rio de janeiro,RJ
544e77a62037110df48c7f23d0a320e7,4d49ed305390ff5ecd6ead3bfbdbd6b2,18720,paranapanema,SP
4d547b17f5dc533970786de8f7233eab,d3efd0ae3bee9c35f302e336aef87b99,66040,belem,PA
ec367d9328f38ee210f6dce68c73f5b9,892ce7ef9975bdd49e0242191e51058e,13631,pirassununga,SP
32217e3d1646bc53e60f94b1bb5db968,96c6a3ced23557fbd3cbd3d17e7bdfea,30180,belo horizonte,MG
1a663679384785e911792fb4a86d61c4,f925f3746464a73faab32897add08413,88330,balneario camboriu,SC
519a15e6969240c16ef4437b4c650dca,0afe0d25827d743170ee9033404709d4,5185,sao paulo,SP
0532c16fb3717ba27a99fd5492710144,1983d4bb595adf04d53264aab08ffb6b,4428,sao paulo,SP
3ea256d0100550636253563da3e913bc,8c7be63e191ee9f0045e3b61a4d44867,29102,vila velha,ES
b9543736a1c64efd425d1fbfeb613771,50e1b12ee1e2eab6157d9c0b035136af,29104,vila velha,ES
dd06035a7c124081d791d46dea94f128,f251fa47f92c30e90adad31062a96a86,17018,bauru,SP
994ce8a078d9b40c268787c6ff42d514,77ca9de303d71489cdd541c373319818,76980,vilhena,RO
ba5bcfbc3a5e2dfa78d63431c45c9f27,0439cc7d06009c57579b7d91fd979b3b,29101,vila velha,ES
03e5e57dd377a3da84cec48a7bbfba2a,ba05c99cbfde258253cda5241f21136d,22011,rio de janeiro,RJ
b593c249903e4280399e991fdbe8d7a3,afdd204d84a80bf0269cd6a84eb8c274,27288,volta redonda,RJ
3413b1a3a719cf261ac926114e3d3da8,fe86ce129cfeddc53998ddc884d92a46,21920,rio de janeiro,RJ
bd9f453692541458b7e80c8ec16bc167,9b475216704f39cb18ce448648b995e1,25655,petropolis,RJ
4d6a2339ba829456960bc4a6ac74eec9,1bcfec72dbcdc2a128b0a840d1c541df,8340,sao paulo,SP
c315c87d66692883960f01d9ca597093,c9158d089637ab443c78984d20da7fc0,5727,sao paulo,SP
a5b2145cb0a276784c2e3fb28cd1d565,49f8f0fe12795257f4c54b14c06e2f38,85812,cascavel,PR
229d046873d7452a773c42e0f35916f9,30cc7860f832668d8fee80418948428f,13401,piracicaba,SP
07d18ca5eb0bb3e96f406d74edb2462e,8ca4019dfb727a43ec2d7671290be758,18112,votorantim,SP
2eeafd9d0467198f7d94fabf020d86e1,e9f90fb4f8b985b9450638226b9543fc,6753,taboao da serra,SP
7b795a9df1fb7368c9c00514370d5c4f,45d7843cd73eb1cdd0af569b6b6e626e,13183,hortolandia,SP
933bf00ad9a4f8bfd36bd85e09bd6cba,4ccacf05f1c687822fc379cec1a70493,4401,sao paulo,SP
1a13719d21dafc59a8a17846e0172f0f,21847820266c73e9c86cbb702e2ee3f2,13630,pirassununga,SP
5331ac2d2ed2def738a9c200cf8ebacb,d15f677a07a60a4f9720424d88ee9d67,15040,sao jose do rio preto,SP
216b824e1aa1817c80b40f8f2f8b246c,62bdd32424b656b8a1eafe5786bcdc32,89560,videira,SC
353dfebd323164d94436d351b73d8df0,dbc0161f5fbf2f879f019bb619f87210,86813,apucarana,PR
f7b168a3506088397cd2d771c1553a9e,5f7f2f316d856064acee6f1db7c9f63f,22745,rio de janeiro,RJ
9434d806ad79343f0380e4c9d87453bb,5697fda4932c74e997cd7ed468d3abe0,21381,rio de janeiro,RJ
fccae75f93f9d98d7be1e1c36a0820a7,196c621766aab9501b0d5509767adc39,3275,sao paulo,SP
66538c9da66571088de88815faa7ee9a,8c9f376c4c714c1afd0255c7cd38b492,30295,belo horizonte,MG
9cd5e05a30f36125715250b8a012d354,04c3799d1da502e6977882da307f39bd,89694,faxinal dos guedes,SC
c04a2307a632d018118403bd57ce1395,f65090e385ff1887e03047d352e63858,3273,sao paulo,SP
3249a3fb2ccd4b5f7103a6e759c0d873,3d364a7768fae99678635c4370295d20,28893,rio das ostras,RJ
96d3328d8b8625bc4d656279e1515bee,e5f4c50b9b79024bcf048ad25fa518b6,23088,rio de janeiro,RJ
5a4ee1320c445a642238d915249864ac,deccec264c92bcc03e9d0fd7ccff2e58,6023,osasco,SP
c5ec9e7825f8ec234b331113945cb5ef,4a87e667294a7e8c18a5656a3813e24a,28540,cordeiro,RJ
db4184568ca754f6639d2d5c23578d27,a0c8c8164e126c94a3ef8a34fdeb7601,22710,rio de janeiro,RJ
b323dd4451f8a811f505bd4c597bd181,659b2485938ee7ff6b7914b5fed15de3,1524,sao paulo,SP
dd2806a552e8e9bdb0a8196c0f192dd9,ef5c74f58c44c4ae921519006ece96bc,85818,cascavel,PR
72430ca7638959110ed1dcc035402546,d1253237cc6eb7a60bcb018343642b0d,17300,dois corregos,SP
8762d94c493b70216cd453ea2320234e,3158fc4f60ca92412de397461b64cee3,13175,sumare,SP
c42188ecda96aa87f2f7ae67974093ab,f5136b8fc0ca2d9037d400ec1f196305,22743,rio de janeiro,RJ
d5fcc29b8b9802010da44e8f873a96d8,d0cfeceb2f85a5934a047a3ed8b38690,29930,sao mateus,ES
402ee7c789991c2390d968451ae17e0e,a5015e9d8815045c474ccbdc0a55e6e0,31060,belo horizonte,MG
f160aaf480efdfa7268f0fa535f73e76,2d1bf256227e4d22d10ea6c0b81809d7,96900,sobradinho,RS
f68bb3a77af642b3618a3a67fa542e47,23d400ad6551160747b6372767a586bc,31578,belo horizonte,MG
8356099ada1aeb005c267bed62a9c750,5a7d9eb6ba2ea2fe7b9a7f1640dc3876,2060,sao paulo,SP
f07050b4d39b333b0181b6dc9d01c593,ac30e70f913fcde716dc2ec4c3e7094a,41181,salvador,BA
9f7a3eae3a5b96c05358e8308e4db1b0,df6449754e3b70e4662f400c7ff8723e,65510,mata roma,MA
499311489d89baa6ed8f9f9f1f3758b8,601725677c1484660662470921a9f01d,3605,sao paulo,SP
a11dde3e6e22e6541818f5e81563bfc7,5c88de047e539f2ed9a643b3c7522f14,17250,bariri,SP
6099b4a3bbcc0a01fb20ff6cab0289e3,aa1c9c908a46198cf8b8fdc5c8037688,1007,sao paulo,SP
f9101abc91870da87ab5c5c0b687e5cd,00c003ed13c76042b78d53fbc26930d0,29150,cariacica,ES
32f7f86eb8098b2c0bdfc1604b5da9bf,3e0a8e2f767f96b047452d0eb7c7f76e,83750,lapa,PR
e8a9561ee949a7a4b2f58351ed6f9d85,364cb3e7f85cd86c84192f01f1ff996e,27920,macae,RJ
d6708bbbd2d419475869a84e41f620a1,12bf514b8d413d8cbe66a2665f4b724c,30840,belo horizonte,MG
544c58d4cdf2d598c7146aecaca5f86c,f794020f09d4ad9b9c4292da5fa9f722,89128,luiz alves,SC
7d8fc5d1f066bc73c68e6c207878c1b4,de94623fee735ec65d034e247e2bb488,33913,ribeirao das neves,MG
a88f6b2e3e51c830e4850876c911fb8d,3867198d50d68da57284e0cfec9d1902,47850,luis eduardo magalhaes,BA
254a99b66d18dc590fb0b5e226382afb,9b97ef812444a46c3eb4d21ade18bd94,36010,juiz de fora,MG
131740d1fa70fbc1e265ac7fe700e34c,a2b0bd17e5e3004764dfc68211ef94a3,89254,jaragua do sul,SC
250db83427885000b3aa996cf9dc3a72,4a6fae603f245a9312b737c601aaee78,24230,niteroi,RJ
8aa4d935310fc9211fa1e78dcf74babe,1750995a1e8cc279199b445c35319589,65043,sao luis,MA
498262061f04103f440f2e643da02027,e8001d7ab27230c1f2fb39aa63aea136,28300,itaperuna,RJ
25613332a78a059ea028f0360023a830,0c7d571c947a548acd97297248692caf,12630,cachoeira paulista,SP
d8be51d4139b593eadb40bcb184f6c8f,aa6c1d42efc1e9ff16ec83d91cc16b43,5060,sao paulo,SP
226236428096449139ada8b6e6bf4136,f75bc8b1aa3841ba66a6cf79255d3486,89820,xanxere,SC
f04c3f6e20a2a4318d97d7cec1d27bbf,8f846b30f8f56368cd1bf4c89efeed74,99990,muliterno,RS
c389715f8b1f89ba6f0160230cfd95a7,87a7db17f4e44fceb48191d2e5612acf,55940,condado,PE
bc01d798f24a959b19dc8168975bf7ec,dd4f1f5038183f09bdaaeff43ebfdf59,4556,sao paulo,SP
875821ff77f94d5c8960cccdc48500e8,3b1a33efc09a4d8df157d8c9b4968bab,13206,jundiai,SP
3e2c76f875903f5937c2713907124051,41c42af2699fa844ade7aa352aba78d6,4195,sao paulo,SP
1e223899442e479b03b6e0056d14b25d,3ec3b9e0f51059e087237fc0cb06427b,83860,pien,PR
6fe3e86aaffe0c52d238e4f89950ac1e,3543bfa56514a2ca65d2f2a7470e3ea7,49050,aracaju,SE
de67b8bed7fa293d54466d66bdaadc62,1af6a4167ec3bd3d41226dd8e0ec063e,9725,sao bernardo do campo,SP
f9ea98973ad5377b86d588b734afda06,454426cdbe8229d900b78aa314e386ba,80050,curitiba,PR
3b4d546d0e5f84a84c5cd3034c557b72,3deda78acb25da21d9e439aa39ec6ee4,37660,paraisopolis,MG
ab0703a77ae050888f246bbe42ae20d4,ce4630b1709558ea3d46969c4637a1c2,30710,belo horizonte,MG
8e4a0eaf18400c5715796fc724708d00,da56ade83334e416439ec0cbe4b666d6,41680,salvador,BA
1a954bbd169e7813291d468aff07267d,a8e08d4f5f9bbf0b7834866de94b6aee,17511,marilia,SP
91e07c844b9c9cd8a820a32f93af9629,78fcdd841410275d44518b6b30b27809,13188,hortolandia,SP
9884376f4d6e303ed119a8cd78d7d975,7ba092ede07d6dcfc69de495d9c4b5d2,87709,paranavai,PR
0370d1c87da5bce39a913db0c94c146f,1e789ecefed2a827fc7d5db1f20919f6,96810,santa cruz do sul,RS
ee517d3a38e003aabc2dc2b08a0bc6fb,1eb6f015c37dc8e3f5b531fbca809a49,81610,curitiba,PR
f198681d09edbdab2cc9532cfbd58cf2,75c150705c14f235a16b320852a7dbad,62598,jijoca de jericoacoara,CE
7122c24d3c0eff23bbea46f485fa0d66,93efbb67e62b113be8bd07519b65545a,62685,paraipaba,CE
01c77b0f81a1e64cc8de4f736226f7a1,4e11a713ef5224c1b4e2409ed9a05e15,9111,santo andre,SP
2254b94e0f630fbf407e03563b0747c5,0ecb7751a7060a4fa039126fd7c30323,11680,ubatuba,SP
56d9e13e6894b123c090a253757182a3,71b6cdf99467e93ff456a368eb86900b,55170,brejo da madre de deus,PE
06f3fd76e17823db11f5af33cc79ddfe,971257d709595abf1705177bb9e1ed5c,88015,florianopolis,SC
f3f53cfb944cd5bdd21aef1d8e59a43c,b265cccc1d91834ad1a2a2ee58fa09c8,89198,rio do campo,SC
96893778bb00036d90c7c6c8082660b3,6c9ad578a9b3a760bc9111c35be1ef88,8790,mogi das cruzes,SP
c68f1a0b156eeb49b2b3168e4ab55681,2aeb1b7d567e9e232a56cd0b80ec94fa,95200,vacaria,RS
7e65f2e10589a7e3149badfe2d5ccb42,21c746e9ba5ae5956248b2db75515483,7192,guarulhos,SP
797e47f5ab7bfd84bc11a737a210e11a,c781b8a6d69bb1d34c9a1392255bc0ea,95595,cidreira,RS
ffed5d4f6245fe13cd57054621eec36a,01ba3180d3c6e7a6e269c5a542985423,9371,maua,SP
983286740ff2d1fd74d499fd1a711de7,a2b6e488aad29c0bb3621a5a9c5a9d41,83010,sao jose dos pinhais,PR
53c9811a9eed9e84d267b8a929840882,4474178cac55e98fa8fb5aeb55c9a06d,78043,cuiaba,MT
2d48f4b0f15931ea30ce7b0d4871dd4e,425ed4a176f663ea120b0ab10cda47c9,1333,sao paulo,SP
5f72cc875d166f261f0469ab1b52c4ad,cfc25323ffc015b5667c20d910b720e1,18070,sorocaba,SP
b965b22eb0be25b8a06e11e390c4ffb8,51888dc2073cdc153ece50f699ab8ec7,6765,taboao da serra,SP
25b97380259fb4fa328c4ab94b33c81f,1a42398a1e0806c36cc9aafac8a34df5,14177,sertaozinho,SP
019b7076acf0ef17a372c02e8b170cb4,1077150be9a3addfe85f0b44a1497c89,14403,franca,SP
c49ddc57f4de85a5c7694bf37f9b525d,a0c02e30e19b2d276b746bfbfd36cd1e,98750,ajuricaba,RS
0ab1722e3f8953ef04ed2b8db98bd0a9,1ee9e5c4b6f552e34fdd8a64d98f56c5,87065,maringa,PR
16292a565a0a28cb79837f9e0aee1ffa,aea7ab8a59e1b8edde8454fef6dbc12a,81450,curitiba,PR
26414d88442f62fcbd8a39607b9211e4,b0dfdc982b3c158fdf0c6327dd9325a0,8615,suzano,SP
b54c3706d7d7a59b0f07541d4070dae3,1ab4eada30fbc61fccc37625314cd6df,39802,teofilo otoni,MG
1a87ac7d56c7f9d337a271a7c157184c,04effeb71dfa28a5096368addc3994be,5730,sao paulo,SP
3316210707aa526d6607add03d086ec7,bb57dad1e3e471424bbb314b2716a8f8,8485,sao paulo,SP
fc056cb6f79dbf7ab1e6ea6ef66f7837,2d88f41123c35ee8ce8dadc83bbd8650,26510,nilopolis,RJ
a0a88da4a6858c8d7cc650bbd21949e8,d9a5ebf62ff59b5cef9e4e36b6a76f7e,97030,santa maria,RS
cf78fe7532c375731b3d6ce693a8600c,05888a33939ad06881d380349c0d0b1c,80230,curitiba,PR
68d54b6b1f24a481a2f472046153c118,f279afbabcada13572ae412aab63644d,29066,vitoria,ES
0229d7450ba7ceb9aee1e3fcc74f7dee,b9128514e102f40787b83ba482a44fae,14801,araraquara,SP
560c8089d5a164844c203f61c55d88c6,6e585effe241882bc947bf1e7bff3fd3,28909,cabo frio,RJ
0324eee00643cd63d11ec25cb930d53e,3d8b5f7499ecd5b1d995bb18d9ef69fe,21770,rio de janeiro,RJ
db55b2c93fa9997f28cdef04794eb027,3c7fe4530d3a53c696ebb86baf38c5d0,30865,belo horizonte,MG
913e1c5bc2d3a433d3886677298dcbf9,2d2b42b5afdd4aef166806ef0c564c47,3923,sao paulo,SP
eb47fece1267f094ec35bc6efb35b9a6,e81fded4dcd87376e7d8ff1bc8e01cf8,13406,piracicaba,SP
83979a5effa437c8a99f07066147957f,ae177a2510a63a7ae57ad76a9a99b876,85901,toledo,PR
70f455685561519d6a7770423cbb01ee,c81c9108cffad3027309e6f0ff327de4,6704,cotia,SP
96b3ea36ae6536e8d46ac247b72b9364,1ac1c20d54ae0a375b77d6841663762a,27525,resende,RJ
be0e2abfe1e57a99b37f471ba7380aa6,fb3520ada3c1bbc8b1b978ab735370aa,65740,pocao de pedras,MA
1004ffe8679b2e76e70417c5224b71ee,9445e4dd2324226ebcb8a09243046a76,86840,faxinal,PR
9b079dd2ab921fbefaa935054ed0e183,d9d7323fcb35521dd088e0e0ad50e8c7,9691,sao bernardo do campo,SP
e8e3d8d996f2b2945feab63c6c337989,b1502798d0e249048594a2d3e708fcc6,96230,santa vitoria do palmar,RS
1b520c220eb287288d456d947acec195,03366d722c63b3b9e683fc38d5836699,15130,mirassol,SP
636be70d7b46fb1db9836009fa61d6ff,00c19498681c665889d1212be870e8df,94435,viamao,RS
a5e6bf4ac91d2a0df7e87ad00f4b35b9,159bbeaf58e0b4c5cdca4d998d669fdc,5011,sao paulo,SP
39a3a09af913e6f029e2d845fa0110b7,e266e4669fcc469037c3de148909fa5c,3069,sao paulo,SP
868abd036b449e8e53761765bf59bbbf,232446d0f746e3bd076d1072135e941f,88036,florianopolis,SC
9d69cb8a80980be80313e53d52f0d78f,0ffff36c012096ead36aa8fe815337d4,71880,brasilia,DF
7bb5b53c7d838d8ca7e94ce809b7d784,272f0ffe236b0bf765e14f5a2b577a6b,9710,sao bernardo do campo,SP
6285f604fa70a13975a094497da3bf6b,b38732950105417b181136c00f9fff9d,69908,rio branco,AC
c8b8fc6a174f7e78125428ff2e452cca,d5abc2b56863ca7eddbeef26361b015e,26310,queimados,RJ
cc75b9bab7d984b2bb2feac7b5908d68,49d514de457c6c152ac88dc2636be92c,73080,brasilia,DF
b4eb4ca3fef464f5a8778c47da055604,a2af9f0425fce10fc7814c347a275095,39270,pirapora,MG
0dd70915d5f46c4cf8afce382e0b5b86,526126c9f6a2a58d226b574d4d6c2278,14020,ribeirao preto,SP
caa3fad70b77994e203633b13ea16118,b617fded6582af145caf2e8276e21a66,19840,maracai,SP
daf60dffd5783e6927f3660ed83ecdd1,3a6de17201bd68a1fca5da3603f90eb6,9390,maua,SP
ccd88d5a028a8673a1f2e9b98af66132,c9ed110b8918fcd831073636349e79a3,3978,sao paulo,SP
e630c8a8b546a3a6486ccdca9cc6eb0a,ebcabf25f7c1fe3f0b1dc696cb94f1e7,13411,piracicaba,SP
5e03611738b719fa467609220c293474,76cf771cab5ff219f8eadbde84f5617d,23093,rio de janeiro,RJ
25fc5fcd13751095236ea257c9cfb62a,ff4050535c1351cd0b834ccf1c9d07f1,23066,rio de janeiro,RJ
b1e427ff221ac2de74bf451c5e3d7206,eb3618a8dc128e314712dd3c251b9ad9,74477,goiania,GO
71f6152998635c3ea46ac44cb989ff49,d0346493ab2dfd124ef99d1b12b01b6a,89990,sao lourenco do oeste,SC
f57351f8f87213bbb758f2f902f600c2,20594fdc17c82450f53730cd72ce04c3,11420,guaruja,SP
606526aa253b452a350ce935064f6418,9ebc06ad695ee9ea7a4aa816fbd3f1e6,97015,santa maria,RS
4d6c393e8d157f91ced96c5a89beeb77,6129e19fe543f8818740b4fef70c258d,19050,presidente prudente,SP
c60f17355c341bb9008e70012da7ba70,5f64321707b93bbc4a5494c5a77f3580,13278,valinhos,SP
93dd5f88e0f7e9a8f74d27a4b90879ab,eed149db664684d4c477897cb874b390,3520,sao paulo,SP
e676e40ce5590961bdcc32bb0e61a97e,8ebba27972041f432c9eb499ba66f638,81770,curitiba,PR
7b25145539f38697d2da83bce9cb8725,35694662ee96ef8cd104c2e9e9f2156c,25550,sao joao de meriti,RJ
809ad2833c6b78506d5fc64546edc4cb,f51f616a3ef1b481892426fb7c3f1f9e,4949,sao paulo,SP
d78589eeacbfd204322ded214caadbe0,14e5ef541a960b5424c0b5ca8efb0ab4,89620,campos novos,SC
f4514fc7499d3434ea63195c12bfca4f,2157586e083812fbdd11c89877b7c37d,7044,guarulhos,SP
9cd5dc9af35a13cdb631b0899b32387e,1e5067d5cf5782146157fa0b7817ce43,5387,sao paulo,SP
ef3603c61b3afedf0cd74652a06dca96,90bca2fe011b661a21dcc4cad869f165,35198,ipaba,MG
ff5731378cb5629a451019021cc4cbbf,f11ee8d88b7eef76bed1aabd3a0fc4d0,79150,maracaju,MS
8678ce9bb3f23410f28b6caa0813528a,49cee01774f85ef576192e1038cf9cc6,95800,venancio aires,RS
51f34a61223200b58e35b7e7f3b462c3,279f3f41a674c28bd50f61f8b3c20c8b,4533,sao paulo,SP
2351d4314775fcbef54ecdf9c93ad410,825d3949166e60c38be0fa30394176a0,37600,cambui,MG
07e01746e8b90bfb4cab6ef323d33ab2,1b4f9a1919551dbf3bb3d0151557ad73,30170,belo horizonte,MG
3ba38209ae8f27771c90ec6b410f2043,91798cca876208ae649532488494682b,88915,maracana,SC
b14a788b10030beb7ea368ea345caf7e,7272e57415c0b45aacfcc713430ae98a,3685,sao paulo,SP
9024b6b926dff086c50dfd85762b9a45,a738c21ad87105ec4bcf95afff07f224,22783,rio de janeiro,RJ
8c3c65fe9b99f72cf45b51959a335c0e,465f1e1202e361c430bfd33b4f8e9dc4,4086,sao paulo,SP
5c7595d88d9ae99c0829d2304a39eb9e,2e4a58e5806f654199b348347a7efdeb,3702,sao paulo,SP
8511218eb25a2ad53760f66d63df7659,eb8234d1f983bb9256c0f275dc2d62e8,57305,arapiraca,AL
459f6d9169372a39b0fe1f00e96947b4,cb0a368f530b99e9016493d37fbd52ef,7160,guarulhos,SP
82218c42033c0f36f36f1c4fd3d7935e,86b59358310b208f822e416e59c96672,25959,teresopolis,RJ
e1757fdb0a5da58aaa609d9c28a203d5,ef31375aaea63593e90d4fcb4075fff5,19880,candido mota,SP
cabb8af06c1bc856f52368fd7772e41f,38d1d975968b0fc361aac11b1b18ab34,38082,uberaba,MG
7822a6861b0a8c3a5b4ed5f42268eab0,7818b82f258568300b10762fe0cdceb3,9861,sao bernardo do campo,SP
4ab64c670b01bdc70c2d4bb3b80e4961,340c5fef7687f820ccd68a7135de4402,70737,brasilia,DF
cb633030180d869d7bb76aa783a78b6d,bdd790f120738cf7ae6c93b292f4dad2,4726,sao paulo,SP
0c0b4497d7324e5a4e31262c93fbc3c4,3595d21a3d79ff7a508581144acf0ed9,6020,osasco,SP
30fca276feb60858f0292213c46c9756,55b992c01d44cb18a2bf64f4757bb99b,2715,sao paulo,SP
de94f0c27ccec790de091fb1c61a374d,cbb2892690ef7af0ef41ecce0c28cd73,89765,paial,SC
d515bf2f113f96d3dc8907c00ba6f590,ef955ce70c34965f1e0a61e2a659d034,22010,rio de janeiro,RJ
a0de49e00efb2ecb7d47d0266b771319,d3c5778b4d8c724436d8c16864177d17,28035,campos dos goytacazes,RJ
f583831c572cc8569de2841fd281fd2b,98e8535b4cfc39e898513803807da125,20520,rio de janeiro,RJ
30abcca05e3c8ce1278a2d8f8abbdfc9,48c8add58f6544df93e408ca2f7e9333,8450,sao paulo,SP
c3537eef72f2b883b3cbc75b1b9480b5,f6b24980bbfdc9bd9420a481a20f5f64,8190,sao paulo,SP
7520f9fd4f9a0764e6abc26bb74a8f80,8a0795f19d1f3cc51debe071cf3e7870,14808,araraquara,SP
c38daf55356a31e900fd1f44eb1609d5,af6a2de82194f10015a08e0def0cf911,36570,vicosa,MG
ab2e87ad1a915cf88638ab6f43f5450c,7d4ed299c3c41701c0558287cad39827,13874,sao joao da boa vista,SP
53dee9b3304eaaeeb645b5a449759c51,7c04c69b4ac32197d04966494ed66bc8,22010,rio de janeiro,RJ
020c87503e1eeb262f17c9e7c0b556b5,541605c030a175016e7f070836946584,3660,sao paulo,SP
bbeb2d228004bb46b49889f614f80c48,38a3c2eb6f3a9c08efff963c5a551a7c,17012,bauru,SP
d18570550aa0268a73256e98a945ff15,2b0c24260d69145260d2c30ff9edce89,11441,guaruja,SP
fae61b3ca7edec361575b1d0e7da7239,4ed407615f57010083460436a955577b,9791,sao bernardo do campo,SP
ec980872eea3778facea3e17ec48107c,ed18ac3d4b68e1401845d3e48636a8e8,22440,rio de janeiro,RJ
8713f2c76cceb801594317bc39ef35bd,aa323e33d8e4117c993934571fd9e59f,12411,pindamonhangaba,SP
685eb37a9cadabd8f2ad2259cca7ed97,fb512346f037df411e4a62c3181f5aaf,79070,campo grande,MS
6ed4bc068468ce67d11a938a9f6691de,3a100431b41b505a8de0150f93a71198,92425,canoas,RS
3ee82f4a953ea7f018f21457044917f3,3080dd7d098635fb30d2c61822d5c055,95780,montenegro,RS
fd5e7ef8ebb833e81b09dc6c1afc92fe,5b143240c381316b9b1dc332176b4a71,36157,piau,MG
667b5b2ec3ffc38456c616b28951e49c,7dedc655d3280a4f507ee70a9c34c756,89160,rio do sul,SC
663b8b90136c0c90b486a72adaafd911,1a0ed4f256ca13df48093fcc7f733be8,5712,sao paulo,SP
c795e55ace97cf16ec76d19128d8af87,138a7cdb83d4045819dce1ced63ce65d,38480,tupaciguara,MG
49427b49e7addb6ad5680c3491475991,b4fa4135930ee86f5625bcce3a2650be,4562,sao paulo,SP
07c457249ec4f7f19f0244025b671ccc,e5d380f1cd5c220fdab47e0245471013,17690,bastos,SP
6640da9a0b84cb913692c909108f2dfe,896d1de66758324ec1c3007858f1da61,24430,sao goncalo,RJ
829d3ea58fe45816348ab857d059a6ae,1a8e0392b6e9191dfc159e9688fa1a43,3141,sao paulo,SP
05ad208d1e3ae7d49fc33c89026327d2,94f48c018010de09d9c471e5d819ea05,2041,sao paulo,SP
300cbcf2f05d4b9e0c68b316a05c0057,f5533ec1e61c73fc8457bb73769730fc,14403,franca,SP
57690c2fc610a75de4875a2b9f1826e6,eed928b8e9367862e039a6fc6b99b193,13478,americana,SP
8699d0149c8c7df92b6a8c3c0a272639,823166bc0cc518f6b1b0e9de80c691b6,88132,palhoca,SC
309e974054989e7a4f3fc8805b3bf55e,9ca25c67e315e2a59b00eca2d4797734,20725,rio de janeiro,RJ
508477b76a482e31673805fe43e12760,90b8655cad0249a3486a2fd8c8a3f4a6,11065,santos,SP
aff2bc2049dba7f43d6997a6e0994a1f,71dbcb0126e65f6f0b396e8f36752972,18025,sorocaba,SP
e89d9baac0b6b9fa7a520be393ff22d0,8ffc2224b31ad590355943adbf22da60,18056,sorocaba,SP
7d66a925cb032def39bd1476c0cfa518,c8d832b1e6f4aa662d0fefabfca04265,56460,petrolandia,PE
907d77f631b9ca3c2e1f6e38c0905d48,e4971a4defaf07a1d7f2ff615a32c809,3110,sao paulo,SP
ab5925f86dedb8bf8ee88416ce4004d5,d92c01e741554e58a433e0ad36e26c82,30492,belo horizonte,MG
6d03d9c7d95db6de5b59aa4d7218ec07,1cda4924a950d149dc93db0ccf548933,3071,sao paulo,SP
0d14d28bc941474750feb2e030e54460,329932a796b9bc326d71e3b932182cdf,4849,sao paulo,SP
da40474632f5b5c599e949b0800e7d64,6de77ffc3e5e321221ec0c1740a0503e,4008,sao paulo,SP
7c70a35d01718282e98dbe56e2765377,e3ae16d19be5cf256fb51663e6bdb073,4243,sao paulo,SP
4d916e585f3bb295dbc15dafaeaae8ed,9433a8f8dc53df230460bbde1f7cc734,22060,rio de janeiro,RJ
bbe208ab812ec207b4af5580b64e68cd,6d4f8f9b9520103722945bb5ddf878d2,88036,florianopolis,SC
c0e2c21e84f18fe6c06cd6bf960cb016,5bff7e6ba295452d98a709c9bef2bf45,69303,boa vista,RR
9c296bfe22d67feac315424199ca7b3d,736f7df93859546941f8c66c4443162a,37190,tres pontas,MG
dfb941d6f7b02f57a44c3b7c3fefb44b,8d50f5eadf50201ccdcedfb9e2ac8455,4045,sao paulo,SP
7f6b2e3e2f12b066757ab8e9f5795d33,06791add1b4b5c8530f8090bb63bb2ab,34400,raposos,MG
7911c4a4ae2d5749ce6f3e40fbdeb5e5,20802dd4d187913c6d5b2b8f605bb817,97800,sao luiz gonzaga,RS
23647526d326c88c24aae4523594b0d9,8cc9a827ed019883783b95005b741a74,19015,presidente prudente,SP
c913ae1bc977b139a50287f6bd0b1c19,d26b9e4b03f3c35e31689df0835fa1fc,82820,curitiba,PR
de1c64a7f4179d4216ee09d181aa2e6a,dde8dd36a5290a1bfb650e1c8037b88b,70340,brasilia,DF
1f72dd32d17ef87a76bb334c45094010,6a3dabac1e1385555cd423ea8fef12c9,25561,sao joao de meriti,RJ
a7b965e306e0424d1a5750ba287aa2cf,3236f16f98e0f258ccfa3a172cebce64,90010,porto alegre,RS
b970847909a71ab7da63fe4fa663987e,060bd06fe5f9303d3dc2c78a69afb684,15501,votuporanga,SP
8cfb9c9751da0ae0f664b97b2fa0ecc2,0bcb0137639d8010c5fc562d96b4af3c,7600,mairipora,SP
b3f63321d868c01dfd7a025899954ec5,5833091bd6d3920f81518b02adac60cf,26587,mesquita,RJ
1bb2273c4c26af24561221cfc4fbd7f1,647afdb8a120547075e55a9dfeba6bcf,8451,sao paulo,SP
c57b4ec1791188f1d3b38bc85b208a3c,08356b77e4dd0fa07cfadac1a45eaec7,1033,sao paulo,SP
9596cd16cfef60f8c7ec8c8d78d008f4,1aaf8586442c8d4d86aa61069f858c20,35920,nova era,MG
477b96a7bebf346f0b61baea85b4e2b9,bd89e92f1e1f6a7ec49af109d08aa258,13044,campinas,SP
09ab4ae2ecab51b1bf620bba0027abd9,313d458d078d9c1783ef3b8b93ba56ee,40323,salvador,BA
ff979d3f952328374b41b7b6b52a56f1,b8ad8f9df8b6c2af329e1fd23cc77061,29175,serra,ES
0a53041ab2e72cccb3329613978e2e2e,3bea379b85fffcc323633e986ad706cf,51021,recife,PE
3a3fc10a053a684ea7b581c82916e794,11f9374f0b84ffc98a1ae50698c2112d,22081,rio de janeiro,RJ
34719522510c9db1f9599a1dc98d61a5,619384cde3f360023bb190ab688f1926,9861,sao bernardo do campo,SP
7e1c94909b82d667fde37d090d81d101,3100ac181f080ff2a7beb61813c0517e,87900,loanda,PR
7ee37cd773f9b9d512246953410a97c4,ff04f49cba34f90ad06d1f7b81afd5d8,24716,sao goncalo,RJ
3bdae7f94f5dcf2f6d395ddab50d3596,29fc545bf16307efd8c6f46c5d1d81e2,1522,sao paulo,SP
58cc4d3f5e77f3ea1a9f93f1f751fac0,6d1206f12bfcc03a5eb67892d3a6d86e,87185,florai,PR
67103ece896ea12c89ef860d152ea9a8,e727655f572caa2f3f2dd4e0d1b9f960,7700,caieiras,SP
aa0633423572bf600bd7f9bda734ed44,73ef942e57c6e44b52506f4b90943073,21740,rio de janeiro,RJ
5234fd7181ad48cc892aeffb5cca652e,c4aaf56cb82d8cafad1c2281fd3e3bd3,91550,porto alegre,RS
0d8cb40fe23920b0a6078753a31bb617,bff4ef831a377c4d6e06be5dd035a8d3,89115,gaspar,SC
2d5e77fae689aee9992cc9669cb61710,53fb8b6d4deadd850e6575b70c47a9ce,4145,sao paulo,SP
22a7b639ea009c1e430eb43244204bda,99897fc63e00fd2cdc6d2f3ab36af9a6,18685,lencois paulista,SP
6b170d60eabcac609caaaf419e9e57f1,f121943f335b4993188fedd3852ea3aa,69037,manaus,AM
dea5d6374006a4aa182a73371da9f731,99411da41bbc717063cad61397ddf465,6154,osasco,SP
2e611ee9dde59daf5acfb7471bdd0180,ba00e642078cc9730c38ea5686e071a4,63010,juazeiro do norte,CE
941a225471304a6c4d1e3694b7a19220,eed3d9c8e42c6b95338e0a8b675640e6,11750,peruibe,SP
ebff917ea54bbda6b10b23802b36c8c1,593b05a30b25687fb84c43cd30544b15,95600,taquara,RS
1ba3856af8b4149496b4dc9ea3c36895,51750a94b6bdec1b46d8da295d3c6147,41612,salvador,BA
40e7aab419643f84ecd6670ff5c8db95,2f9942aadc90941b47564e5a71b34ad3,88054,florianopolis,SC
589a69c58e212423c7bf817269be05df,d1a791fed0df39cc2332cd18e43859ed,13015,campinas,SP
affa1ae9fc01158bf723814d1dd9d0ce,68662748141dbba8076b5d0e10565c2b,4015,sao paulo,SP
222e1556b86ff309b9ee3f03a826567a,90cf6edc2494d9187408de55e8db6fb4,17047,bauru,SP
340ca5d6edd1acd5f533cab61ac899f7,29682242915a222580f388e3515672a4,74343,goiania,GO
a526ad521f88f610b87a17a8a064a502,f36237ead17ac188cea4f73cceb0d834,5351,sao paulo,SP
b253ab4ce264a72304410c04d66e3908,eb558f96a4145d74586480071f6e7c88,35500,divinopolis,MG
b5ea05c72a89dbe101d94083e18df207,3e93369535d8f45643c5e1dc4467924d,4075,sao paulo,SP
e1ec5ddd749cd760a0c408a40ae5a4a3,3b253518af1e74199da663e4e5be0ba8,57017,maceio,AL
e9fbe7886163acf808479322d2b87ccb,2f749dd89d87f7152b35121a5693a684,45028,vitoria da conquista,BA
ae697bc1ed176e43ee2032cde856bd82,68626709345049fe1e160e86baa7766b,6083,osasco,SP
2a7d2a567dbf4e484dc9ff01ee6a5a29,66b609f84df5b48c06e4c2fee0c1bdb1,29395,ibatiba,ES
4aa1c9249c489f2b6a739f210c0af109,450019b7e6984fac0454cdcaa3836140,31530,belo horizonte,MG
acaf6410aabbc2e292355a66dd2b38cf,f6b05295c28d5b6a48f53045968b91f9,62380,guaraciaba do norte,CE
9d13f5da757d6d19132fa0980c9e9729,1cc24255ee6fb748bb8d8d83e0fc7569,13454,santa barbara d'oeste,SP
8f278fe8beaf13805e548072c6d990ab,351adc5674bb62d3b5fea28ad1d9a3cc,11065,santos,SP
98a0dc59ecc82225fd647c39cbdf1494,9dfafc5d068fcc52a9ea9f28a88bc4fc,98300,palmeira das missoes,RS
024fb58b51f34a34fad7a533363f0c93,0c755a283d5e37c2f0509c7964c4278d,38184,araxa,MG
e9d57c4662295c8b41c050d116d90a04,f9485fa5e9d3f9e2260c90df2eceb058,31170,belo horizonte,MG
bc5070ca41ac816753a5644f5940c923,fba9dad1013693b7d732f8f8c838d763,15600,fernandopolis,SP
07c7380ec99877459637515df52ee55a,3799155bba777b02074b6494271aa522,3669,sao paulo,SP
86d44d270b72592dbef78de27ec82d08,e90232e0cd21ee07204d10fd88bb0c97,4042,sao paulo,SP
b22eeea84d8a63d56ee0ebb6ec8e0ae0,6aaf7b14b33d2f1f51397037f629106f,35500,divinopolis,MG
3caa046edff3326e7b06ce037829952c,0f7af00e3ead3844a9b0f81369340ebb,5265,sao paulo,SP
91d98668d81671694d440add6ff4db2e,7bd43abfde2d6a9a5c35da8749603fb3,4315,sao paulo,SP
544df65cf6b7f2cc5d7637b4189edc50,06a35cec0273b785b2b58eb349841fb2,3513,sao paulo,SP
b74584aa39691bb6fdd0f68571d3ba0b,f72b7208452f18c74743c34dfdfcb37d,62400,camocim,CE
26cad29ce2fd0d9203145f2d71b7aa43,bfe1ecef0f01ad67e5e0cf1860e94e60,17800,adamantina,SP
bfb4818d76854787283fd72c7b5f84f8,9f87499f6c7ccf05c3daa03d76bfdfc0,24737,sao goncalo,RJ
7c6835555806136bacab36fd7fd8bb70,52b4d6e94fb6a5a216c9df0ac0b90758,79540,cassilandia,MS
acec81168c11c0d01d9d5955a3d507ab,acdc891424230535bd0833a2ac9e4c2f,13846,mogi-guacu,SP
e3d025dfd872e46859d611e7a73f6c2d,b855f7dba22eda6194da91c68e5ead90,13201,jundiai,SP
75d1ae5c2bcbc14de4a8ec95bfc28dfa,7b45e009442d2c0032485d3a6ab5f509,37410,tres coracoes,MG
6d7f7138d2c8c74549dd30dc4e2d56e6,9a14a8bafa4097a68f52dd678c82aea0,13283,vinhedo,SP
c606407eec8f9304dcd264811b9f0523,9873d2120338fb542090bc123fe5c47f,58069,joao pessoa,PB
fd5ddf911dca5e102a4856a2ace88a09,69de2f5d39283da764d28336701fa8e8,1013,sao paulo,SP
2bd5509ed2fb45c04d0e44b9094fe195,8ca9a1c6f69824461e8116029f08b43b,96081,pelotas,RS
dc965c402585418454e732f34c9d3e84,6bb535b0906b43e0041916897667aeed,88495,garopaba,SC
28d908a1782ec9fd7f094debcbbeecf8,24a795d141018d55ce96ad22d8307775,6266,osasco,SP
3925d8a5f225de2b3e2d791e3a547748,5381755c8bc307f642476e3168d1d826,22630,rio de janeiro,RJ
1fb495930adb9f2a8dc5b88a0f925717,1624d1ba2b7d696d0a532aa17f110747,87050,maringa,PR
08ffdbf0b21cffff0d50f69e34097e6f,35a2b7648173b71e6d64851f211abace,64016,teresina,PI
09aa1b31dfac63e1e90d5ddf79560f86,698ffce09a7b0d5674f46ed3a048bb23,24360,niteroi,RJ
9974e59c3f6c8186342935125184d014,90f0b71981e1b1804ce0a4e267381ca3,37655,itapeva,MG
9998c6bf5ef16b8498d0202e25a2c33c,f645f76d3394485130921c31bbaa471d,34018,nova lima,MG
b79d85bfccc2df403dc6610e85d2ab71,947b3a5eba30546ed3c37e0c7f1bafc6,28540,cordeiro,RJ
170613a781d065db789a866ce2281435,d8da053d4cb055920f2667f2ba038f0c,9841,sao bernardo do campo,SP
e8043e94a03541766bca8246a5af9d8b,04badcbeea122a16bcab6bd3d47bf166,4222,sao paulo,SP
f184af34654e6c42b67146220328aafe,a414f74fdead2bbbb53ad994d9b013c4,11045,santos,SP
77dc1be4c4766a308f7c7516b732a825,ea6f35445410a3f7e74c018be1642995,59151,parnamirim,RN
caedd3b1bebfca71c001c276fb477fa2,d0064751457d0f903bd103e7a6a4998a,28800,rio bonito,RJ
867cbd39f5519fd4062ed75e3567e76e,de8e7d7d1d66fd882a0cadf8b1bfddba,4542,sao paulo,SP
e64d794f227cf73be5dc344cd062a168,aace59eb5e6e0849953e1bdb841e1997,61932,maracanau,CE
3689abfed7e332a5cf585915310c0056,07c9259c1afcbd1f6b416d9985782083,95255,campestre da serra,RS
d6ea3ab260c02dc5a2d6270e7d49286d,ad7c13746d7ff7208d89765f407d40f4,66080,belem,PA
70972230081174ffa0f073a7fa56d95e,c2d79e2aec1562aee14ac1e8abee4c17,3057,sao paulo,SP
d29935fdaf4a76f34653da3def4f2a24,c3818f2a1aa9b856afa2cc5adf8e97b7,78652,confresa,MT
c864ab08bb4dee24abda9f5d464194bb,07121899dee7bf1c04a1b915d29515fa,83321,pinhais,PR
fc63101cdeb7148093b5bf42644568d5,46f6d9edde823b57360186471b35d4ff,4509,sao paulo,SP
e740d1c438e9072d5a23b6dd96e59b8b,efb3bb008222efc04a358f6a21aca4ba,58038,joao pessoa,PB
aa7aba441952b013edbf055028d6e7dd,021ab4ee1c733fef68ef3ddbb6c4ea7e,12954,atibaia,SP
50ce1380a46e62a29e1749267839d4a3,0c708d5fbbf9563f4c7096f97961f05c,29055,vitoria,ES
35ce0878563c58ae6204141b827a6b86,17723093b35bd2dccdba1cc91e0a7101,13272,valinhos,SP
988440a77f06ef4a5885c7dd31833bf4,0927468f5b9af266432a47173a7f8209,1231,sao paulo,SP
aea320a768b6bf82d76979c16260e2a9,11f1da7f54ca7505e5d1b255774ac6d6,31130,belo horizonte,MG
75d90429e22ec177e6c69928ef95a9a4,99a9dd526536f7f19971e4f754cbd729,3985,sao paulo,SP
4568b6ca77fd9f28ed5ba06a4a8f2e6a,735dd53549c3722fc6e2b61fbcf7afcc,20021,rio de janeiro,RJ
9462d88d82a551270b7c345a53aac7f2,77ece4bc1200eebeef65ecb4fe0188ff,37410,tres coracoes,MG
18e2faab25e5ef1ffc283ef3775b9a87,0856d049bb504667a1a2c34d75af0061,32010,contagem,MG
8683c94ecfeed1552bd8b944bf81d66d,1d4da7e898d7b434bdc2a1628efdbd4d,26216,nova iguacu,RJ
ad66699beab381d0747605f108cc02b4,29b186723b197669f69b7d63c3e27c07,21044,rio de janeiro,RJ
94fc7152214303f351fb2a3a171d8386,a90d5eb21d1ee630c63f984b78210dc7,2859,sao paulo,SP
48fd5f9b1d184c27ecb32729042a3200,772d34fd17482b75a4e3e1f59db60f27,85819,cascavel,PR
cb2931ea3f789f27dae36f4f94e6c86b,e590250cff422faa26bd9255178f3c96,7144,guarulhos,SP
9dfa54220517b2eceea1134d006e2fba,6e5ae65e6fe7ab42b23fd320e88ea33a,22470,rio de janeiro,RJ
9711a23693eaa23367227bd36040faa5,d1e3e64494186c80b7edf1181b42b0d1,3810,sao paulo,SP
08c95eb831d93a76079d7e24a117db29,e0998bd9b9ddc78c925d8a815f18673a,90540,porto alegre,RS
ad7c1f0f24e5bd4681a7646641714f81,132c2e3265b78ffb86797263845c7e0d,90550,porto alegre,RS
ae8ed9c83d32613ae9f7e6c72443cdbb,0f04a72a4b5d5889a83916f2342c9123,9415,ribeirao pires,SP
4b63e580a723f5f78ecf8f0d4c81890a,c11274b1c6ddc3cc5c486a2e6cde4026,37701,pocos de caldas,MG
ab85203400c4ddb2933ef58e6d6716f9,5c1f384911d84580a244b2fa4d8c950f,36016,juiz de fora,MG
072495211b56605859c385bdbd35103a,a7aa43bfb35e39fb77b26123d0effbbb,18055,sorocaba,SP
2b710f598151f86cea8be84007ac53e7,a7de0c8480d07cef1e8f55f8c61f548f,21660,rio de janeiro,RJ
51f6210c02eb2afeda1b62f940bc39b8,3490168e3acaf7c79dc72a00dfaa500b,5051,sao paulo,SP
aaa423fb52f4106f477683490cbd5845,8a898880a61e551c80bacadfb4356255,6449,barueri,SP
fd50af22f5637b7daafbab8605f402ef,50cf4cf4581da5c885d489fea967bd48,88815,criciuma,SC
27cda559c51079a52420a3366d38517e,0b516f76aa9396c53be2527ceb5479aa,18115,votorantim,SP
3ea720b336a4ee1c2a5fa2b77cec0d48,ee3f2b083f171af669ce297c27b14df3,15030,sao jose do rio preto,SP
6d257eb6ad859a44e9f7815a121cc9e7,0b6fd62cf64dcca5a883c0d159a90e9d,55814,carpina,PE
f6917e239b9f9f34309ae169d4adf084,fde381fe79993303957d1fcf9cd6bf4a,18035,sorocaba,SP
aeed83f14583aecd0c82d49c45a833a8,961e5601bd093eed69dd3e864ff4238d,54080,jaboatao dos guararapes,PE
76f71522a4d0db001ac6caf99763656f,397f33f299dc46f1961bc7d2262a96cd,38600,paracatu,MG
5023bc2931283adb435a1ef20a8ae944,45a484fff4ed3199e9590e6a404bc771,97503,uruguaiana,RS
98fe6ae8410f2e46f8169623ccfa5e6d,801be759d8867e392827a1fa5bac26d7,4746,sao paulo,SP
846a4b8f5a1ef6bb498fdea341f425a3,e307b1e265fb8e6fbf392aaf8f4fc93b,5092,sao paulo,SP
d00682c2eaf70db1869809d2fbaf7aba,556ae943ba81f78f9d6db9e9b7ce38d2,30180,belo horizonte,MG
26280c295879b204d2d3c0452e0fed88,ffe780a8995715d9560ca10f3351710f,22260,rio de janeiro,RJ
3f2c91cf99f9896186902778e28051a9,0dd40ed947e3bfce516044118429afb0,68138,placas,PA
1bed328bed3e5501868523f4d8a3b646,1efb4a0f5e6617e5441eb67e2a176067,8773,mogi das cruzes,SP
4c99e4d80794cc4520af0b07913b4d6e,ec4eae53da65a677322d51eee281661c,36930,simonesia,MG
b1c9a1e6aa6d7fcd06fbe3c647ff34df,780a9088ee40f66cf21b3c360646fd45,35400,ouro preto,MG
be914b8a12f44c21a6a7070f585e2e42,886aeeb2ed14cfff6830116322de8e4f,88200,tijucas,SC
722dd6e14d2f43121531d24edae4e1e7,98f8611de8d2946b6992c022899bcbbe,4087,sao paulo,SP
e4b73f0c9ebdea67a8300aaad25ff939,06e745bbbf3c1a18558ced1547ea819a,36235,santa rita do ibitipoca,MG
44c788d8ffa07a4963c9b8bd8017d151,f672d4ae866d742fc72d3b4c4d2cf23d,4119,sao paulo,SP
5feeb43744a61e50a53346dc3169225e,0ea72bc8d992598af459f73c9969837d,20560,rio de janeiro,RJ
f9f0c70f7f91d4bebab7ed1cb0206489,a410644642278171ab477d7eaff0d877,23894,seropedica,RJ
795d2de5fab854dd2b68a6c1fbaa1f21,106f4773e01af29c551f2906583a4bfd,79096,campo grande,MS
ed3b435e402f52f7895ef9d01d8e2e2b,2cdea5548dc91c876f311a4530c75f1e,6194,osasco,SP
80acb244f16eb759ec0bafcb47c21cce,837525782a99405a7e8d6f3795240da8,22030,rio de janeiro,RJ
d53b4f45e70cf4ffa40c191672179c64,9dec569f601fee3c623817ab3d57b844,40230,salvador,BA
16fbb85003b2c83ea0ff31ed5022b9eb,3a1a5bba121ea1fc98060d58d3c812de,6823,embu das artes,SP
4c3741130dccdca5d4fce3bb2822c9d7,5b8830979a628eba896bc7638f62d926,35500,divinopolis,MG
f89dfd053604484eaa990ca4f8a0ece2,6620b53e2b76b2ccf10995144d060bd6,12605,lorena,SP
e899e0c8c1ff8d71c53bcf89ce519cfd,f1440f8518da4d35fbe868fe12d586aa,11431,guaruja,SP
5941cab9faecc602df8b6e69150b9d65,1a84bb2f089e3c719176f7cb5648276c,49490,poco verde,SE
3142d98ec0bda2129bacbddf0c8fdd17,7e42381962b8490f0d3a5003b769af73,39740,guanhaes,MG
99e92a4ae3b87639d2b55ee0319dee00,964eb1b98713e4527eb11bce9a0ac1fe,1008,sao paulo,SP
a746774b7095aff23fd5bbdcd85c29d5,72cdf2264908e2d1d30146e63fbb092b,74355,goiania,GO
d53c6b90e37d56179bc7524f9570c4fa,f567a12b251dc3a5eadcd126e00d4f4d,16200,birigui,SP
bbcd801cba7b655a6aab583778eb6af8,4007a2d7f7a4fee746b203c1320c5408,88070,florianopolis,SC
06d529bccb0825265d8b5b73c66e53d8,8f2afd41c8f5e3862f4882dbc9f624b3,55644,gravata,PE
a7c23222a85de41cffd488ed80857a19,7822407d4ff4275ce4e812b092cc1576,4134,sao paulo,SP
0320b57550ef2aea72c685cc12c09ecd,41995900207768dc89a07a2e3413c99b,13035,campinas,SP
565f86d78a5b057917366c58362a85c4,05b18010a8a20bb7103a7c67b1b37800,20270,rio de janeiro,RJ
95c1444daa9e7372d604f64f3ee1a567,b87b4adb59a1927310f7eb20b9b622d8,58900,cajazeiras,PB
d38d6629ae21f5962e9ab76b553360ca,ff1a8a9c9f33c1b295bac1eb7e11ab99,12324,jacarei,SP
3f0bd16414d5fee5cb1d19769c3c825e,6c20a0d058797463344295d2df549503,2613,sao paulo,SP
6633e658356d7a598fe1cd44a46cbf34,cb8a48f552b6dfba01c3362d4eec7e79,48790,tucano,BA
4ffeacfa8b6ea5a14800c504dad2f46a,6db237ce2f0442b62f401b0939ee970d,5203,sao paulo,SP
976def33b41838395939fe28ca651b37,7608e43d277f4b8c8d0e5756f6ea019e,20520,rio de janeiro,RJ
c4ab9534c84e6ebbc22853ff357ea2ae,803370695e05d515d9e3b347a425d2da,12312,jacarei,SP
250d070dccc06bf15a6e4e2f2b1b5870,a62f8fe9d5dca0dfb914de5fe07762e2,94910,cachoeirinha,RS
bf96e70ffefc1f625f3db89f1949af48,ab6bff1069c7a985a00a92e7d1f0f321,13453,santa barbara d'oeste,SP
7558e6beb7efdd069ac43b97f4f8e67d,975fd7a50474637f35629c9f8028b093,37200,lavras,MG
659dbb4ebaf7a20e6b542adcc862c6f4,4f42c1f9500147ce3ec31983e207f52f,8676,suzano,SP
638080b723966c4c61bb9169ead9c097,20d55aefec63f14a88817c6c28125682,11900,registro,SP
5990f7c1a76e6442f8759da9aa555d21,4f0bcf23a531b9474114b7f81b7243ee,7810,franco da rocha,SP
574bc1bc07d89145ec04fd7a5eca5c3e,4b79e4b6db0bcfb76c85b5d88649fa45,72005,brasilia,DF
aadf2752fbf607535468b271f7f7d094,6e24457b3e5fbcb86beab8de6c1e9c21,39100,diamantina,MG
fd4d2add7fddcbb3074920019da1290a,a57dd66fd536be4cb7fc34159260aa28,96211,rio grande,RS
a190f4bbd7900a0fc820f0be7cbbded1,325cd8136f7faafac47864d906106957,58432,campina grande,PB
6bf7cea1d53d6e27e5debdb2d5049ff6,86d8261e5b348801fec7bf7ed0726e39,15053,sao jose do rio preto,SP
567e09a51ff57f2f6ef54ef2dcb742e8,17dcb8c62667824b3e3755a5b680ebc6,6540,santana de parnaiba,SP
b9662bb6c6a36059b08d2ade7f499d65,21f86e97c14e9524ace161a8c9decf5a,2408,sao paulo,SP
cd8297dac73c55a89cc61dddf4027a55,3a38d5fe04391bba71a05db868f1229a,38900,bambui,MG
8e017b4671087e525f876be6b8a73938,4572e4b70e1c7573250c2c47aaa30210,5886,sao paulo,SP
8ebae1632217e6669b1a563f319d238e,2554ff0cffbc4eb10d6b71f41b3428eb,95840,triunfo,RS
709116483105e4198b439016da66d4d0,aaaf358226ca4a9f20077806de76473f,81315,curitiba,PR
33b83055b03f489566ebb99c68d45cee,068b73f9995e1550291624093d1a2853,15950,santa adelia,SP
82141426f5565b47a8b8433342024da7,7b15d3cbd163f636a2e28c3edaea9a2b,13188,hortolandia,SP
8514e0aeceab9ef5bc9c2e86392cd6e6,1f53a28536539df3fecec45ae1e212e8,84196,colonia castrolanda,PR
add7aa6095dd2aae6b8d70d022bae3e5,a5bbd6eeb5346baf703a636f93182379,65066,sao luis,MA
a42adaaa0467568a702ec76c3876984b,f5e97d4f5d39a2e38e76b6833982e41a,21930,rio de janeiro,RJ
689bfbfc2b6153e94e7ca8a1b52e3308,51306146642e25ee1722f7d435ce8e94,85045,guarapuava,PR
0355544e5f4818d9553faa520fedf38b,c2eef4e8cfe88848c34e81a5cf62b4be,6630,jandira,SP
36a52cbef5f4a32aed0c0215995985d4,bdf66f18d41be7aa7fc10dc72e188357,63125,crato,CE
533a3d75aeb7abdd7d803dd264c9851e,0af92d2ac166e21f4c91e660504a5d47,74360,goiania,GO
8866a052aebe7f7cee97bace65b379b2,000e309254ab1fc5ba99dd469d36bdb4,72872,valparaiso de goias,GO
515dcc3641e65fbef358398ae6dc91cb,31cdd1df0a1e5ae952d89a5fe0d6eb15,95700,bento goncalves,RS
ce24092edd3791e3991bdabf0c09778f,dcdfef6e28d0a7435f0cc0fe0483283a,24120,niteroi,RJ
c8aacd5c3222b0fcd0c71843092fcf09,085a8954d39a215f3f222a9e9c72507b,35920,nova era,MG
797b1107c9db6e7610141a5edc125009,fde381fe79993303957d1fcf9cd6bf4a,18035,sorocaba,SP
e09c6265f1f8647749be9898aa511e98,59e9260732bd3ec2fbb4bebd61acbffc,1424,sao paulo,SP
18f711d8d5d66c0a2d470f4b851e8038,7653c3f4b98d701843c6d9a411ff6479,13380,nova odessa,SP
1d1675fc8bb113d2244bf8778d7074e5,f8f3ecaf1bfba1d0c6b2152653235d91,20720,rio de janeiro,RJ
2b8a2569bb942d6448c531e427cc2193,c6badd3aeda17c4835f1c40f75853e47,90150,porto alegre,RS
f859fb23e2e8315da5d17d72d4f372f5,226d199a40aad52319f9dba92f46db66,30380,belo horizonte,MG
4f45d57597e28593ae50b9c4fea31173,67e59a85e9ff085410ba377fb4226f52,4343,sao paulo,SP
089525d394be31397b994bcf92c6b31a,b20a79d27fe8a421efc278c4d6367ea2,13467,americana,SP
e67ca606dd04696d0ab6e2ed2d63a126,809ea1c56f165109936fe5c51003fbfb,4674,sao paulo,SP
d2cbd9146c1cee46f887d3731fee7e89,650f7ae068374c90be1549e3b258b886,24315,niteroi,RJ
ef1da686c3cbeb7aad736391842d0446,12270c749995eb62a6320c411f4baa3c,2998,sao paulo,SP
2ed91b89dc143b6e37e3adbec2c52fb8,bb9fddd85d9e155939f6ec13193d713f,22290,rio de janeiro,RJ
5f4e8d05ec1f8bb24733577690c48f5f,041e38de03ec3b5f23ba5f5030a52b20,30441,belo horizonte,MG
5e98755f49cf29e4e9e87d81d2f86db2,8959d4251989df68934d67c1d32c5718,39390,bocaiuva,MG
4c188e7804452934753b45b54f5d2bb0,1dd6de4475b080a041f5cf46dc577bcd,45026,vitoria da conquista,BA
44b7421de4760857c604d484db9844f4,d0c1a14ee80beb24f6c5534541975ddf,18052,sorocaba,SP
0da03c17bb6e78ca54c42dd0332b5847,6a8733ff8b8426816669b13aa1f07501,29196,aracruz,ES
9b0ca7ce354778d017ea016dd199f9ee,4ed82d2c4fb7be1abe53c72f75c4e269,38041,uberaba,MG
d85a1facca20ed298fa0936c7af6e7e4,d4277abfcc67f0a3b4e054f14f3e59ec,35179,santana do paraiso,MG
3770b28ef0626cf945d6f4129077c7ae,b6c719d00d65f2461bfda7e80a5cc1cb,65790,sao domingos do maranhao,MA
15308b044c9608fc82e57f2e5d6878f6,fc44fbafeb777f4758880f91e2a33fe2,2307,sao paulo,SP
f6750b796dc102521e62579639ad43b1,4a2068cc616de2b18994f46cfe1a3d4d,72450,brasilia,DF
6da7fdc344021e769a846085968f48f0,4db04f3853752458316271e5a12f422d,89600,joacaba,SC
9c033575d6b8818ce82640aa5674494c,78d448a4ba93427cc4455949fb162ab8,15600,fernandopolis,SP
91da5278c565f5d5d22b3724ec4839fd,83d4f03665f228247540e9d373cbc65d,89037,blumenau,SC
cb3ee5f55f9cbc6ed99ee638a4c72613,a37fc2f55cb2f185411e5c9b7b0f0bdf,7600,mairipora,SP
9ef5831c1ecc3fcac9e45c3b873c1bf9,c90ba74656203f81d15fc73a18ab9944,78550,sinop,MT
59227a9b6b75b6c0612c26336eec0a47,edd5bf7a832faf132ed09bd37bd78438,14115,guatapara,SP
6842592a4cdd735bf3fd43ce522773ef,376fc5da2c32f3f7b67de2f142d38c5f,1228,sao paulo,SP
3e9aca248d1d381339c86c8682cd7647,ba91ddb8d6474f175375b4ced893eef9,97574,santana do livramento,RS
73c5b90f781d271fe81aad2a4f3fdb09,88fa5cefa0ddcf019e8c75e50ae0c703,12282,cacapava,SP
650a73a3bd9b9aa96aa43406dd84fdab,da213261705e114a5d85e48535abf562,4455,sao paulo,SP
bdab8bc8ecc3b284ddf047a31601cd33,ba56ffd32142f42c44f18beab89aae6b,13178,sumare,SP
7f6cc609946a187554550e1a9192a46f,35da9093ca6f1782bbad4b328e31f35f,3378,sao paulo,SP
6d765526989aaae489cdb8d1afafbb15,ccd47fd96a99cdd5e022168e70a2ce2d,72135,brasilia,DF
a5cc05472dc39567d79da21664133388,d984dee7d1584f0e6f2141b680f7dc32,88750,braco do norte,SC
6a0ce72a507b9ca7bdf5ab4f1a875a46,a5649030a6a7f0b0378708b5a342d7db,1551,sao paulo,SP
15377ad18854e02069af4900c8e4039f,4338059435dc4de9f8f3ab662f62ab01,96211,rio grande,RS
9388bb1d7e8b53211cff72e787efb6e7,5d9e7d998439876056905e04fd60c5b0,22291,rio de janeiro,RJ
c85c1adead3ced3636c148be7270ab62,9c17da3c39b62e86f3438aee6a348a91,17690,bastos,SP
c445359b5a2478c8b99696562ad4a2fd,61e32ff7e0509ddd8884143f08643318,41830,salvador,BA
d6e5282ef68aa9ed7c6d9f38731872ff,f5d32f2ee3d4caec1870de481c276bd8,74620,goiania,GO
afc216c58cdbe8ed9cebe1495b155a86,5ba3404c4dea10b76ed8db6f1999b012,37504,itajuba,MG
dbce625996b257695026f8bd3c5ee160,80ac9b7155f022c3478998f6f0cd8043,4763,sao paulo,SP
5a91625bc8965ebc869d9e5247df4673,1ca4f00dcc2c13e13a12565449fa87db,6816,embu das artes,SP
f40f31f8bfcc5f74d9d246354b90af09,8e62db6f625288ad4792855f994abefd,31050,belo horizonte,MG
f211d9a5df865e35ec0010fdb6122f85,668ddbdd3ee99d4339eadfef21531d45,22760,rio de janeiro,RJ
791e2999c57aaaf4919b414931385ea1,47aa51c0c41934c130a5022658fdebd9,7714,caieiras,SP
dcfcc8796b47089b9fb9d73e06011085,9808ee5ebb65190e6144a2df4c5b57fb,4206,sao paulo,SP
406c0e75c679a46577815134afa52837,48dfb1ef4302af2fbe7327e379ac9903,28230,sao francisco de itabapoana,RJ
3e2adca6ca503c06bee11ad4ebbdd009,937ccb37e4aff745a55e6ab4d55f1034,24020,niteroi,RJ
a7b3bd7ba727dae2bc4a68b78b7a7c64,86f5ea139f5fb8d91a5a340d85b128e4,75690,caldas novas,GO
f680ea76654a400d48f8ca6d16a20442,916264d8ad4f14f096a33c663343178c,11630,ilhabela,SP
2c2fada471b6383ccf74a3d333b26a4f,df6d6ea015b45aacedc8cc1040784a0e,18057,sorocaba,SP
757c2dd6ddfe021260303dea1b58b33f,670938c07220d50e8f258eef5f3e6872,18401,itapeva,SP
5c0a13726f1fdc75fb023894e1b64590,62aed189592f119e0232b2491de646e1,13059,campinas,SP
b3add2a91f41661317ee98d39d720fcf,45e8dd7b91bddaa63eb5c62fde09d5f2,31814,belo horizonte,MG
7f6a163f7d28e407e5eaa735bf7014c5,3e13e5843eacac8a8ec14b42e8a7174c,70767,brasilia,DF
cdc52f69c17d2edb73646f3834bf5488,4ae7d01b0aa2f9fad107ecbfb6943225,56330,petrolina,PE
8b574f4c72ba3539b5a1cfe2429352a4,9300ffeb6ecbaeb37ebdb2120a28e1aa,26221,nova iguacu,RJ
e4721b61e8d2b4b85d606809f6baa292,dfe0f45b0b8cf0ce9c4cfb41c0808240,4023,sao paulo,SP
daf42b4ca0bdcc543c7059047a122897,687c8082beea27b62d88da5d0885f5fa,8421,sao paulo,SP
3eda5c7e6340baf62f38dec00856a877,fcecfb187df6e865659cfdc0620b06af,4230,sao paulo,SP
83b048e87ab6bc8d7f04a7bd976d9c31,be702ead111ea16e09aba67f992c46c6,41213,salvador,BA
18715b86f15b55cc06dcaef3708656c7,f1222bacdff89a25eb29e54eeaabbe6b,27281,volta redonda,RJ
1521c5e9bf82979a6b8794e90692097d,92b0705c6923fe44dd71b2b737687a7c,37540,santa rita do sapucai,MG
1a71c3ead49ef67aed93c31aacc4d046,3c08c0c9890175f3be7d4a99d4ef91c7,63515,quixelo,CE
cc2f295002062005243ef38ca0f95ebe,4d4882fc0915bf794b1270689b2c8072,14783,barretos,SP
911ddd6a22200fb5be95414c01dbab72,243b20ebf709615111e1151da9995cfc,97250,nova palma,RS
ceaeed79bef0496075037b3cc8eab28b,7e2b5ad4ce455201b8264ff03f72ab6b,12216,sao jose dos campos,SP
e8945aceed698580f92f6d9e4ecaf34e,71048f40f553973d48d6fe35d01a3afb,66914,belem,PA
548d14db00395dec9825ea9673c7e672,bb78901615bf2df3f75b52cd41813869,3134,sao paulo,SP
894337b29433786ec770ef5bf5475cba,872cc08a1ec02f94f728a1eccfa7a80b,9290,santo andre,SP
49c23f19788a952bc6bccd97314d3185,5da812ba78edf4151612ede627e1192c,3524,sao paulo,SP
6066d537b297112e9ad8737b8c8a2eb6,721b54017d86a9ceb21b520a2cc14860,13432,piracicaba,SP
3fceae1db8d9a8ea20c73ebb3348932e,b98bd5ea1963622e6f76c3aa00869862,95250,antonio prado,RS
1472468d6d56167600d5b11dfc70f7b1,b1cbc02f2581d4296235ad9a5e4ea4cb,5763,sao paulo,SP
bff5a17c6a2c64100921da9fe9591a43,95ca2c58fa0c3425b47e477d1c7bb829,45836,itamaraju,BA
75de575b1ac67f10d725383d4ae0b0ae,9039374bda410ee8513eca78503e2ab3,95045,caxias do sul,RS
f3aa1c92c018f313579899999ea7ec40,233e5d96500f59984c19ecc4b6883ed6,54080,jaboatao dos guararapes,PE
5133dfd79e71fc9244e60dde0bb6229a,4b4c2d367706e25e519323e9d57271b6,13171,sumare,SP
c8830d8a8312a8b3b74370c4e61202ec,8b433c0e7b7d2a1f1148b4277cc673f8,1221,sao paulo,SP
a7bc004b32eb75e7546d6b81d5b8fe44,7e7730c025f8195d40ac4d0050fcf37f,31160,belo horizonte,MG
a53f827b1dbbefc7db9951541abe454e,7d92000409c85ca917fc36293235bede,9530,sao caetano do sul,SP
8c13e5ab23851a6fdf5000a1db2378db,25f2a384fa2be0af7d759ec22bd5e88e,48110,catu,BA
3630110a4717d9f7969032afa285b469,3a56452dccc454b0a79012761fc871d3,26980,avelar,RJ
1d811f8b00a528ee91e12ddcd26e958a,712285b21e58e753e86b93a8358dd1a2,20230,rio de janeiro,RJ
79af00341a7edf65ba773dee228d5008,aea237c2c4df22724a09c622f75633c2,25545,sao joao de meriti,RJ
0fe01041704b943d5c7905323ea63a2b,7bc69a06edaaaa9d75b6950546ec94bc,95703,bento goncalves,RS
3f9c2ab2dba880b58557d8bc27f43da2,07319d7b7677470c57d132ed034858ec,13083,campinas,SP
6efbee10da96b631dcd2c0f3dcfccbd1,f80352378d6ff6454ac8cbb9b68ad4a7,18074,sorocaba,SP
ace1a8511961e8466d5dcacfa5da3185,b7be742fcfc8447746fe153645c1ff95,28995,saquarema,RJ
60759d1a0d02d7e2d74834df707b597a,3a01046c309a105bb4688bf2174df242,8290,sao paulo,SP
39f008f05281376690e251346106e6e8,64423fdadaa5ba5ca1b957a61bbea26f,5409,sao paulo,SP
df1c0d10b952370cfaf589b4f7c615b5,f63ba17b6bf60a96c5b82a5106a10fee,3471,sao paulo,SP
1d4ed7b29c69512e9a142a6a5c52f5d0,cae76dd4d838ce8f3f152baf0784c9b1,20251,rio de janeiro,RJ
23304f69dac259edcc18688d38ab9250,535d35b2288cbdeb6a7ba74ca2173213,20940,rio de janeiro,RJ
5229e43884ffd6794e9397bd346ab7dd,fa8e13c098119467f86bf2d108eaeadd,34001,nova lima,MG
2a5ed0328806da6241e75520ed74d9e6,b49b24b28a12e3d89eef761792dd3aa7,14230,serra azul,SP
7dfac2f8b35d57481de621c401fa4733,46b6a239a832256313fe411679bf0473,6528,santana de parnaiba,SP
deaa5dd4f21cf2d8741e476989fe7d5d,8afaf1b7859bb5b215d1053bb9ab3dd1,6783,taboao da serra,SP
fdec684fa0be036ee7039f3edf5a0323,fae0d2da216f5c93d4a04188cac2c52a,91215,porto alegre,RS
eb9e4ffb14ee9484e33031726c7ec185,8637ac34deb9ac3edb1dd11e7680379e,86037,londrina,PR
051cfab9a2157fdd2150d0b4aa0128ba,02a12dc286c290872d5a263fb9af0dfd,5886,sao paulo,SP
752c20c019899b96b3740dcf1e43ba3d,56ad93070fca7acd5e5acda9413d079c,82320,curitiba,PR
47236502c05ba94b54a18feb382a6a59,60ab50a68e50e803b56030bc364f0365,60320,fortaleza,CE
4154a7bfad13391d383b6b30cb06f639,d07556020597ac72fd704ff047eb4e8a,23017,rio de janeiro,RJ
016187b76ffe3a8b7709732077de2fc2,49a46a9ac7e72f7ce9e2a6007f4d33e4,31330,belo horizonte,MG
864ac617f28e226558e823780f171c9f,a1aad80f12918aa399ec076ed078e5d9,48410,cicero dantas,BA
60dd5ea5f8bfa751e88c6ba644c486d7,06f660202926f97c1f4fda2b62b64d10,77500,porto nacional,TO
38a210aed00016125db0e5206d6f300f,5a989673ac02813d30ffee0254885032,76812,porto velho,RO
eab8d39b5241abcb22eebeca69547491,585eb4f23058fdf743cacc442469e263,4081,sao paulo,SP
83f98a31688d3ce5de0bc10d5c375ce0,da1350640cb6f44df284977b3acef692,71919,brasilia,DF
0058153a752ee674162564afb1191d25,da6c70612a3d7484427e8442ff96056c,13214,jundiai,SP
0781f7137f42f48c0121b25b06a9587a,67ac6cb44629d3f7b3183a375232a658,22790,rio de janeiro,RJ
3488c223952176954f711d33db8c20a4,7ac51a9e42528f933b21dd8be915e774,31275,belo horizonte,MG
1fa1869a410018e63e73c5a1fe358492,eaa290405cf65ee6d656ec9c4000b297,29450,apiaca,ES
373facce3e17d33fec7df11c961c6ff1,c27fe69be20acb0c44a690e39d19ec07,5353,sao paulo,SP
9cdd2de18cb0bfec28ca0c4babb6f253,ade3b1e61f3ba2966b1a22324d46d3ae,21825,rio de janeiro,RJ
070ae6a687b800200c1f7dd6a2671c75,c88d886ca8a1b9bd1a01e4e4bfe40781,39990,aguas vermelhas,MG
769ff3a041b439485ac1e0db67d72fcb,f3ea9af565ef202ad15bcfde52697efc,39690,malacacheta,MG
3ebebafcab1829291818288df19d4def,7311b47a208b4f5af09ccc62fafea9e2,20040,rio de janeiro,RJ
3c3cc3aa98327a4a14d761d165a30f32,aa819d3931d5810f7310bc3e322d52c0,13280,vinhedo,SP
2eaeb6168aa4c77889f4c92ff8923288,c620bb6fa0152207cc1258d7360e16aa,17526,marilia,SP
5ad1822b8f9f79c3b54bcc1346280bcc,73b8cd05f8b04f402a513776ed53f5e0,74366,goiania,GO
f4114c3a49ac4dfbe34464e0df196f1e,f418aaecfb78ed876345df7daf813ad4,5145,sao paulo,SP
2e57ca0d2c4b939fd528fe677acca228,40ba2f93181124ee1d17d12baaea40df,60175,fortaleza,CE
3a0d9464f949d26dc04a2d4a13e1aac2,443ed0c23fac9e05d9726d72b9d5d6b5,96201,rio grande,RS
067715fac053f8972e3887e3784e38f4,4fb2e7406e0e99946ce171d6d7350e1f,4022,sao paulo,SP
18ad953cb2e41768f9d27a594bde4efa,11a3148cf0bc61a3fa3f4b46a79825a1,85465,espigao alto do iguacu,PR
24cddae2e51926ae7ac40c628a8338ca,8111e35251e270e133f321c2c39b2a9e,88058,florianopolis,SC
6c99c2743ac8c7f04fc33d796f7b93a2,5f88aa929c85ba484b884c2670662dfe,5015,sao paulo,SP
94f306aa0409590067dd3c13fb2cfb4d,4f23cc21e6413746db6eb95b63b1a3f5,32223,contagem,MG
b46f53945d890c2f7ab73763bb6fca0f,0f2e0b4dd28e255a8ae9f056a4b7bb06,13460,nova odessa,SP
bd7ca23c050b88950225b16f05d65e35,1985f70726392d294f0c9a247cb95590,55296,garanhuns,PE
57de18af3ee9319c436bc09bfb515b5d,6879d467c6969cf149a17b5813535837,5018,sao paulo,SP
de9ebceca7f056c08928dfa4bb245205,bba3f4be9f3287f353960e7730bd12cb,7183,guarulhos,SP
5d403e9930692daa08e3a13f8a68d462,d3a8c1250bd58172865ddbec02f31620,37190,tres pontas,MG
7a5aaaaec11d575445323b17c38189f3,3e0845420cb8ea26325cda9cb7cc4d8a,20550,rio de janeiro,RJ
2d48c9765cb9dafa7459c2d3570d358f,ccdc8077ddf73967d6c6e658cced7d4a,65950,barra do corda,MA
6995decf2663f921e8dfb49b3e7b5b9c,5f7960decfccb628cea4c3f2c4c7c370,13087,campinas,SP
2f2b6326403a1044d7c1c951fa3867f0,f728be7f9d69b14f9d1673a016184b1a,51020,recife,PE
3f4ea183de6009df33cf21c4363cb2f2,8a4945ba37651a97cafc08c45e63986a,2362,sao paulo,SP
fef6ee8cb0a99f0fa68808e0fadca078,886c8a8c924043f8fa45387ddd9a16f7,19906,ourinhos,SP
2f3e2d8073267f019f4b470612a159ac,176d02f8cd5f4b1be1486d07509ee2b9,55036,caruaru,PE
bf6181a85bbb4115736c0a8db1a53be3,634420a0ea42302205032ed44ac7fccc,27175,pirai,RJ
ef679ddb34f8f011599d10e88c859117,48a91a904cbb4f4f4de08f6c74f39407,23081,rio de janeiro,RJ
b6d0ae20431d0f3e9d26bbf4c311914e,81e1a781cd5925decbbd918b8cb5fd24,8710,mogi das cruzes,SP
1b866cf3a2f6c85e99d9b07c73951689,c77dcf1fc66bff10f3dfc9a8113a995b,73105,brasilia,DF
c93cde10296df75c3bd18bdce1cbfffc,24115a0c9fc9115c586e54fd5f42e8d1,1306,sao paulo,SP
1b2fccd64ead0637991ff28c1971d9a7,b4487f7becb51a93d4d0ef1256e60d99,25935,mage,RJ
1a825a018a70af4a34062710e7df0965,072a81b5a11139d7781a0024a03a2cb4,24241,niteroi,RJ
4ccfc3a8ef510c3a3c2492f64b5bb9ef,b4472cb7107b18e32c3cafa45d2a3e73,14680,jardinopolis,SP
da5bd8e328c797b2d8f4d7199d5e94d5,374435e2f0f48d047373cdcf1df86d8c,6780,taboao da serra,SP
19cd19a792b8ba4bc826a9a3874159dc,18f22ea849f56a8767b93cf03343ecf2,18702,avare,SP
4109c63be22f97950143c4acbfa68e4d,02880ecd2c905f0a16fa1ae3d0884b1b,9434,ribeirao pires,SP
b195e38bf691c3171e5861b9c431f4bf,aa89c9ffe0bd4f4795c3ea49b59b7be0,7193,guarulhos,SP
3e4d5f8f67400f2829ce7e9dec5ecb78,cf1a4c878349bdca75ca44c3417b9ad6,31748,belo horizonte,MG
8c3d04e424d330c628d1c1f62342915b,bcc0c7953de6300fd23a4715ad9867e1,6705,cotia,SP
ba24dd2a357ed4fed5ab575862f41b61,f5c7eba6f2feb6baa7bc3daa2e7baa98,23094,rio de janeiro,RJ
df26ca4971ed6b416836e89a20d4fe13,442634173364ecd07f5749a010e12a3e,8290,sao paulo,SP
b3a679397fd9fc5140a33c5033458395,ecac0115f3d5db1b8336990cb105d307,36050,juiz de fora,MG
2cfec1970705b37e4a308bb0d39113f0,4c8b8da10358565e26bfe9da92eaeba8,29164,serra,ES
b544075a6d77dcd06337afdb49927000,3d9792f2eb1cac3a0e4c59b80198b555,9540,sao caetano do sul,SP
575ef70c7539be8b334b433a37246097,afcaa603b2034ed8d7c3bd09586ff15a,9321,maua,SP
905c64238c028ba8ea9cbe01d51d38b9,190865db43b4d2a34a1d72df724d1622,98700,ijui,RS
62027a3235ec0eb7e75e53ac09ad6e55,79138ecb5d2fbbedb5b03b630b6cd6ed,11990,cananeia,SP
a1611dd64649bd4c6ff1de1b4b5fdfd7,45582c7de3129a0aeff8e5e2bf045d48,17900,dracena,SP
ceec04c1f9846950a467eee17ccdfb85,34962563ebeec9ee2399336065fb09e0,5351,sao paulo,SP
066bdd46da5e8a7f24e244574e3f51aa,0dd971dd4cd409105778aefba5f7fb38,98700,ijui,RS
c8d818c5d5c614a9042ce8e23ad8f125,d284ecb456463236872501e99961bd52,85903,toledo,PR
d225478ebc7787b9b8774397fd3ae56b,e494f4ef3cef10788bbe8917c274727f,89289,sao bento do sul,SC
2b2cdde08e3dfef7b01d635917ec54a1,c2279d745ab2b9347f3b8826a8ed513c,48601,paulo afonso,BA
b77ef6aa11b50074739e74d4a78ae4a9,b992ba5b73d1e67d34f48d71a5617e88,75805,jatai,GO
1badfbfeee64a427f1e3fcd009ddcee0,36205e613ed685ef7d9bce698fc86e70,41510,salvador,BA
c4866f0b17eceb1322854c023648a596,d2e88d9c50422550ee9b0fc82c8208c4,95084,caxias do sul,RS
35f96e58f8d8dbc038a306283c9b4b4b,51e44a2ff755a990daa6186a1bfb502b,81710,curitiba,PR
9393744f4214f430a813fee1316567e2,927c1b4bd2d326409fd16eeedaa9ea30,48080,alagoinhas,BA
c947bd7320af6ca068c7ef4389693173,28b358cbc7d077bc3bfcc788bade155c,4561,sao paulo,SP
79d8872425bf0cea7e133d08e0e45f1a,580ab375a0b236bb0ceb400abb2e0a63,31270,belo horizonte,MG
5ca683b344929c41668368dcf9d5b168,f0a16779a7adc4efb88a1a329b15474b,31170,belo horizonte,MG
244c5781e9005c4d4ed312232b155b00,4ee952a26c5e8af732f1e08c163dff5f,14783,barretos,SP
ea3acd2d48472322455ab1b6ed05f253,b83c15aacd2ade90cfadb49b5b9f881f,4421,sao paulo,SP
041c1b581b3d75b637507c4bc0e4905f,186faf3198f9fb8a82531e639b54db8a,17514,marilia,SP
f2d6a280d9aadd9fc04f2e1e4660e2b7,07395d6e7fd36ef9c2c1c7fc2f0a2bf0,45700,itapetinga,BA
9959467a8562a7937386de4cdc07ae13,9a532d267519fc583312ee894c9fa405,21351,rio de janeiro,RJ
93d186739ba905a3489bf2f239a97167,dcd27efb93b723b301f8bac00e5d7e01,91370,porto alegre,RS
8e7952773b680825d0c65e05592440e7,b9d9da6805f069d2324edb4952e9d0c7,15685,ouroeste,SP
c889eec026a928be2c4ddde850ef4919,f1074cf981af1ffe480a9781f1d0b0bb,13405,piracicaba,SP
72439ef3181cd62d5b508cb9beb48c4c,6a9228e8188372259d9a1db0e80b5af8,13505,rio claro,SP
70dadea89e8294361606fe742fceabec,5880e398144a5fc8dbcd185521e3f6bc,95560,torres,RS
8219dbbbff05552e56dabd762e39de3a,f1485c238a50f4d2a48be2fcd6c22a61,59069,natal,RN
78d5661572968e9b17462be561afa42c,904a6a8c41db7927d4bb241b306e539d,84350,ortigueira,PR
269ebe5042123ff1dfbfc95d52eae825,c818ec5c41404938a0bec244f3f81cbf,88160,biguacu,SC
5b9e676ba4af242f149ba51d095d4f5d,adda0d6fc1c16cde6a95d6bf6041558f,86084,londrina,PR
29c35fc91fc13fb5073c8f30505d860d,7e1a5ca61b572d76b64b6688b9f96473,62700,caninde,CE
4f478a1b6fdf3b0ea05cba4ca2aa473b,91e896ede1ad968d626db06bf3363652,18021,sorocaba,SP
e6dfd24ec0d6e4e7002fa6dca5bf55a0,7a76f872eec388119a13858df1571b2b,47950,cristopolis,BA
5fdda35530bccd97623de0d77924e337,aea4d758cf1a6af26b5e7c143a99127f,18701,avare,SP
3274aedc859b9aa7d7e5db28cfb7768d,00ba737b18a7996f68cb8a99556bedd4,29167,serra,ES
c4781eecc0840edcc02c29277533004c,2c14db46aee6245ff5a01f7f69544f73,11250,bertioga,SP
8af79516f6e41a5dbf47396cf9e60311,4bb9e97914075938aced10f428e688b5,63765,sucesso,CE
710f531a591d1042892eb71a78499cd5,956a5b68d7a800491cb49a2a10f00d0c,56304,petrolina,PE
e2eed9d273e12f782167ef6b5a5a1bce,95503ba2ecf3a1e14d68c6599601b9ab,73080,brasilia,DF
e28c7984cdad31abb88f1e19cd8621e1,9159c04b88895d995741dd5b9b7a5f1d,28035,campos dos goytacazes,RJ
4d575680ce2505bef7485ecf1badf1d6,067d22395c78dfe68b327a9444ea48f6,9661,sao bernardo do campo,SP
feaef48e150d4f22138e748bb313698c,291a27ec3b888e036ec2a199bd76554d,95200,vacaria,RS
3008ef16956251f42daab39f8e3a87af,3e309610ac2bde864374c18e8d8fe8f8,28027,campos dos goytacazes,RJ
b36aecddfe5ccb0971ba9de40729416e,29ca20390ebb1a670b4f22c0bf757b7c,13070,campinas,SP
5b4a17cdf8e611b47a912e232cdf6441,5924dbae905fc6023d7297db2d613855,1050,sao paulo,SP
8bb9547aec97f493e91a078f66fa7ac5,630331e73a79ae9a2ba821bd326ea298,88850,forquilhinha,SC
833f9bfebc6895534e9567939653e933,cf58b0a3959d683b2702baafc2544673,28907,cabo frio,RJ
21691bb6e6986524cbbaa74ce9086c98,44fffb630b6f1fe30a24335fa467d905,60175,fortaleza,CE
97396993d63e820df7610ffaa26f14fd,cd933f89d0e65296590a361e50416a0b,30441,belo horizonte,MG
8b70e14114ad1b6f5050481b48c24a24,ad9f17317092cd1f0c69407fe5e2107d,9720,sao bernardo do campo,SP
6e99733532423390e0d537024ac60812,9a74735754d42a0593bcf6356ab369e2,95920,boqueirao do leao,RS
d9d2cd20127873b3196b6847b7810504,bf9605839bc246e37340382e39491e79,2989,sao paulo,SP
e6f40fd97b2ae5d03f8a2a211fa042b2,3c5ff761d061ce0996eacf738795e760,9751,sao bernardo do campo,SP
8bb0928c36fbf8a37b88a419e3cb0ffa,4f50fe31bd8b72604c6df88381f54b6f,14802,araraquara,SP
933da2a653210f730747c28a49d54d8e,638b990b3b08f2b36b0eb8dc89cc11f4,72007,brasilia,DF
09c5222856be1228af5bc3c2dd8842fe,4c0c0aaace4f4f653104ae52e4811ec6,9841,sao bernardo do campo,SP
f7c89da122bf0065f6157a4c19bfe24e,f03010990971a88c965c821171f93010,80250,curitiba,PR
246295516c97fc54aa274c6fd2222602,7d3d94b4740895a17760e976797f9f0e,73752,planaltina,GO
79549bf1ee85aa08fa9007af4f4a6dde,ca49534fcedb73b42c18dbd99b0a0d22,22753,rio de janeiro,RJ
daada56f7d2e74dfd291d652b7e03ac2,b830bedf28690adc283cc2fc24a61768,17160,arealva,SP
e68996d7ba9225ec61f16385285d3ae2,1b25a34c8e47da8c942c2a9b3bab1a05,60712,fortaleza,CE
448c7012ea9044144e5006640fe2709e,4cc442b5cc7d361e4da6bf55b07fe23f,42600,madre de deus,BA
e8b75845a700bb574b2346b8f489736a,7983fe58c2fbc0c8ef3ebd2afc39a7cd,5051,sao paulo,SP
4f431dee2efccd72a2b5707929dc85bf,59a2c18c257098c550b92d28d79d7e36,59054,natal,RN
ac9d00289136be90ac64557222f2e9fd,12c54f6dfd4b723a6c76c4c989494422,68750,curuca,PA
f418fa622ecaa0dc1bc8524446faf6fd,40682a6bda55c041ac28f77b0818868a,1307,sao paulo,SP
4c36169fa0fb2131640c936269b87ea5,19af6e0c256fc911a7a63c644a38d34c,50810,recife,PE
9c9216f8fa659fc786c005ed7672ecee,264a20874923afec499b9734e81037dc,74905,aparecida de goiania,GO
c761ebec64b4f7a47b094442b3dbfe0d,d4d43f25b59d9e22be5c238a77c52eb3,22040,rio de janeiro,RJ
13cd366fe64b37786a0c7cf845d1711f,5b976dd4f77ac841d7027290494b8dbe,1228,sao paulo,SP
0ec1d2c13f8309ab79e431af6dc72245,b6b5367f6d344682c90126fe86594604,23088,rio de janeiro,RJ
a12427487c970a4a75dbeb5884f126a8,c5e94cf711798a7bdde48952d2b3ee28,4474,sao paulo,SP
469eac1e2fe2a69a8ade2d146e9cbb9a,ef5b1600dec607d23bd5f56c0e4aecbd,64260,piripiri,PI
33c7436be4e08a85eb14b56f24f4506f,7c7549c421f7dfb5b3b993c83ccb1274,88063,florianopolis,SC
8953f8bf10bed387ad35f83d268ecf2a,a9e548f8d73f58feb2aa94dc33f67fcf,2135,sao paulo,SP
86d870bc6aaa37f7c193f9b2d19b8015,4d72e3ea2d331c774abb707030dd9ce5,50771,recife,PE
0f5cb52a437e2f6062863423966ccb54,df7491b778a4f160e6d0441eaeb59856,17020,bauru,SP
a0b74b6766104f9ae731fe5750fb4f96,c498826286bdf04d6eb8a4b29f09cca3,54440,jaboatao dos guararapes,PE
6643c99ffb651f9b5002aba628853005,de3a3d7d80594efdfee27a0fd466844a,4738,sao paulo,SP
3ca581e4a4ee0b48467bb142750e2bfb,28f336041a6dc38b53719353255170e5,36033,juiz de fora,MG
d3cafb429363e1c6b3a3af369e31728a,7f7126b230207b8c24086dfb5f408ec3,99062,passo fundo,RS
212faae3e5c3646879daad76a9f106b3,72535bb4d0048ab6c69d0364ce0dee54,94500,viamao,RS
dfabae7548b656d6a0d4b68896377ddc,6f84e5f81b7daece37fdddcc6cf99ad4,93270,esteio,RS
b7a7e149c4a6120ec3938bd2752683c2,1fd4f857b3f68f5622ebde22e2b328a6,37470,sao lourenco,MG
ab4c9e7ca64df4b924904624092ddeb7,4c91f30875e2482c09e9b81ef600985a,23520,rio de janeiro,RJ
95fd46b89a4174004b2407d01069a6d7,dff712b02bbaed94147ee35e29296897,88115,sao jose,SC
759402811612c3837b9e688e4ddc26bf,b8f20ea4c97c0b9d62a5c41ff89eb36b,70361,brasilia,DF
d8d953c123168b787dceec29e08d08d3,157cba90d59357f1e82a211874b89e59,41720,salvador,BA
5681c6fa141b43aaa13277dd0fd30b76,6edb6d37f4e385515f898b31dafe8fde,89270,guaramirim,SC
6cad8bda4d24c4f8c23b060739f09d50,d042146c4da00e3add955504c7740785,83323,pinhais,PR
a6472fafe286c66c40540fa2b3217657,8dff9b4552dd014ec5d661e447fbfc4f,88303,itajai,SC
bc4e6f215af91483d54431baacb9506f,934bc5960242b4b13910b02da54a6499,33080,santa luzia,MG
c0ca3b0cd457d58573982009c592f913,0d153268371aa25450d4117ff070277e,29314,cachoeiro de itapemirim,ES
a428b29ed08b54ee2ba2c4f06f1a0172,bdfd71dfee6faa67122cc7cdbc14d9f7,3707,sao paulo,SP
c1ba054116e13a367a09a45be363525c,bacfd927a67bc4cdbd5912606e830e35,38570,guarda-mor,MG
64986afd0f3863810521731e53f92463,44ab76c25210de009b75d6fef6c02335,56250,trindade,PE
aa19484ec6282b1a5a8a73035bb402ed,947bb4afae73d38f9abf4505d5876995,28020,campos dos goytacazes,RJ
a368e7a5ecc4fbc5f7c9bbd5b809244d,f504a7ed99f2a37120d9cc0164bd5765,28085,campos dos goytacazes,RJ
9d71e1cf1662cfda7aeafb61975a3e78,ae4395be33e633d0c87010d59847e5ed,6233,osasco,SP
987792d50bb54634e7d921c843a4c0c9,c2693a7cf9b97a0d610da608731669c8,13870,sao joao da boa vista,SP
025ce7b097bd128c2d494aeac94d62ea,8485723ea4c23f245f2bad68833199ae,13157,cosmopolis,SP
2110656d0356c5d1d3c7f1c7bce0e319,1545f2408959aa8478cb267d8429e642,41830,salvador,BA
627ed432c94cb78c7372b6f7cade43b5,736f5dd51ba596512ab19214081058a6,17900,dracena,SP
e65509bad7e534de9c1f202b06901672,a0e5e99b85fa7db55a095f1dc2ec6f86,20540,rio de janeiro,RJ
5f05de07772c3e69f3a019b70a0c97e9,b73f9b2eb9963a26663976fff2cece8e,88840,urussanga,SC
50ff7fc5ed9bd9bb79a4313f9924c6e0,5b65c2693d8103d23aa910cd33d68daa,3058,sao paulo,SP
223f5e3208f2fa202a8ff706a4d9b206,fe86d9409d83a3c561ce16e64d2d55e6,17208,jau,SP
b443cbafebdbd5c74e00d344cd9924f3,d522defe17a69684126a50885b063c22,13301,itu,SP
887161ac86a185362955d1b9383647ff,c31a0532ac4b77687d61f7fe1483d4a4,85950,palotina,PR
b131df50e42e825b93ca23fa215df7d8,c691a79acf53373763ed547bb1c6dc8d,29500,alegre,ES
cb3e59ee986f4594de1982df4ae214f7,5fba1267f14b938597891c1cca2aec83,13087,campinas,SP
d2b82dc17fa9036f3f7608c89e3f27cf,c7933dccab945c35bc980f4035aa0e8a,35057,governador valadares,MG
c577a3560a4ef759e583df6ba85764d4,9f4d01541a4f4810af5622a067a9b873,78640,canarana,MT
b6e90c9642ff01784741d3aabd4c94a1,f58d944f8ac78d84a1b8788ddf0636fb,95047,caxias do sul,RS
181d85c587921142b36f4e1546d35102,9e823cb684444e4ff997099a6c110539,2131,sao paulo,SP
b704f6bff2b0add361439bc7ff6891b9,87c966979c823236e0d541e7618f12d1,20510,rio de janeiro,RJ
f0c20eb716fdd6eee9527ec291b182e6,911d70d16b6a072a40b2786f1b9e7b29,48602,paulo afonso,BA
f6f71a017148c4026116257e000e95a7,6315571ea4d67f9ced8931cd633a0d91,5835,sao paulo,SP
aea1dc2400dfb8eed8cc28b4f8f84faf,558f30ef40ea639bb2a653de68b87c96,13760,tapiratiba,SP
89fe1107a7a7a8e70a256454d3da5335,cd8b7fb73501d01b71552fa7dd310083,5415,sao paulo,SP
02acb1d49edb6c09b61d2f496afc61b5,bfe14bfa136397036c4fd0cade75c68c,29142,cariacica,ES
9d4f09256e5f25a5524be3683a133cec,37a72688e390d6518a34aba45b02e5b5,2751,sao paulo,SP
70eb2dbf20da55dcfb3bbe2cb2cf1fe2,6c005d6d2d21634f3eabb0720c780d75,4010,sao paulo,SP
0238124998cd8eddd5b3ea04d4c1e658,4fefe0e53334d2252f3b920db8df4776,9416,ribeirao pires,SP
9632189e7c39675d6984fda2932d81d2,4488b467710402ee5ae26b004c68b53c,1451,sao paulo,SP
4ae48f8e3942147402a1286118601c83,dce5a2ec04713ca71d7fd432f45b70cc,28640,carmo,RJ
af1789225641b6acc60f97f3f32f5673,15fa1715ed2fd2ac6a67e6234d4d5128,13940,aguas de lindoia,SP
88a9b809cb9f14bee2a9756e44680552,4a7b98c63e40adcaf751c0e495f36218,7600,mairipora,SP
9111c8e96c761096f6fbe14a3a539f5d,aa682fe324897a3a7e73bf2591ffc4ba,13223,varzea paulista,SP
d7c6f5abd3a5d2d8104fcfcd7d532537,0326524848da9311350236471586bd61,17014,bauru,SP
b17ac2d4ba142dda51133ec4ccc22314,41a8699b6fdd90adff4bfb8575e5a261,5791,sao paulo,SP
8b0d2a7469a834be66121a363b65bf20,52073a48dbde224bc02e3392ccd262c4,85340,rio bonito do iguacu,PR
db76ebd0d51c2b3cc44d84cd6df46336,22b05429f5f6165b033dd8ee7cee1150,37701,pocos de caldas,MG
670ec71eb17d748055f9fa2a0d111979,64f153180018c78a3d75afacb057b284,34800,caete,MG
4ab0b8cd1e875e4d28abc70289f1e90e,f71da337f7e2b3a70c74fa505f0f6ac9,98170,tupancireta,RS
d62db763ef217a63fb356a1b08f55f30,4f3789687cd4e7a0df0a6b04d4c98f03,2013,sao paulo,SP
11b8d5bca945346e1096f142d0e423e0,feeb3c8abc9b9f2566108e37cf124b3c,93010,sao leopoldo,RS
b915de450bfcf26fb15d9d80656184c9,ebb9914d899db85a307221d01335af6f,38182,araxa,MG
20c678bfce3c8252288f70dd2bee5e51,a59129ed35da4c3e3f2a005b4c6582fc,86081,londrina,PR
fbf9c2e3c687f16df64422a9c855b8e2,6059cde3ff567c063cc2af56ca7c47df,21750,rio de janeiro,RJ
fcd5f6483d41d80112a58322955bf9f1,478ce3f933a0762be611698dc878dd93,45530,itacare,BA
6f3ff429d5c4b068e63ef27beeace380,beb9a932b5131b25944dcf8cee8ada78,72220,brasilia,DF
df1ff2ee71213d4b45436b9112ef71ec,89e01d672c0a04d18ed2cc070fbc842e,78830,dom aquino,MT
ff6b00a007b6c413a1106354f2588a07,6752b6a9eaae810242a2428c7b1a6699,28040,campos dos goytacazes,RJ
a1d11c86c04b7d1902367e61fb144d79,8329985f1dee7a65c9111793c4b98f5c,24230,niteroi,RJ
835c64056c71ad9d093dc7166f22a8a8,ff2879fe71a6d417933aa4ecc6ea8754,38280,iturama,MG
9e2974fe836024cfbba8ed46b8baf767,9d234cde9f3c90fad3a9ccfefa681c0b,13040,campinas,SP
8c8ebb03344906d2201f54daafd859cf,cb91b5b25e1e383e3b16135d40fef818,95240,ipe,RS
fdb23f61fc434280c9c4775870bb3e25,3f2b884de3dec8afd74690566c328abb,54705,sao lourenco da mata,PE
7838d18f32fd8c01bf0712b588663c16,4f565e623a2b39b6b3d36aa1678f9e92,16072,aracatuba,SP
0fd9e022d3e82c6e05d0104ce129466c,8a90c3e2b92d45ef07713a65eaddb41e,4302,sao paulo,SP
ca010bab03307159bd329c6c806b98dd,c4b8822f61acaef4c35b95a6372a0dd5,64260,piripiri,PI
bd3d0f3d1788cdcc21aa86f223d60b7b,79f227df52caf2b68d36e990ff3fc652,27700,vassouras,RJ
2be913efdd5e87b86e959381ef909b74,965dbf9eabd957a0a48e5b4b1b32c6b7,81910,curitiba,PR
5d2c31fb208857c95e5fe089f10e0479,5c4ebb8ce7676ef6aaf26df2a48fb102,76908,ji-parana,RO
55a0c3e86baf62169bf4ec368c02193f,33aa7fb9d2429916573aee9c36263647,14095,ribeirao preto,SP
eca75e9adc8c91318ff3031a136b5130,2ec904e60190e21e22178cf6b3c44a7e,9040,santo andre,SP
d6432abaa147482576f7efa196cb47db,e741604c468509cab635806118e2a80f,13340,indaiatuba,SP
59fa4d3923b20aed0ae89cc86febe83d,6a612d163c494321a5a32bca5f558296,1325,sao paulo,SP
a34cb9acedf3c08390532e4df4f38ac7,4db005ae588356c526a21122bb436852,99074,passo fundo,RS
b70d5f83bd11f46b13a82b2ee6392eb2,56e4f649cb3c7534c9a74660a8c804fa,37558,pouso alegre,MG
b35a12036c527e0cc8e2310bc04c14a4,c0e66c87594dc652671df374b55c5661,53110,olinda,PE
7ebbd71d486f47070362e2e9be10898b,16a860be408af5ee2e9f8a8dad56ef17,70800,brasilia,DF
686427538716525c9b1b699caa2bd8f7,5b8a75e77489899ad9e6d57273aafd7f,86960,barbosa ferraz,PR
b4111141220267ae8e763af405bc6469,5d9cec5f168ee6cdd275168ed54797f7,63011,juazeiro do norte,CE
fa8aaa18814fdd364807cf2de3b57fa5,840739182853bbdd69938b37f6d87c1e,28770,santa maria madalena,RJ
df56491c32230f0ef86a5c35dac4e0e8,c94878ba8984da578f5b2674727fd748,8510,ferraz de vasconcelos,SP
a8b2feb6b27345e7706e17607e869eb5,51f145ebac223f064570d43d35dca418,22081,rio de janeiro,RJ
71dd1c2bbcb2590101080d3921cfc540,2cadb76aacfa6da3ace580c24e895364,4618,sao paulo,SP
ae8103a85db8c3dfc90a0473e90db207,39d84f98d086e195f0879818e81a6767,89259,jaragua do sul,SC
75cf84d6780222c5fa6285b1a93532cc,afe9d6d9c6f3392215b71f8b2b0c11a7,30770,belo horizonte,MG
39ed53d31627390f1a8fa1470cef1b5f,98ec8f34699b3551d97011b3fa201265,5812,sao paulo,SP
e787ddf38676914ffe9704e1766096ab,5e0e18fbc2af5e1582f7c30d03df2cfd,98870,girua,RS
0c322573ba503cd7e758af29de300dc3,f058a2cc5e2d85f398f29928af6436d9,28685,japuiba,RJ
0a9b989d01b6dcfb690b128b24ab3221,4a333e04d23005c217ed0c15b132c94f,28880,barra de sao joao,RJ
161bbf41f242e91075dcd075c9034992,019f29cee4d4031f59fed390d3cd0bc7,9811,sao bernardo do campo,SP
0da511c15dd976bb8df4ece33cfc38dc,77a0c1a957bc24577d9ebee73c3a4b12,1420,sao paulo,SP
1cb19e72dbe69d9091b464032caebb40,20998bddec67bba3cc5765fc21ed6f89,28908,cabo frio,RJ
59409983803dc8c6d5420c64f8fbb75e,bef842662c9d89ad4d16c0f042fb6101,21360,rio de janeiro,RJ
680e38a70d371582570f41cc47dc2791,713110abe5de675d1513356694fe095a,13503,rio claro,SP
4233f443bac7d7de2c4e6782763fa516,ed7a7ddd472228e549caaa460f9d53ce,44200,santo amaro,BA
93a991179d5b741e60819f8adc163df3,021dbb48a965542d846e18a6799d37c0,37750,machado,MG
39bb2424304a318278cf4516500c657c,cdc6cd6f0a8b8f844db9a61e779055b3,6270,osasco,SP
236c0490b8ca680df0093921b3d182f5,22259e5811897acb32be121c6c959644,76600,goias,GO
8f1ef83e4c4114368bfa4e4cd446ad51,970942ba437aa919201fe7c050e9bf71,5789,sao paulo,SP
cb97d1bf364dd9bbb2a3897fef633e52,9be8b648a3f4659c46c7edf85f538d61,88050,florianopolis,SC
22b9321f022b2c6574492c71012dcc2f,81dafc2d9616f0d5673120d0318b5de5,26280,nova iguacu,RJ
2a22ba1cb2f182b16cfd4b7620ea6114,33e2ec99a0b818a86def54a73031892a,1327,sao paulo,SP
0cb1ec7f7b0d209fdfbb7c3592b32634,dc60c9d2751e2ec174e8d7cb3ac63147,81810,curitiba,PR
7a22cc2284c8c071bb159fb99289c831,fb8bc250f9f12a9121282d4b0d59485b,76811,porto velho,RO
7372fb39ddd5b2bcfb9466a66fa69dd3,6aa828fc903b810472cff927dd42b500,37504,itajuba,MG
3f3aa91e753c454557cb29ee5a852eab,4c2759131ea45bbf124a6fd133ed3114,3138,sao paulo,SP
3416e45f6c9842bfc863fe211e22a261,36f8e4ca148a3c0916e6233c825b13c0,4662,sao paulo,SP
8cfccb3fb973f58b56ba50e213092e4c,eefe1ea56c1116469d9f0a77b903a188,13311,itu,SP
349c4a594c6aa6384e7b42ebc6d10856,d5380b9d27712e28cc9006954ce55fa2,20511,rio de janeiro,RJ
3c84e38052e77f837c05363ad8a2b16b,a4931ede16fa41135066b3c7f054e287,85509,pato branco,PR
f8a3f90054427bb63eed0ec42ed00e70,02a81ef75e80450061b235f691600dc0,12514,guaratingueta,SP
7cfa3cb5ae1ae9ae5ffcc1904141b47e,c3b1652b28fd90f007ac0319804f6c91,41635,salvador,BA
c38c4b830f5c4a3825eea988694fb0af,05c2f0afd235cae744d0cd6c31d8813f,93280,esteio,RS
0c0202f6f6b9ce5a9aa8f9fa0a7580c4,6f028dec6f26ff16182703be1453bfd4,49030,aracaju,SE
ec5b2ba62e574342386871631fafd3fc,763c8b1c9c68a0229c42c9fc6f662b93,29102,vila velha,ES
eb0c867b626b00b70a9995eb0333ff47,231d7c4162f5f1fb24a3066d21f6bd67,4112,sao paulo,SP
af2ad7b99991563a69a5f25d9a6c3e40,87b6a4306bbfd8437e64850e01823828,62030,sobral,CE
d14a98aaff22268ebdcbcd6acb7161be,2af0911d94538ca50b926691a15d98d3,36884,muriae,MG
a26d969df103529ca7d2dc3b8f8a1e5a,c1d17de7f48b64a544769023500456f0,14403,franca,SP
651a93e609de83580b7e073e997f7631,6ffea6177ea740295d4e08a8fea2c144,3165,sao paulo,SP
a66712c31e8c65998902f67af30ec475,c49760f3652f57abae1908ae0a452350,87023,maringa,PR
a2591f825643f634e74804d71261369c,2ce0650b500ba0f95e44b3481d435520,22010,rio de janeiro,RJ
