review_id,order_id,review_score,review_comment_title,review_comment_message,review_creation_date,review_answer_timestamp
32d16a588f14e55a5596c2c514f5b2e8,778c82e7cfc479718385de0c169ddf41,1,Great purchase,Sem problemas no processo.,2018-05-26 01:15:00,2018-05-28 15:15:00
bdb7afd5e4270810cde800e6ce6955e3,f0327839d8356d46e81baaf49013f9b5,3,Good value,,2018-07-18 20:17:00,2018-07-18 22:17:00
a28657f48e40e7fc7639dd074277564f,afb2169a6a4a831961ff0554c78ec9f8,4,,,2018-04-25 05:15:00,2018-04-28 00:15:00
9f9c8f0347f1a66b36b41ef514946021,401e3ec731727e376b0bacf9e017d1f4,2,Could be better,,2018-06-30 11:42:00,2018-07-01 04:42:00
ee682ab817b58dadd1ee339bf1f218f7,38657d86917b7ab9fda72a3df3bed341,4,Good value,Veio bem embalado e no prazo.,2018-04-14 19:46:00,2018-04-16 09:46:00
3882eb8b4caa6d0edc496b4560a902d1,55f8b9552bfa02db91c3653a0e8ac842,3,Arrived as expected,,2018-05-22 15:19:00,2018-05-23 07:19:00
0bf40eeffd5191825f2867578afeb15f,d729c193a93d4d33122ff0f0f1b64163,3,,Veio bem embalado e no prazo.,2018-11-19 14:28:00,2018-11-22 08:28:00
40c6306862dcecfeda42837b5164548b,a412be7eb2c42e610888b686b73d1499,5,Great purchase,Atendeu às expectativas.,2018-08-08 23:26:00,2018-08-11 12:26:00
367aed588b273434e369bec6d2e532ce,b175dd4c40683beee17ddf2d0957e6c5,2,Okay experience,,2018-07-07 11:51:00,2018-07-08 10:51:00
57d7e02678fc095828a24c6b8317809a,d9276df324af33b46f7ef5112dd1bdac,2,,Sem problemas no processo.,2018-07-05 16:32:00,2018-07-07 18:32:00
96abb1cae7fac72449708c02cf43e316,c9c1fb5b024f0f86682c138b5c5c7cb8,4,,,2018-05-04 23:19:00,2018-05-07 02:19:00
e92671bfc1bb445704046f1af2171473,7d8870fedd766f497db8429d30d0ff48,1,Arrived as expected,,2018-01-25 17:17:00,2018-01-28 08:17:00
be4b078531a4b9827763b3b5cca7bb7e,773bd70f1e07d5941c3406033fc226aa,4,,Entrega rápida e produto de boa qualidade.,2018-12-17 03:21:00,2018-12-17 21:21:00
ec2192d88d6bff28f82da082df058129,734ce592bd3512542f104cb5592b7ca6,5,,Produto chegou conforme descrito.,2018-01-10 10:26:00,2018-01-11 14:26:00
3f75e21010cc6c77c82d0eaeca6ac3b4,7c2a54b373a266694fa66cf3d9278a70,4,Arrived as expected,Sem problemas no processo.,2018-07-22 04:52:00,2018-07-22 13:52:00
ab6ccb0b682662b4d0232f20b13be7ba,937f16357b3f48f63f084c8d126d6ddc,4,Good value,Veio bem embalado e no prazo.,2018-10-17 20:52:00,2018-10-18 08:52:00
69dc94227fdd2afc4df8b9763780da0a,4c5a74b76dfffa05b766ca0c7fc925dd,2,Arrived as expected,,2018-10-12 23:29:00,2018-10-15 12:29:00
e985fe4a49e50eb8c7dcc8606061fc99,19ed1b07a8d549cfa3442a898f96707f,5,Arrived as expected,Entrega rápida e produto de boa qualidade.,2018-09-26 00:05:00,2018-09-28 06:05:00
fc14bb6ce0efe54e4ac57f8772a2bf72,88cefac2e7b4db7aa53892c1a0fa1d4c,1,Excellent,Compra satisfatória.,2018-03-21 12:58:00,2018-03-23 10:58:00
66540b0837d4564ffa5582b6151c8b06,37f96bdec12e3e155cbcbf9681ff051a,2,,Entrega rápida e produto de boa qualidade.,2018-05-05 00:02:00,2018-05-05 14:02:00
3ee0a690e312f0e0b6f940f6070c8027,355e4ef65a8201e0eb2ff27c8d7bd62e,3,Could be better,Atendeu às expectativas.,2018-01-16 07:56:00,2018-01-19 02:56:00
2dbb9ae2bf179f9f79c8b1c982d7a439,2f6df2cc2071744618f8ff38e4f420c2,4,,,2018-07-13 10:19:00,2018-07-15 09:19:00
1352b255365db3503824b1f8ae043632,72b0532e4ffbe4f7ed94f2dd0b58c225,5,,Entrega rápida e produto de boa qualidade.,2018-08-22 22:59:00,2018-08-25 13:59:00
b04074823b65ac195c56f08152f6492e,135dfe3d982dceeb0274e138d4c4faa5,1,Fast delivery,,2018-05-20 14:10:00,2018-05-21 08:10:00
b9d8598abf1089fa22494af0e82d6e4f,da1c2e9bae0bcbb76ee2cd170563c101,3,,,2018-12-08 06:04:00,2018-12-08 11:04:00
4fc59079cdd5f24ac9d96591bec97c0a,e73888e499f9a80365eef637ef3e0115,1,,Veio bem embalado e no prazo.,2018-04-09 15:12:00,2018-04-10 18:12:00
4c4394127e2d268fd451fd109fe17800,4880107de188af2e40b5953324b9ea70,1,Good value,Compra satisfatória.,2018-08-13 15:49:00,2018-08-16 01:49:00
5a9e50e0c20140beef6e9384db237c32,f10a41c2ecf4226f7e1ce51914ec018e,1,,Atendeu às expectativas.,2018-11-09 16:33:00,2018-11-10 22:33:00
b61484ec0d5e38fbea3a5e2ff188392c,b1cf2c577b04fd0c89d35ef5addb15e5,5,,,2018-07-25 01:56:00,2018-07-25 09:56:00
b4056fa9f4ef4b6bfdb5c50f0d5f939f,782c5d102786dabb6fef026d53ed4ff5,1,Fast delivery,Esperava um pouco mais da qualidade.,2018-09-24 04:04:00,2018-09-25 02:04:00
68597e06fa70b55e54abf0017449476e,75a6345d2864ad40f2cf4d6b818ed84d,1,Could be better,Produto chegou conforme descrito.,2018-10-02 13:28:00,2018-10-03 07:28:00
15fce56aab61469223787a238a1be53c,987802f8cf74fc58eedd58c69b27a23a,4,,Sem problemas no processo.,2018-01-22 20:53:00,2018-01-23 22:53:00
4b98a06f262552f27771853712cea272,665f707e7dfce5772049df025e94e461,2,,Veio bem embalado e no prazo.,2018-04-22 19:05:00,2018-04-25 18:05:00
84736a9d52aee7c5252d1037b93839fd,9910e7a8a1553e5c9c90d4cf60b31569,4,,Veio bem embalado e no prazo.,2018-11-06 18:03:00,2018-11-09 01:03:00
487034086415d46ed37fd13f36dfad13,c11ea505d7e95b33a0f03d5d96064b56,4,Excellent,,2018-09-22 15:45:00,2018-09-24 16:45:00
377a7cf502417e1d5b7c22769237282e,8c0610b1ca8a64de12912f49ec66dc93,1,Good value,,2018-04-01 22:34:00,2018-04-03 12:34:00
8006928787113cffa0b2436073a083e9,8381b8593ae544fccb612b490293d7c3,3,Excellent,Esperava um pouco mais da qualidade.,2018-08-03 08:06:00,2018-08-05 21:06:00
4bb502b0710128c0e203f3caaa1cbd5b,108dc1a1b2db21206d5cb5133c18ba84,2,Excellent,Esperava um pouco mais da qualidade.,2018-05-17 01:06:00,2018-05-19 19:06:00
042ced16d872f2347f8c3c28c9c8a34c,98dcc36a88188510799924ed046d71c3,4,,Esperava um pouco mais da qualidade.,2018-08-06 08:18:00,2018-08-07 08:18:00
6e487f4a5de1327a2b52d76ffd6c2836,c5fd63e669efb167892299566fce127f,1,Great purchase,Produto chegou conforme descrito.,2018-03-22 17:33:00,2018-03-22 19:33:00
2a462a2525973b7c738a2453df24dd2b,fb73f56b12ec90d6892446086ef78fb2,4,Good value,,2018-10-05 17:48:00,2018-10-06 15:48:00
cf5fb6bb7a224ca1955751451e660231,56afa90b7e65e0fea46f2f4535148658,5,,Entrega rápida e produto de boa qualidade.,2018-05-13 20:40:00,2018-05-16 11:40:00
cd9e3e0c1b5e8b8f42c98c9377acbf01,a6e8a39f06532bc66af4875bfbdfd479,2,Fast delivery,,2018-07-02 17:14:00,2018-07-04 09:14:00
14c189aa5216869787363606db6be43c,9b7e78b11aaf6b477b8429e40f635e64,5,Good value,Atendeu às expectativas.,2018-12-22 10:11:00,2018-12-24 21:11:00
3fba2b34df64133af46abc2996058453,4dc6e01e47a925c7b32dce7e04ee7d92,3,Excellent,,2018-12-01 10:04:00,2018-12-02 21:04:00
4e3055ade0fcab3a358e756935116b25,db1513821548dd2e415716541ccc4112,4,Could be better,,2018-10-08 05:43:00,2018-10-09 20:43:00
e4a2dde18dedc30a3c3d57116a4888a2,f0b08f17712cb57f9b96da8ddaaa3aa2,1,,Compra satisfatória.,2018-09-15 09:35:00,2018-09-17 13:35:00
97deb0dc7756a9b16b0e004f12c7abf5,c489f6cbc0356f7cc8a4a17cf4ac38f7,5,Arrived as expected,Compra satisfatória.,2019-01-07 08:12:00,2019-01-08 21:12:00
35971fd54cfebc1f5465ad14e02e3b73,a67b3982c7a2d295d53992203440b1e2,2,Fast delivery,Compra satisfatória.,2018-08-04 19:24:00,2018-08-05 22:24:00
b02f67e7f4f2c130e43a7cfed89ffd53,4f178dc2dda27264b70c72335a4d5f4f,4,Good value,Esperava um pouco mais da qualidade.,2018-09-10 12:38:00,2018-09-13 10:38:00
bc18ae941cb319913302c6f99d88685e,57b58a08d37ae0f03ba64374ee0630af,4,Excellent,Entrega rápida e produto de boa qualidade.,2018-07-22 02:06:00,2018-07-24 19:06:00
25a70bcd3babab20154c32430e725905,58ed82eadb4c5fca6d436d090c4a4077,5,Okay experience,Esperava um pouco mais da qualidade.,2018-05-10 10:23:00,2018-05-10 14:23:00
b9597291a9a66f6e78069834a06ff933,dbdb17a6ad7b4f7393466d0fafeccd5f,5,Excellent,Compra satisfatória.,2018-06-04 22:57:00,2018-06-07 04:57:00
85d51844db7c113c1bcd85b8aa5a899c,f2756c46953622283e86909de024c541,3,Fast delivery,Produto chegou conforme descrito.,2018-11-29 16:31:00,2018-11-30 17:31:00
9b0a259515ae62204e2f7eb610878e05,34fac8f83ffe6039ae7a42912a2aacad,4,Arrived as expected,Atendeu às expectativas.,2018-03-06 11:22:00,2018-03-09 03:22:00
064250fab84a42e6d13a5096f0c04521,3da381169d8f3fe53f31b2e03a5af57c,4,Great purchase,Atendeu às expectativas.,2018-04-12 13:20:00,2018-04-13 10:20:00
7082442d76c70d4d73ef3d979a6b4025,151d982a4c0d9e23655b54100e3933d9,1,Excellent,Compra satisfatória.,2018-10-26 21:06:00,2018-10-29 10:06:00
34e08cad7ee8b7cd2e2f7c6a74ec626c,3a2a0a4f1ef85d8cc1f306bd952ce212,3,Arrived as expected,,2018-12-28 06:55:00,2018-12-28 19:55:00
3f41c2e1d11188366272ed03a689711a,4c3935356665820b2933bc7e21858aaa,5,Good value,,2018-10-19 03:40:00,2018-10-19 05:40:00
49959ad86bc74f3700d27a01e494a31f,98517ed81dc0d09a885f0eead7dc5d19,4,,Produto chegou conforme descrito.,2018-07-11 03:42:00,2018-07-12 15:42:00
de26fe5b47800c83f1388332e205a981,fcb67b2bf48cf4ceca9ed950423a8365,3,Arrived as expected,,2018-10-22 23:52:00,2018-10-25 08:52:00
5060f4cd763065a6ecdd0839ed0809e5,3fae8dea40796bf032245d6f3f4e346a,3,,,2018-09-30 13:19:00,2018-10-03 07:19:00
f9496aa83f145a9b7b944cf35c43ca6c,66f22a63ef230bcc1546134778bb818d,3,Fast delivery,,2019-01-04 13:21:00,2019-01-05 13:21:00
6a4ec1a9b70ebd3a207c2d58d45dd8f3,c6b769ae0f9ad09c4d1911ff11991420,5,Good value,Veio bem embalado e no prazo.,2018-04-24 05:26:00,2018-04-24 08:26:00
b9920c7366d68f76715289e97da5c80d,ef2bb3c9186b57513f8921de9f9e2387,2,,Sem problemas no processo.,2018-04-17 23:32:00,2018-04-19 15:32:00
f9d24d22087e37d509ace3ef22a0f6c1,e8f51a09e1925bb165b28c2783debde2,4,Could be better,Atendeu às expectativas.,2018-01-18 06:54:00,2018-01-20 22:54:00
bf1e6539116aaadf636e5e47e1a40e1a,6de899cef6cc7dde4488b0405c0f63cd,1,,,2018-05-03 20:00:00,2018-05-04 07:00:00
1b3552e321bbc438833cec64c69e577a,dbdd65cf115890c9c1635d554df21bc9,3,Fast delivery,Compra satisfatória.,2018-11-29 17:02:00,2018-11-29 18:02:00
1dfff23be9f4bf910c14e41c4c786a2d,6ff0be56fa5d9355b8a1c3247c17634a,5,,Sem problemas no processo.,2018-07-30 21:14:00,2018-08-02 19:14:00
7e58e1d596e71c293d1bdc1938a13a5d,4774f7ff44a5024daea618790cdff3dc,2,Excellent,,2018-08-03 00:59:00,2018-08-04 23:59:00
0182a4e303a382de78ca67888c34bcb1,158e753994736be174f9e25849eadfec,2,Arrived as expected,Atendeu às expectativas.,2018-11-09 22:36:00,2018-11-12 13:36:00
490089f7b2a12795e149e5d861905163,e794beffaf9dab5d9bfa822c7c714d1f,4,,,2018-05-17 17:28:00,2018-05-17 21:28:00
863eae665a97214c150a3933de1f3a23,4f68c32a6be43d369d14cd5c54836c85,3,Okay experience,Esperava um pouco mais da qualidade.,2018-05-24 08:39:00,2018-05-24 10:39:00
66eaff0da274a2630c783086d480f99e,584e4be00da8a6a55868366b6d93fba7,2,,,2018-04-20 00:48:00,2018-04-20 01:48:00
ef5f48fb5a1e16f8ec99d66ee9662aff,8f0339595ff91f9171211f518a5e1c81,3,Could be better,Sem problemas no processo.,2018-05-03 04:21:00,2018-05-05 08:21:00
723e29194108427e8f2630ceb5b55572,4eed6d6a5132981a530d451e13b29231,4,Great purchase,Produto chegou conforme descrito.,2018-03-22 11:12:00,2018-03-24 12:12:00
bba9310a93d5ad8d4abf52610144bdc4,ad807d09a89053126af8b582354c9ef9,3,Good value,Compra satisfatória.,2018-12-10 04:07:00,2018-12-12 04:07:00
21c664645a93ccb3d3e74667c307f015,89776c06ff23359f04e72783d0ff949f,4,,,2018-12-28 06:34:00,2018-12-29 01:34:00
feefed2f69e494b95b160bb37005fed1,b36bbdf7138e2498148cc0a9a950fec2,1,Okay experience,,2018-06-26 19:01:00,2018-06-28 17:01:00
900db21eff9dca856d4ad6626897e0ca,1cbc1804b7c1f58af0c2a14ce28e9a9c,5,,Produto chegou conforme descrito.,2018-02-03 16:18:00,2018-02-03 22:18:00
45f59fb0808529bc33a304b82c205aee,36a103adacf7660e63a6bd8c4fa32cc1,3,Arrived as expected,,2018-02-20 14:08:00,2018-02-21 13:08:00
93d16c9d2a2146fee0dbd485ef653ec1,c2ddaee9feea54d2cafee311df7d9bea,1,,,2018-12-09 05:21:00,2018-12-10 02:21:00
a67102029b36a5bb6c606c058ca28056,55d620ff26cc9e120766044802992740,1,Could be better,,2018-12-07 21:08:00,2018-12-09 04:08:00
72b449ac3d1ca12b93b7a08fb8c3ff04,ff99e3c40c777d6da9ef6611a9fe782a,2,,Sem problemas no processo.,2019-01-01 09:35:00,2019-01-01 10:35:00
b1cbe4eef6eca803656bce33495801a6,08c550ba10f8b3ba4bf578d316b6802c,3,Fast delivery,Compra satisfatória.,2018-03-25 18:14:00,2018-03-26 09:14:00
d37ebb13119cd61055db4306a17d679d,d804a4427f85a3c7e08a3641e3717e71,2,Great purchase,,2018-10-04 01:49:00,2018-10-04 15:49:00
f0e18b7da926a7b1cec0f5265c3af728,c71afbedb31e8e73d58ffe26ffecb768,2,,Compra satisfatória.,2018-11-12 05:20:00,2018-11-15 03:20:00
203d514e7c6b8669870ac8656718ea01,838bbb12e7dafc44ebe4f903d80fc97b,1,,Esperava um pouco mais da qualidade.,2018-02-12 07:10:00,2018-02-14 06:10:00
0cf0c29dcd1c7f647fe5b79adc421185,badd34fa3f529c580a87b6acf253c1f0,3,,Produto chegou conforme descrito.,2018-12-04 06:12:00,2018-12-04 13:12:00
b2ee3dbc8c7a1f2db4e6123d47bc58f5,711379e62d74f5b940dd9d821e8ed4c7,3,Okay experience,Compra satisfatória.,2018-05-06 04:41:00,2018-05-08 10:41:00
f1725afaac013a8d0b4bb33f7def537b,3984f716bd143176bb9fdeba87f0782b,1,Okay experience,,2018-08-05 03:23:00,2018-08-06 16:23:00
af780c6ad75fd47ae9351fdf0d80333b,9f8df5480f736de3d00572e950add848,5,,Atendeu às expectativas.,2018-05-08 22:34:00,2018-05-11 13:34:00
69294a632f9a7647aca73174983721f2,a19c2b6d7a8f0b1a4ed9262d1ed99efd,5,Great purchase,Esperava um pouco mais da qualidade.,2018-04-01 20:07:00,2018-04-02 06:07:00
bad4117523d89f276ebce355abd03d9f,886b3822c210d568080570bf01085c80,5,Okay experience,Sem problemas no processo.,2018-09-10 03:34:00,2018-09-12 14:34:00
1b7f500fe0074b6ccd363c7b5a395002,97be3e4dd5f49d60c1ac68a0e88005b8,4,Excellent,Entrega rápida e produto de boa qualidade.,2018-10-30 01:21:00,2018-11-01 19:21:00
0a6d1fd5ae544aae7e6975e325b2b662,8b1ab2eb9959ed665847178e72cf899d,5,Okay experience,,2018-03-11 06:23:00,2018-03-12 04:23:00
7948e6f7f3caf2dc64a10bd171097e95,b7e934c5a4a6b8635774d01d01f45841,4,,Esperava um pouco mais da qualidade.,2018-11-23 03:49:00,2018-11-23 16:49:00
4bd3c1f0d20b6b59913b1b7f8f9c2236,450cbafa5b8015a94fb64cbfbab01717,4,Could be better,Compra satisfatória.,2018-11-30 00:31:00,2018-12-01 00:31:00
8f7e11fa27320326a03b88aa1508386f,b0ca1dcd6c3568b54644e393f8cadb36,3,,,2018-07-20 05:18:00,2018-07-23 04:18:00
989133f34d977e6008785047d1048052,ac6af6dd4f4d44d391d37aac9875c07c,4,Could be better,Atendeu às expectativas.,2018-02-13 13:18:00,2018-02-13 20:18:00
881d96ab8ca06c7426bc26fd71314fda,0cb2e81a8bc38dd6a9be1d7ae0f05710,1,Fast delivery,,2018-07-27 07:24:00,2018-07-27 19:24:00
c480fb156f14988ee51beb8f05e7137c,05bc33559ae38e2e07ea8831d940c202,5,Good value,Sem problemas no processo.,2018-04-21 16:40:00,2018-04-22 06:40:00
85bffc143e9585554dc4234875ff480b,831ed2972f7e4b414a6706f5a7be41be,4,Arrived as expected,,2018-04-30 11:09:00,2018-05-01 08:09:00
0312b0e5a1ead7e6f568875ae74d0353,d6d9b39509ab5dce71dda3964883d563,1,,Esperava um pouco mais da qualidade.,2018-03-18 21:02:00,2018-03-21 15:02:00
c1da90395188f795d44b66881ffb9f99,e4f388598dbfbdac2dda475e16e1b65c,5,,,2018-01-25 20:15:00,2018-01-28 09:15:00
c625fdd3cd93d7e771854e57a25b070b,ac2a2f6560807a9f5845a7ed7456fb73,2,Okay experience,Entrega rápida e produto de boa qualidade.,2018-08-01 12:12:00,2018-08-03 07:12:00
a747992c62f068d6874fe93004fa20bd,774925e4a5a9449bd8f6a711bf1778cb,4,,Entrega rápida e produto de boa qualidade.,2018-10-18 12:46:00,2018-10-19 07:46:00
d087c5cd4239aa444dd8b88a5c3a7e46,8077b0447c1d1a8274ba41b9a9b0a2e0,2,Arrived as expected,,2018-07-22 04:06:00,2018-07-24 12:06:00
23eedd52069a84710ef99b48eabf3413,f4d9c4a78c1d47aa625f17c20d867805,2,Arrived as expected,Produto chegou conforme descrito.,2018-07-23 00:31:00,2018-07-25 15:31:00
5a59bb71cfc4eaa20ab2970e96b64a55,731f9484c20a719763d3550be1788726,2,Great purchase,Atendeu às expectativas.,2018-08-29 10:35:00,2018-08-30 08:35:00
1d09803bfc5f6e1e7f3aab45a1340775,f422b037da4a0691967c45ab224c7add,2,Could be better,Sem problemas no processo.,2018-02-06 04:48:00,2018-02-08 11:48:00
ea5df3d5fad8886e9e81ddbf1ea54cf4,3a9431952db10e59343809ebeedc31dc,4,Okay experience,Veio bem embalado e no prazo.,2018-03-11 09:13:00,2018-03-13 08:13:00
1c60e3c36dbb19eba358c90bc435347f,2b29d5e228b57016aaf8307f16102f62,2,Fast delivery,,2018-07-25 11:28:00,2018-07-27 10:28:00
ccda20365362b059e6c26f38dc4ba81b,561b16c9fb16b9943665a0f5b013973f,4,Okay experience,Compra satisfatória.,2018-05-12 13:45:00,2018-05-13 00:45:00
f9cda589fc2832b25fef0b8eb728a7e7,d90749aa53e537e3fd4d06c673611248,4,,,2018-12-27 20:50:00,2018-12-29 00:50:00
7206f8c7e1750c3eb739a9d7d758342b,b071519234d7214b01ec234cbd0d588e,5,Great purchase,Produto chegou conforme descrito.,2018-02-10 21:31:00,2018-02-13 20:31:00
bbfd435e0d0a4345611987cd31b2be42,0cb32d24803cd08599e6647f37ffe316,2,,Atendeu às expectativas.,2018-05-18 07:00:00,2018-05-19 05:00:00
4f990ca7fdbbcdd4b0665df6deda8964,e4988d6faefa7ef411fd97129b0f5a78,5,Arrived as expected,,2018-04-18 13:38:00,2018-04-19 05:38:00
beb290f310c0cba0e8087b6cafec2b85,a7bee411fdce88cb94aee8712b78f58f,4,,Produto chegou conforme descrito.,2018-01-14 09:12:00,2018-01-14 13:12:00
95122bec9a03e92825205aa7cd26a9db,c05d904b894967bf4d62ae47a25859ba,2,Could be better,Atendeu às expectativas.,2018-06-30 21:31:00,2018-07-03 16:31:00
79053b71a18a70f6e9fe32f157940b05,7e0f71afeb3ac6e30f3c82b4f75bb8f6,3,,Compra satisfatória.,2018-09-24 00:36:00,2018-09-24 09:36:00
3ff234c3d57584ed6da5b392587f0e36,507a29bba1994a393508392423850ef0,1,Great purchase,Entrega rápida e produto de boa qualidade.,2018-01-30 19:14:00,2018-02-01 20:14:00
ab8611d31f3523a2e0bc93c68cdc2dba,35ed12df6ca415bcc72f73fb152e1416,1,Great purchase,Esperava um pouco mais da qualidade.,2018-11-17 18:32:00,2018-11-19 23:32:00
4deab4a0e450d74c0ff42da55ddaf973,88764e918e56de4aadedbeb1c63dda21,4,Good value,Sem problemas no processo.,2018-12-19 23:29:00,2018-12-20 11:29:00
62a8ef814bdbd096a22c50bebdddcfce,ed892b4cae6859e90182d4b65fd2180e,2,Arrived as expected,Entrega rápida e produto de boa qualidade.,2018-05-26 18:32:00,2018-05-28 19:32:00
bc892984131d1b33b08e216523bda633,b5487dc66ee0da147b499e93458d032f,1,,Produto chegou conforme descrito.,2018-11-28 13:35:00,2018-11-28 16:35:00
4c5991711910f6d0e6ae3a0b34ee166c,2832410b920573d58e44c94ac286b1a0,3,,Atendeu às expectativas.,2018-05-28 15:48:00,2018-05-31 14:48:00
5182b6e1115166a81a7b7a58c365eda9,c80e39770e2dfa22997a0f4805761092,5,Okay experience,Veio bem embalado e no prazo.,2018-12-21 18:11:00,2018-12-23 16:11:00
64e6dda338e32abe7fae75c3c1145025,9d9ace5ff46c01bbae291f6e8d8d1672,2,Great purchase,Esperava um pouco mais da qualidade.,2018-07-29 20:06:00,2018-07-29 22:06:00
ee00cd904a5831555bb8b12acfbe3e70,8497d52d4e1dd74e3f4510f1cbd09a91,2,Great purchase,Esperava um pouco mais da qualidade.,2018-06-08 15:55:00,2018-06-10 19:55:00
b926f7919adc03d15d0538fbe664dc1e,d6b317449f784406c42f80dac39c18c0,1,Great purchase,Produto chegou conforme descrito.,2018-06-14 13:55:00,2018-06-16 20:55:00
ab7eb56c9c5b324848fae9988845697c,c0c8170934e95aad8140c74d56b1a723,2,,Entrega rápida e produto de boa qualidade.,2018-07-19 08:07:00,2018-07-21 13:07:00
c5611b8f78357c4fbd9622b830bc020e,feddaca84eeab057df443ade143106d1,3,,Esperava um pouco mais da qualidade.,2018-07-08 21:19:00,2018-07-11 02:19:00
87cc64f4071e001375854eb4b9a67a48,8330b18773c5ff58ab6ab7f945438e7a,5,Good value,,2018-09-27 11:11:00,2018-09-29 17:11:00
e5f366a798114bdac4523a5a3e403f61,24b5bc73658c0a88219592cb2c1a1336,4,,Entrega rápida e produto de boa qualidade.,2018-07-31 07:43:00,2018-07-31 09:43:00
523f9fc3daa49f248f0eb5ace41f1a09,36a72cf7d80270c97618279be7c1926b,1,Great purchase,Compra satisfatória.,2018-08-07 18:07:00,2018-08-08 02:07:00
06398be2ec080e2043d79f59af56f5fa,de04a0cb3ea989e8aaf2a6fdc47f0664,4,Could be better,,2018-06-29 17:40:00,2018-06-30 04:40:00
535bdacb21e7dd50ce71df01305e9264,494eb49fdd58d13d271b2fdde09ef278,4,Great purchase,Atendeu às expectativas.,2018-08-22 00:52:00,2018-08-23 21:52:00
8c440307045e4a956ce55122516ae19f,fd4925a9f29bd18658328b88033572e4,1,Okay experience,Entrega rápida e produto de boa qualidade.,2018-05-07 11:49:00,2018-05-07 16:49:00
12fe3c28fdbfa665b5630375024474d8,05d630ba752bc0c75a510dfa0ec2c7f3,4,,Compra satisfatória.,2018-09-30 21:00:00,2018-10-03 20:00:00
952884ff37bfdb174a4bbdfb4a0f11f2,807db180743268a08d50134cbf124098,5,Good value,,2018-08-12 17:35:00,2018-08-12 20:35:00
c28d73e1be051e024ce005acee8cfe8b,95f4d782d76fa1bf508acadc0da3c5dd,4,,,2018-08-19 05:33:00,2018-08-20 11:33:00
3c8cae4c2ca9e024dce4640e0dca83a5,665c53378cb3f3d11d695ea966e60898,2,,Sem problemas no processo.,2018-07-07 01:05:00,2018-07-09 13:05:00
88b10bffdd34e9298fdc15017b2b5f44,30f6f71abbab59da3662830e15f9704d,2,,Atendeu às expectativas.,2019-01-04 11:48:00,2019-01-05 09:48:00
8e783247c9a283464165df408e4662cc,1dcdc1710a9109579f8acd348d61a787,1,Could be better,Veio bem embalado e no prazo.,2018-06-07 20:47:00,2018-06-09 16:47:00
77f450a39b01770a8f77708df958e90d,f41c53c9643fd03355dcb67c9050ddc1,3,Fast delivery,,2018-03-01 12:08:00,2018-03-02 00:08:00
8a800827718ac6e8f229420be68c221e,a88d7ba2956b6e360f6b6e8d9c9e4d17,3,,,2018-05-16 20:00:00,2018-05-18 20:00:00
a2d54ee428f2fe8dd7a655982be22d29,30ce2d3574382bf59fac6d619f872cdd,4,,Esperava um pouco mais da qualidade.,2018-10-26 05:06:00,2018-10-29 03:06:00
da4d3644fb9ab58a881c4a3ea76d1368,e562d2280cd63240a2c32b0845234755,3,Fast delivery,Entrega rápida e produto de boa qualidade.,2018-05-02 11:34:00,2018-05-04 08:34:00
b63e66f2d883367fbe3e5602b62fd381,9b5e5c856a9a237a8f651f0c21343796,5,,Produto chegou conforme descrito.,2018-08-29 14:55:00,2018-08-30 11:55:00
10b9ba05f9cb982e716f05283a0af2cd,b68eaa0d7f9302e5e14ea44b3ff6d3da,5,Excellent,Compra satisfatória.,2018-09-02 13:42:00,2018-09-05 04:42:00
101a47cce459bf230403cb6c359beddc,ab432a8e59ba42f23d58f412cb88aadc,3,Excellent,Esperava um pouco mais da qualidade.,2018-04-30 01:36:00,2018-05-01 02:36:00
0ce06e70a819f3dc9884a78de9c901e9,b2e0cb9a2518fdfd9af73bf3ae827682,2,Excellent,Produto chegou conforme descrito.,2018-02-01 06:09:00,2018-02-02 17:09:00
bb3bf7f79bec970716bfeedc9235d215,3d3351cc5188748451187838fcac4bfc,3,Arrived as expected,Veio bem embalado e no prazo.,2018-10-31 05:32:00,2018-11-02 00:32:00
46b9ce0cfcf3b7cbce6d3c4766a3af7e,0f34b279a86813ad8219427ca2da20d3,4,Excellent,,2018-09-05 04:58:00,2018-09-07 07:58:00
b8e369baf905c0daef567f3b03d6d59e,5d52d71c518f0b984fd598f775f26fb2,2,,Entrega rápida e produto de boa qualidade.,2018-08-24 14:44:00,2018-08-24 19:44:00
537fd41bb9df3489e6a7804b64c95d24,95190b3606b45bba87634f3a5f54469b,2,Could be better,,2018-08-18 15:04:00,2018-08-21 05:04:00
ecc8c7c94207c13515cb56866da8a37e,1cf8633873a16bc9816fa86f751d0bbf,2,,Entrega rápida e produto de boa qualidade.,2018-11-28 18:41:00,2018-12-01 12:41:00
f9b349513b84d97da7dc69b68c107462,1190ace8e82957ad8a8dcc053245b17e,2,,,2018-08-06 15:26:00,2018-08-08 21:26:00
5c6ffb41b806d2524d4ee87f410bff04,738ef14dcb016bb9483950a589842fab,1,,Veio bem embalado e no prazo.,2018-02-23 21:10:00,2018-02-26 12:10:00
3df6ab504261bdc770b768424578651d,487ac675e11d04456111e6ea83ee2c40,2,Great purchase,Produto chegou conforme descrito.,2018-01-13 22:38:00,2018-01-16 11:38:00
a6c5c250e9852f26577768435f7f1a8f,1abfb20307883e384021aba10c82330f,4,Excellent,Esperava um pouco mais da qualidade.,2018-05-26 13:08:00,2018-05-29 02:08:00
99d90755de7891cd871b9acf1996bb27,cef24a850047e05283eff7699a1d8983,4,Excellent,Atendeu às expectativas.,2018-04-30 12:34:00,2018-05-03 08:34:00
5a6682beea89b84fe8f495f08a85501b,270e6b13f21579c88e70ebf0a791d2bf,3,Could be better,Compra satisfatória.,2018-05-28 01:12:00,2018-05-28 22:12:00
7a0b9760ca8ecd50ebf1a6fb1924bdc1,d2440ec5765bbb4fe9e7965837544c3e,3,Arrived as expected,Produto chegou conforme descrito.,2018-10-26 13:12:00,2018-10-27 09:12:00
9f04bd8599d08507134e53c3dc9ac651,a8034ce148acd759f14b5da3a6eca92b,1,Fast delivery,Esperava um pouco mais da qualidade.,2018-11-26 19:27:00,2018-11-29 12:27:00
b7580b830cd1c7c0823f8d07ca5ff85f,6588cb8cdf1718b941ccd540060b044e,1,Fast delivery,Sem problemas no processo.,2018-04-21 03:26:00,2018-04-22 09:26:00
ab7d7d338448fb440a331c239ad9d447,5c31bac99b8e2665121f7297981809a5,1,Great purchase,Esperava um pouco mais da qualidade.,2018-12-10 17:39:00,2018-12-12 09:39:00
c4ebc57031590e832dea8f93d32d5f9c,95a61295e9b197175d0043ba440f87b0,1,,Veio bem embalado e no prazo.,2018-07-24 07:04:00,2018-07-26 02:04:00
c007473c8e7c8d395f1cb523ae964826,8384bd6aa1e381229fe9db7941d0e72f,5,Good value,Produto chegou conforme descrito.,2018-01-13 22:05:00,2018-01-15 19:05:00
407d31d025c3760ecdd5031855ebc89e,f3b6cbc550ca9f056f843d8105d72dd3,1,,Esperava um pouco mais da qualidade.,2018-04-19 23:18:00,2018-04-22 21:18:00
ffcdc70c85111fd9f3a07c9a5eebe515,85a17cf43c99f2f89f915d7bbb8961bf,5,Great purchase,Compra satisfatória.,2018-06-24 18:44:00,2018-06-26 14:44:00
7fedce9afd827a2b3726bcc2682fd3cc,c323e0caa8e68d5e1333dcb6e1a3282c,1,Arrived as expected,,2018-03-22 04:23:00,2018-03-22 10:23:00
9979780cf82cb52d902b46bf75728279,66b0c17fdf783bda7da3d159fa0d55c1,1,,,2018-09-02 14:09:00,2018-09-03 20:09:00
4aade130d75bb5083bb1aab6f3fe6812,612f024cde50bf49541730de01b5eaf0,4,Could be better,Produto chegou conforme descrito.,2018-09-30 02:17:00,2018-09-30 10:17:00
00a2edae81463b60c8acfe4f9e1d1a7a,cfe0892f2c4daeecaa74b79db7f01446,4,Excellent,,2018-01-15 06:16:00,2018-01-17 15:16:00
816aa9298f24165d796309e37e8d6f4a,44742f411719061a5375b895cd617ab6,3,Excellent,,2018-01-15 18:28:00,2018-01-18 01:28:00
cbee56bf032f0bdc0ca60b83543734fc,a0fb0316d42bb0690e56898e3102f975,1,Could be better,,2018-04-28 23:09:00,2018-05-01 14:09:00
941268fb7288c581ce47b397edd4f8e0,3a05193b5facf9bc0fda96ac6cdf0b74,2,Arrived as expected,,2018-06-25 00:11:00,2018-06-27 21:11:00
84794309f266263843a6b02196c033a7,077a2bfe2bc7bc35b058d303be5b627f,4,,,2018-09-25 10:25:00,2018-09-27 16:25:00
875d466eb46f237ca17eeb09adff4461,9bef6e84046381bfb358ab63b63afeca,2,,Veio bem embalado e no prazo.,2018-10-02 21:50:00,2018-10-03 01:50:00
bc815060606c8c11edd3cd6ac46f2544,0ca400a44175249e8e647f901a2312d4,4,Excellent,Veio bem embalado e no prazo.,2018-08-14 12:27:00,2018-08-16 11:27:00
5b9ecb2d546de0b1b7d13e3ff547ce1e,e5b218cd46eade24feb7e17fd92af594,3,Good value,,2018-01-31 01:04:00,2018-02-01 22:04:00
3958382eec229b2e6f6902acb75eb973,3b4463b10b82499062771e99e0f4559c,2,Excellent,Atendeu às expectativas.,2018-01-20 15:21:00,2018-01-22 09:21:00
8b79d1a0797c16cd6865f61451076048,4e59cd72b0ab509673242bfc2995094e,1,Excellent,,2018-05-20 04:03:00,2018-05-22 18:03:00
4d08a376dfe5a5e448e28e69e02dd6b9,b59366fa5f2323f534f76bbe0b719a38,4,Good value,Produto chegou conforme descrito.,2019-01-10 06:08:00,2019-01-10 11:08:00
9ce9a9a69645fbb5d68ad02df16362f4,3796e1a6f74bfd3c3a9ceef468a12a53,1,Good value,Esperava um pouco mais da qualidade.,2018-02-23 20:04:00,2018-02-24 03:04:00
432db99b88fe21a11928839c8f371b1e,a1caa655848682a9f5b5ad4a608a88c9,1,Great purchase,,2018-09-06 21:59:00,2018-09-07 18:59:00
028d30d87f38d150470236145cf88778,fa8bd74d7b00c3dd38549fffd663c926,5,,Produto chegou conforme descrito.,2018-12-01 00:00:00,2018-12-02 01:00:00
e57020d6688e93d8ead035262f3b774a,dbd5afc75cbf1c7a9b5bf9928c4d690d,1,Fast delivery,,2018-04-19 03:10:00,2018-04-20 18:10:00
35e1d84ab0178c6c34e6486893612245,99c90ffadc724039c6d0f0d7a932a7e8,4,Could be better,Atendeu às expectativas.,2018-10-10 11:08:00,2018-10-12 08:08:00
a02039b5521e6dc9c127d82e6f431ebc,d9f59c2af3644e115a7ca374f4cefcb2,4,,Esperava um pouco mais da qualidade.,2018-01-29 19:41:00,2018-01-31 20:41:00
011615c58e77bf787b0c2c27336f6259,e2dc5a2264a19a5d3de9d7392f6174f4,1,Okay experience,,2018-08-08 21:09:00,2018-08-09 07:09:00
648c73c202e0f1431d0abbe070f0c8ad,cbf45aa302b6bbd4d298240bd21d9f4d,4,Okay experience,Atendeu às expectativas.,2018-12-12 01:38:00,2018-12-12 06:38:00
2e8191ba55a50a4e58a6b9b7bf89b383,7ad0be1ce2d8e1644e77ff16180e9b1b,2,,,2018-02-10 07:05:00,2018-02-13 06:05:00
ad59133029a7c34a3c1dd07ae937fbc7,07abfded8a3d38f32e73a422d5d3344e,1,Arrived as expected,Atendeu às expectativas.,2018-10-30 00:08:00,2018-11-01 15:08:00
6bd4df058c9c0d89bdc1a35b2ae2e2ca,27486b8560cec8aa62ea04e024a2fb62,4,Okay experience,Veio bem embalado e no prazo.,2018-01-10 09:19:00,2018-01-13 02:19:00
67ba8936c14eb31fa8476f8b76d2c073,d003f1464f386752b976c5eb343cadb8,1,Arrived as expected,Compra satisfatória.,2018-10-12 12:08:00,2018-10-14 16:08:00
d53f662ae79efdf1aad92b37c42f7c44,2bceac4d8ad0e687ff35d07021942a40,1,Great purchase,Entrega rápida e produto de boa qualidade.,2018-03-31 16:29:00,2018-04-02 04:29:00
9d68bb424a40cafddc5a88fa97cc97e5,e3a0c9629b9aeca54850c1d39f5439c9,2,Great purchase,Compra satisfatória.,2018-07-12 20:09:00,2018-07-15 17:09:00
c0ac6fa801a64d9b73be17beaaf0fe2f,b02a7cd4cedc5f945781c6a87b8e1924,1,,Veio bem embalado e no prazo.,2018-04-30 01:19:00,2018-04-30 15:19:00
5f9f3e51adae13b42236f9d16aafba6d,f5cd712e1c36f2f5af7c0add9ded3130,1,,Entrega rápida e produto de boa qualidade.,2018-12-12 11:06:00,2018-12-13 05:06:00
7084dee4c78538463832d9ef046933f8,8ca02e1dbeca248b9f16561ac0720069,5,Excellent,Esperava um pouco mais da qualidade.,2018-11-07 15:28:00,2018-11-08 16:28:00
334ca49abac443ed6ea145437812f993,3d717e0e8e54f465b5328f347a928da9,4,Fast delivery,Atendeu às expectativas.,2018-07-15 14:48:00,2018-07-17 10:48:00
ec884fb7a4607d1769655d6d3843b034,e11bca6e9758ecdfd965868feb12a5bc,2,,,2018-08-11 08:04:00,2018-08-13 20:04:00
cc54745add7edc3d7886a8e92bdb3079,34081ccbcd9cda2d777f52b5015d4da5,4,Could be better,Sem problemas no processo.,2018-07-08 09:13:00,2018-07-10 12:13:00
56a1c73dc70e94abb3fac9a0297c2998,49564661deaba4f5c426c0f48622ae92,5,Good value,,2018-12-14 07:18:00,2018-12-16 21:18:00
97c6a57824f87ba93afc689cd1fed9c2,f493758bfdff70ae2458df8e0f06ee6a,5,Okay experience,Atendeu às expectativas.,2018-07-27 03:10:00,2018-07-29 08:10:00
83cd79b10fdb5e371a65cb675747b66d,8a6844d672415c766147e80e9951639c,5,,,2018-09-05 23:28:00,2018-09-08 05:28:00
ada8d0c0f2abee28f94b77600b1f6883,789255beaed2def3f72a345eef22a39d,1,Arrived as expected,Veio bem embalado e no prazo.,2018-11-21 23:01:00,2018-11-24 06:01:00
6f5dfe00e225ac565e217dc5448fcf75,79ed5a0c8ecaddc2a68aa6f10e23bed9,2,Okay experience,Compra satisfatória.,2018-07-07 16:37:00,2018-07-09 09:37:00
b90035be3f492081f9410ecec08ac84c,e273ba2ec112801b9c946133c87cc1f4,4,Could be better,Sem problemas no processo.,2018-01-20 07:22:00,2018-01-22 00:22:00
150c444ee299ee800b5ff21596e0ece3,26414ed123a4087b3052578315b6c1a8,1,Fast delivery,,2018-03-06 06:28:00,2018-03-07 09:28:00
41dccc2fcabcd0b5e6be0cc34d66f1e1,351df45b95f13ef6cd8b6d28a39dd127,3,Excellent,Veio bem embalado e no prazo.,2018-12-16 09:12:00,2018-12-18 10:12:00
b781bb1cfec088a58eeba81548ae9101,332af1fcde8f6b132a0563c9cd33d394,2,Fast delivery,Compra satisfatória.,2018-11-08 06:31:00,2018-11-09 12:31:00
8608f755c8e4714cb0a644e306c1d03c,0f1f39c9752882c0e43619793fd7a04f,3,,,2018-11-21 10:05:00,2018-11-23 23:05:00
999f4b84696cc2003435fe827d235433,2a37306fcbfd1ad28009844d1867e2c5,4,Excellent,Entrega rápida e produto de boa qualidade.,2018-10-29 00:08:00,2018-10-30 10:08:00
28b380ce5b97c6d44d32c835a79ba323,23019b056a76f9e8a007a9d2596436d0,5,,Compra satisfatória.,2018-02-13 04:53:00,2018-02-15 04:53:00
8adb2b222af05f320b01b48d5443af4c,d44919e0705c7c6ab50124acc15214b0,1,Okay experience,Sem problemas no processo.,2018-09-25 08:04:00,2018-09-26 01:04:00
7b2e12ae58bca8e684a2a05a3baf0b41,8b4db5f6b3148f9ed94e951762d83882,2,,Veio bem embalado e no prazo.,2018-07-30 05:48:00,2018-07-30 20:48:00
fcc3ba411b738800edb24f0f53fac011,179e0849bfb72aa6d1149cbd1a02b38c,3,Great purchase,,2018-05-24 11:11:00,2018-05-24 22:11:00
926f1dd8f3b8ffd91f76c1a1e503f6db,8adc446c01cde07847aec9b1153af8ae,5,Excellent,,2018-03-07 22:52:00,2018-03-08 06:52:00
77cfeb113fbc5f79b5a372cfa7267bdc,879b008df76a96e2d44f41b46f6a36eb,2,Fast delivery,Produto chegou conforme descrito.,2018-03-01 08:19:00,2018-03-04 05:19:00
8f709979cc471e06d1fe062a0c50a802,e316fccef2f408a948da6a016c446fd3,3,,,2018-08-07 21:40:00,2018-08-09 10:40:00
d27769fff295f47e7bad78c129a2a4f4,aeeda306917c70bda850ecc2a17d29a6,4,Arrived as expected,Atendeu às expectativas.,2018-05-21 04:35:00,2018-05-22 01:35:00
2ffb81688e5b7ca013b84682b90b4546,1bc10ae4561552066188c296f67ec785,3,,Entrega rápida e produto de boa qualidade.,2018-09-20 17:08:00,2018-09-23 04:08:00
dcc1dd5f0b28613113268e27466ab972,1a98fea13e37558066d4ecdbe99c5c00,2,,,2018-01-20 08:09:00,2018-01-22 00:09:00
2e6f88822dd83b0131d4a30d9a4ee067,54ef22db0919cc06f408272311636c8c,3,,,2018-01-08 20:27:00,2018-01-10 06:27:00
17618dc70e384b8a2dff23cb3fa92340,4bbd361ea6d4e67eee13b6a0418625bb,2,Good value,Entrega rápida e produto de boa qualidade.,2018-12-18 20:12:00,2018-12-19 11:12:00
8fea5c1ad1cb53c096e57a9d1043a99d,335533ef66a1c4a4f1979521d4e38387,2,,Esperava um pouco mais da qualidade.,2018-12-20 11:16:00,2018-12-21 22:16:00
dd1fc4b84069ee51f76d2c775018f7e3,57cc0af3c0e7d070d7c003d84903bb5a,1,Great purchase,Sem problemas no processo.,2018-04-07 01:51:00,2018-04-09 22:51:00
eed282ef069160e0f6580cf8b445e808,5eace70344e52f046b46e38bac4e427c,3,Great purchase,Compra satisfatória.,2018-11-19 09:31:00,2018-11-21 22:31:00
994526847aadc01007197601290a6822,6b4d68eaa35181746e847d9c3bee62a5,3,Okay experience,,2018-10-30 03:24:00,2018-10-31 11:24:00
82d10125aac607c3f26213ee93c2bfba,fa6e1260bed94d58720d18f969e86002,4,Excellent,Entrega rápida e produto de boa qualidade.,2019-01-14 11:32:00,2019-01-14 21:32:00
2e6ec6395c0901fde3f3b9c18bde81b9,f62df2d1f4728be8e12b2c401da09c92,4,,Compra satisfatória.,2018-06-25 22:03:00,2018-06-26 08:03:00
0003cca44e48a4f0d3c9f21e05ddff6a,81ab7aec8eab4b42d2fe0f2402a9a10b,3,,Veio bem embalado e no prazo.,2018-07-14 16:16:00,2018-07-15 00:16:00
99d535f05d175f71014971da38c28479,9f270c759fc46163f8a92643c758917a,4,Okay experience,,2018-07-20 04:52:00,2018-07-22 02:52:00
602e31ae99e5a9200290f8deb3f5ac41,9c5f03aefd4fc05ae398d7f2e71ce862,4,Great purchase,Atendeu às expectativas.,2018-08-07 05:59:00,2018-08-08 15:59:00
2ca3321d501b49c148b42204ee7c0b8f,26a1b8216b205f7bc435ff6198a79d50,1,Could be better,Atendeu às expectativas.,2018-08-02 18:19:00,2018-08-04 04:19:00
cb8f2963d1841d3f9927920ebbffa558,124359706826f70215fe5f5ff1f64808,1,,,2018-01-25 08:52:00,2018-01-25 12:52:00
59ae533f2102e94eef5e51399cf751f2,f2b897bb8408f069288bd006e9f9b0d1,2,,Esperava um pouco mais da qualidade.,2018-09-22 02:15:00,2018-09-22 09:15:00
cb7fbe0b0418c71bd7d5591ad003fcce,dce3757ffde86a566f47943115d83e11,5,Excellent,,2018-09-04 08:01:00,2018-09-06 07:01:00
9b47bc7c019ba2bebf482a262ad5f2bf,8f8294812d20fcc75e576e569adbd9c5,5,,,2018-12-22 08:01:00,2018-12-23 11:01:00
797885b706bce6d3565224adc1777883,e4f2517480fd02aa18b10bf29e7dc40e,3,Fast delivery,Sem problemas no processo.,2018-01-16 01:45:00,2018-01-18 01:45:00
ff55fa6ae937130ca6f2ce822d1b2467,35a6a27b35b40749dd347899289e4e62,3,Excellent,Produto chegou conforme descrito.,2018-04-29 03:58:00,2018-04-30 15:58:00
a814ffe78a0fbea0832f0a7aac30e536,97d258ad6750d6f901545b6f9e352560,1,Great purchase,,2018-08-06 17:33:00,2018-08-08 08:33:00
76cf8add55cc6e081130b658267fdc78,77aa7ed76dc4c3f483ff02d6da788700,1,,Esperava um pouco mais da qualidade.,2018-04-26 21:17:00,2018-04-27 03:17:00
c40ab016a8145c7bdeede7cf9e4912ad,5a0d23d71d4a22b16c61d4f42777e425,1,,Compra satisfatória.,2018-03-21 01:13:00,2018-03-21 19:13:00
811928ab6a0f18c827c7528958c600a6,f1258e23199f7ddb85ef9d1dccee0cd6,2,Fast delivery,Produto chegou conforme descrito.,2018-07-15 07:00:00,2018-07-16 05:00:00
d115d03632b6850d75bbfe2d7001024d,9826644d71093ae7f47efd6fc5e36dba,4,Good value,,2018-02-23 13:43:00,2018-02-26 10:43:00
