order_id,customer_id,order_status,order_purchase_timestamp,order_approved_at,order_delivered_carrier_date,order_delivered_customer_date,order_estimated_delivery_date
778c82e7cfc479718385de0c169ddf41,4875b8416961e1808e360507ffffd621,delivered,2018-05-21 01:15:00,2018-05-21 06:15:00,2018-05-24 06:15:00,2018-05-27 06:15:00,2018-06-03 01:15:00
f0327839d8356d46e81baaf49013f9b5,18bc758ac0d11f0fca627e96065b0124,approved,2018-07-05 20:17:00,2018-07-06 15:17:00,,,2018-07-13 20:17:00
afb2169a6a4a831961ff0554c78ec9f8,afbe873835bfe145022873c0a9a41de1,canceled,2018-04-07 05:15:00,2018-04-07 19:15:00,,,2018-04-18 05:15:00
401e3ec731727e376b0bacf9e017d1f4,a9b28de58b59140f9e3ad7e5a9397de8,delivered,2018-06-21 11:42:00,2018-06-21 19:42:00,2018-06-25 19:42:00,2018-07-04 19:42:00,2018-07-10 11:42:00
38657d86917b7ab9fda72a3df3bed341,c578e789bd9e10562ba02b20d347c9e7,canceled,2018-04-04 19:46:00,2018-04-07 13:46:00,,,2018-04-27 19:46:00
55f8b9552bfa02db91c3653a0e8ac842,ebadc2fd27544458b81ca78324d4e5f8,canceled,2018-05-06 15:19:00,,,,2018-05-25 15:19:00
d729c193a93d4d33122ff0f0f1b64163,88d519bd3356e21378d30936de9f2898,canceled,2018-11-10 14:28:00,2018-11-12 17:28:00,,,2018-11-28 14:28:00
a412be7eb2c42e610888b686b73d1499,c51501307d24e79ea2b3800e847910bd,delivered,2018-08-03 23:26:00,2018-08-04 06:26:00,2018-08-08 06:26:00,2018-08-18 06:26:00,2018-08-24 23:26:00
b175dd4c40683beee17ddf2d0957e6c5,7df4cf5910ad811469fdad2b265bce4a,canceled,2018-06-28 11:51:00,,,,2018-07-21 11:51:00
d9276df324af33b46f7ef5112dd1bdac,237f21e474f8c4550200be4a3a8135ef,approved,2018-06-21 16:32:00,2018-06-22 11:32:00,,,2018-07-09 16:32:00
c9c1fb5b024f0f86682c138b5c5c7cb8,4021f601f2bbc97c950b4312efe01dd6,shipped,2018-04-23 23:19:00,2018-04-25 03:19:00,,,2018-05-04 23:19:00
7d8870fedd766f497db8429d30d0ff48,61aa06211b0ae0766b81dc03fbd99cac,delivered,2018-01-07 17:17:00,2018-01-09 11:17:00,2018-01-13 11:17:00,2018-01-17 11:17:00,2018-01-18 17:17:00
773bd70f1e07d5941c3406033fc226aa,9f621306c1d2fc5b8a654beaf19fb8da,canceled,2018-11-30 03:21:00,2018-11-30 08:21:00,,,2018-12-19 03:21:00
734ce592bd3512542f104cb5592b7ca6,50467839784de86d686a62fbb9d16f28,delivered,2018-01-07 10:26:00,2018-01-09 02:26:00,2018-01-10 02:26:00,2018-01-19 02:26:00,2018-01-21 02:26:00
7c2a54b373a266694fa66cf3d9278a70,144dbadb824dadb5bc615a0c15fbd5c1,delivered,2018-07-06 04:52:00,2018-07-07 23:52:00,2018-07-11 23:52:00,2018-07-19 23:52:00,2018-07-24 04:52:00
937f16357b3f48f63f084c8d126d6ddc,00a1c2552a3db55bd952ff9cd79cb87b,delivered,2018-10-03 20:52:00,2018-10-04 00:52:00,2018-10-05 00:52:00,2018-10-12 00:52:00,2018-10-14 00:52:00
4c5a74b76dfffa05b766ca0c7fc925dd,76f4a8e964daf5b3996e1f987b237c13,delivered,2018-10-01 23:29:00,2018-10-03 05:29:00,2018-10-04 05:29:00,2018-10-14 05:29:00,2018-10-15 05:29:00
19ed1b07a8d549cfa3442a898f96707f,e70a48f5483f5efedab038368a6f0863,shipped,2018-09-15 00:05:00,2018-09-16 12:05:00,,,2018-10-07 00:05:00
88cefac2e7b4db7aa53892c1a0fa1d4c,17bef370108fccedfce9c4be4cba19a7,shipped,2018-03-14 12:58:00,2018-03-15 00:58:00,,,2018-04-02 12:58:00
37f96bdec12e3e155cbcbf9681ff051a,76f4a8e964daf5b3996e1f987b237c13,shipped,2018-04-24 00:02:00,2018-04-24 06:02:00,,,2018-05-14 00:02:00
355e4ef65a8201e0eb2ff27c8d7bd62e,7731f3d5148dc19aa10488e5f4bc4d62,delivered,2018-01-03 07:56:00,2018-01-04 06:56:00,2018-01-05 06:56:00,2018-01-11 06:56:00,2018-01-23 07:56:00
2f6df2cc2071744618f8ff38e4f420c2,d8eb79ecd792c86ecb3c1af6e0c25863,delivered,2018-06-27 10:19:00,2018-06-29 18:19:00,2018-07-02 18:19:00,2018-07-08 18:19:00,2018-07-13 10:19:00
72b0532e4ffbe4f7ed94f2dd0b58c225,d7bc1087972a04ca679fde7170ab3f0a,canceled,2018-08-07 22:59:00,,,,2018-08-15 22:59:00
135dfe3d982dceeb0274e138d4c4faa5,23df6316944b06121d3efa0f57436860,shipped,2018-05-09 14:10:00,2018-05-09 22:10:00,,,2018-05-29 14:10:00
da1c2e9bae0bcbb76ee2cd170563c101,dbd20d87f5b86f17b50a7e7a403e54b6,approved,2018-12-03 06:04:00,2018-12-03 08:04:00,,,2018-12-17 06:04:00
e73888e499f9a80365eef637ef3e0115,d7bc1087972a04ca679fde7170ab3f0a,unavailable,2018-04-06 15:12:00,2018-04-07 00:12:00,,,2018-04-16 15:12:00
4880107de188af2e40b5953324b9ea70,2a7dd78982b92c4558bd5926a4f8f8da,delivered,2018-07-31 15:49:00,2018-08-01 13:49:00,2018-08-04 13:49:00,2018-08-10 13:49:00,2018-08-10 13:49:00
f10a41c2ecf4226f7e1ce51914ec018e,cd27c84af7ba2b46c6685593d9b5fd6b,delivered,2018-10-31 16:33:00,2018-11-02 09:33:00,2018-11-03 09:33:00,2018-11-08 09:33:00,2018-11-18 16:33:00
b1cf2c577b04fd0c89d35ef5addb15e5,24389fe1a92fd15b1b9eae5c10afb98b,approved,2018-07-09 01:56:00,2018-07-09 22:56:00,,,2018-07-16 01:56:00
782c5d102786dabb6fef026d53ed4ff5,f2a173d61f7b3d6088960115acd72a89,delivered,2018-09-17 04:04:00,2018-09-17 11:04:00,2018-09-18 11:04:00,2018-09-28 11:04:00,2018-09-29 04:04:00
75a6345d2864ad40f2cf4d6b818ed84d,15780fd307477a9ec4a4225834a2a038,delivered,2018-09-26 13:28:00,2018-09-28 04:28:00,2018-09-30 04:28:00,2018-10-04 04:28:00,2018-10-16 13:28:00
987802f8cf74fc58eedd58c69b27a23a,fe3913dad76a739942eb8e502c8f1910,delivered,2018-01-11 20:53:00,2018-01-14 19:53:00,2018-01-15 19:53:00,2018-01-22 19:53:00,2018-01-25 20:53:00
665f707e7dfce5772049df025e94e461,2a7dd78982b92c4558bd5926a4f8f8da,approved,2018-04-17 19:05:00,2018-04-20 10:05:00,,,2018-04-26 19:05:00
9910e7a8a1553e5c9c90d4cf60b31569,37af65085b9c56517aaba6ac4bd1ce38,shipped,2018-10-30 18:03:00,2018-10-31 21:03:00,,,2018-11-12 18:03:00
c11ea505d7e95b33a0f03d5d96064b56,9f621306c1d2fc5b8a654beaf19fb8da,delivered,2018-09-12 15:45:00,2018-09-13 09:45:00,2018-09-15 09:45:00,2018-09-17 09:45:00,2018-10-04 15:45:00
8c0610b1ca8a64de12912f49ec66dc93,754663f73498baf7c9eb8a742184294a,canceled,2018-03-19 22:34:00,,,,2018-04-03 22:34:00
8381b8593ae544fccb612b490293d7c3,cfbb70b64e4afda858653573f2f62b8a,processing,2018-07-28 08:06:00,2018-07-28 12:06:00,2018-07-29 12:06:00,,2018-08-09 08:06:00
108dc1a1b2db21206d5cb5133c18ba84,23df6316944b06121d3efa0f57436860,approved,2018-05-04 01:06:00,2018-05-04 07:06:00,,,2018-05-26 01:06:00
98dcc36a88188510799924ed046d71c3,34cdd5589d181a56bf6ffe83452989a4,delivered,2018-07-24 08:18:00,2018-07-26 03:18:00,2018-07-30 03:18:00,2018-08-10 03:18:00,2018-08-10 03:18:00
c5fd63e669efb167892299566fce127f,1cb517db75e130abde10983b2155880d,invoiced,2018-03-11 17:33:00,2018-03-13 13:33:00,,,2018-03-28 17:33:00
fb73f56b12ec90d6892446086ef78fb2,adc2b23439cedbc3421fa6915de08cd9,canceled,2018-10-02 17:48:00,,,,2018-10-13 17:48:00
56afa90b7e65e0fea46f2f4535148658,362f09649f9181ce5bc30ca214a5812e,canceled,2018-05-01 20:40:00,2018-05-04 13:40:00,,,2018-05-25 20:40:00
a6e8a39f06532bc66af4875bfbdfd479,5dab24cc53fca638b27219369428d3e1,invoiced,2018-06-27 17:14:00,2018-06-30 15:14:00,,,2018-07-13 17:14:00
9b7e78b11aaf6b477b8429e40f635e64,d56e37e6f49384cfd3cc816bb74d263b,invoiced,2018-12-06 10:11:00,2018-12-08 16:11:00,,,2018-12-26 10:11:00
4dc6e01e47a925c7b32dce7e04ee7d92,c86206008a86c63cd70ec453a8616f70,delivered,2018-11-25 10:04:00,2018-11-25 14:04:00,2018-11-29 14:04:00,2018-12-07 14:04:00,2018-12-14 10:04:00
db1513821548dd2e415716541ccc4112,b88aeb1f1c9d12ca7036149762cb6f5a,delivered,2018-10-05 05:43:00,2018-10-07 20:43:00,2018-10-09 20:43:00,2018-10-14 20:43:00,2018-10-22 05:43:00
f0b08f17712cb57f9b96da8ddaaa3aa2,d28dd38403ee27a2e9ebcd12b4eede79,unavailable,2018-09-12 09:35:00,2018-09-12 23:35:00,,,2018-09-30 09:35:00
c489f6cbc0356f7cc8a4a17cf4ac38f7,1ad27e453106b279576641d8efeaa1fa,processing,2018-12-31 08:12:00,2019-01-02 10:12:00,,,2019-01-16 08:12:00
a67b3982c7a2d295d53992203440b1e2,2791117171a53f1dc0d759bab9bc753f,approved,2018-07-28 19:24:00,2018-07-31 08:24:00,,,2018-08-14 19:24:00
4f178dc2dda27264b70c72335a4d5f4f,61aa06211b0ae0766b81dc03fbd99cac,delivered,2018-08-28 12:38:00,2018-08-29 09:38:00,2018-09-02 09:38:00,2018-09-10 09:38:00,2018-09-18 12:38:00
57b58a08d37ae0f03ba64374ee0630af,a6b92e0759effede5654aefc87d5516e,delivered,2018-07-17 02:06:00,2018-07-17 10:06:00,2018-07-21 10:06:00,2018-07-28 10:06:00,2018-07-30 10:06:00
58ed82eadb4c5fca6d436d090c4a4077,362f09649f9181ce5bc30ca214a5812e,delivered,2018-05-01 10:23:00,2018-05-03 05:23:00,2018-05-04 05:23:00,2018-05-06 05:23:00,2018-05-11 10:23:00
dbdb17a6ad7b4f7393466d0fafeccd5f,c87de111bb39ec9dd6c1ffaa9b1abfd6,delivered,2018-05-19 22:57:00,2018-05-21 16:57:00,2018-05-23 16:57:00,2018-06-01 16:57:00,2018-06-02 16:57:00
f2756c46953622283e86909de024c541,2791117171a53f1dc0d759bab9bc753f,delivered,2018-11-12 16:31:00,2018-11-13 11:31:00,2018-11-15 11:31:00,2018-11-17 11:31:00,2018-11-25 16:31:00
34fac8f83ffe6039ae7a42912a2aacad,f3d23e3423f49819bab3bc416a0abbc0,processing,2018-02-22 11:22:00,2018-02-25 05:22:00,,,2018-03-17 11:22:00
3da381169d8f3fe53f31b2e03a5af57c,6256452f0bfecc5b44973e8e734bd97d,invoiced,2018-03-27 13:20:00,2018-03-27 16:20:00,,,2018-04-17 13:20:00
151d982a4c0d9e23655b54100e3933d9,854f6e2c21292a9a7096e180aebdb743,delivered,2018-10-09 21:06:00,2018-10-12 15:06:00,2018-10-16 15:06:00,2018-10-27 15:06:00,2018-10-27 15:06:00
3a2a0a4f1ef85d8cc1f306bd952ce212,66cc019bfedfc9e24b8f01fb7d9a48fb,approved,2018-12-20 06:55:00,2018-12-22 21:55:00,,,2019-01-07 06:55:00
4c3935356665820b2933bc7e21858aaa,9f621306c1d2fc5b8a654beaf19fb8da,shipped,2018-10-01 03:40:00,2018-10-02 15:40:00,,,2018-10-11 03:40:00
98517ed81dc0d09a885f0eead7dc5d19,ed472a95bd84f86dcd633017bcc574eb,unavailable,2018-07-02 03:42:00,2018-07-02 23:42:00,,,2018-07-24 03:42:00
fcb67b2bf48cf4ceca9ed950423a8365,3650ea71535d9eb3501cfdd309a8d2ac,delivered,2018-10-12 23:52:00,2018-10-14 08:52:00,2018-10-16 08:52:00,2018-10-26 08:52:00,2018-10-31 23:52:00
3fae8dea40796bf032245d6f3f4e346a,2e0c143b04344cc4c9e241fe7da832e2,invoiced,2018-09-14 13:19:00,2018-09-17 01:19:00,,,2018-09-27 13:19:00
66f22a63ef230bcc1546134778bb818d,cd23bf030d1ff18ac41a150b01a8892a,delivered,2018-12-30 13:21:00,2018-12-31 01:21:00,2019-01-03 01:21:00,2019-01-13 01:21:00,2019-01-13 13:21:00
c6b769ae0f9ad09c4d1911ff11991420,237f21e474f8c4550200be4a3a8135ef,delivered,2018-04-18 05:26:00,2018-04-18 16:26:00,2018-04-22 16:26:00,2018-04-24 16:26:00,2018-05-12 05:26:00
ef2bb3c9186b57513f8921de9f9e2387,5cc81ba2a27abf6c91c67c2dcd85d4d8,delivered,2018-04-04 23:32:00,2018-04-06 20:32:00,2018-04-09 20:32:00,2018-04-16 20:32:00,2018-04-22 23:32:00
e8f51a09e1925bb165b28c2783debde2,adc2b23439cedbc3421fa6915de08cd9,created,2018-01-14 06:54:00,,,,2018-01-24 06:54:00
6de899cef6cc7dde4488b0405c0f63cd,f3d23e3423f49819bab3bc416a0abbc0,delivered,2018-04-26 20:00:00,2018-04-28 04:00:00,2018-04-30 04:00:00,2018-05-10 04:00:00,2018-05-12 20:00:00
dbdd65cf115890c9c1635d554df21bc9,847e9158c755ae8124940535dba88c79,delivered,2018-11-20 17:02:00,2018-11-23 14:02:00,2018-11-24 14:02:00,2018-12-02 14:02:00,2018-12-04 17:02:00
6ff0be56fa5d9355b8a1c3247c17634a,4535fc191bc89dc984ea2de2f783a3e5,shipped,2018-07-20 21:14:00,2018-07-22 09:14:00,2018-07-23 09:14:00,,2018-07-28 21:14:00
4774f7ff44a5024daea618790cdff3dc,66e39b348a9d5cc1ec54626c845edcd8,shipped,2018-07-21 00:59:00,2018-07-21 02:59:00,,,2018-08-01 00:59:00
158e753994736be174f9e25849eadfec,b88aeb1f1c9d12ca7036149762cb6f5a,approved,2018-10-25 22:36:00,2018-10-27 23:36:00,,,2018-11-03 22:36:00
e794beffaf9dab5d9bfa822c7c714d1f,7df4cf5910ad811469fdad2b265bce4a,delivered,2018-04-28 17:28:00,2018-04-28 20:28:00,2018-04-29 20:28:00,2018-05-05 20:28:00,2018-05-18 17:28:00
4f68c32a6be43d369d14cd5c54836c85,c6ce8c08e59c2f7bb0dc42c3386aaaa5,unavailable,2018-05-18 08:39:00,2018-05-20 00:39:00,,,2018-06-05 08:39:00
584e4be00da8a6a55868366b6d93fba7,4be91dafa79b8277fdf92fb0b970bec6,delivered,2018-04-07 00:48:00,2018-04-09 13:48:00,2018-04-10 13:48:00,2018-04-13 13:48:00,2018-04-30 00:48:00
8f0339595ff91f9171211f518a5e1c81,0d46ca6509bef3260492db7d713e534b,created,2018-04-16 04:21:00,,,,2018-05-05 04:21:00
4eed6d6a5132981a530d451e13b29231,8d2e22a51d0684ef2b9b88975aeb1ad2,delivered,2018-03-16 11:12:00,2018-03-17 20:12:00,2018-03-19 20:12:00,2018-03-29 20:12:00,2018-03-31 20:12:00
ad807d09a89053126af8b582354c9ef9,ede244ea510ba49fd2cbd18c4804683d,delivered,2018-11-23 04:07:00,2018-11-25 15:07:00,2018-11-28 15:07:00,2018-12-09 15:07:00,2018-12-10 15:07:00
89776c06ff23359f04e72783d0ff949f,ebadc2fd27544458b81ca78324d4e5f8,delivered,2018-12-09 06:34:00,2018-12-12 02:34:00,2018-12-14 02:34:00,2018-12-24 02:34:00,2018-12-26 02:34:00
b36bbdf7138e2498148cc0a9a950fec2,9f621306c1d2fc5b8a654beaf19fb8da,delivered,2018-06-16 19:01:00,2018-06-17 03:01:00,2018-06-19 03:01:00,2018-06-27 03:01:00,2018-06-29 03:01:00
1cbc1804b7c1f58af0c2a14ce28e9a9c,0f362952f221d7562844bfd950b16431,delivered,2018-01-19 16:18:00,2018-01-22 07:18:00,2018-01-26 07:18:00,2018-02-02 07:18:00,2018-02-11 16:18:00
36a103adacf7660e63a6bd8c4fa32cc1,d61f1bb8e0be05b9b32a9ea93669d86e,delivered,2018-02-01 14:08:00,2018-02-03 02:08:00,2018-02-04 02:08:00,2018-02-09 02:08:00,2018-02-13 14:08:00
c2ddaee9feea54d2cafee311df7d9bea,8f6c74445e99ee9753e848ca65e4415b,delivered,2018-12-01 05:21:00,2018-12-03 20:21:00,2018-12-07 20:21:00,2018-12-12 20:21:00,2018-12-24 05:21:00
55d620ff26cc9e120766044802992740,3052a22f411857a1b88c6871d028e015,canceled,2018-11-25 21:08:00,,,,2018-12-14 21:08:00
ff99e3c40c777d6da9ef6611a9fe782a,16ad991cb7c2d107898c8c294a34e709,shipped,2018-12-29 09:35:00,2018-12-30 21:35:00,,,2019-01-19 09:35:00
08c550ba10f8b3ba4bf578d316b6802c,feec68732e5e8ca5088476f553c01a87,delivered,2018-03-09 18:14:00,2018-03-11 03:14:00,2018-03-12 03:14:00,2018-03-16 03:14:00,2018-03-27 18:14:00
d804a4427f85a3c7e08a3641e3717e71,0f1f86f63af10f3b347020a97ae52fdf,processing,2018-09-19 01:49:00,2018-09-21 07:49:00,,,2018-10-13 01:49:00
c71afbedb31e8e73d58ffe26ffecb768,d24a489a23121c5c6fa35a0c61e3bccb,shipped,2018-10-31 05:20:00,2018-11-02 09:20:00,,,2018-11-23 05:20:00
838bbb12e7dafc44ebe4f903d80fc97b,ccc50253fd11ffe05995fa7dafdd4a92,delivered,2018-01-26 07:10:00,2018-01-27 13:10:00,2018-01-31 13:10:00,2018-02-05 13:10:00,2018-02-06 07:10:00
badd34fa3f529c580a87b6acf253c1f0,7a60f9182bba88a34d42cf6fa173e288,delivered,2018-11-30 06:12:00,2018-12-01 11:12:00,2018-12-04 11:12:00,2018-12-11 11:12:00,2018-12-14 06:12:00
711379e62d74f5b940dd9d821e8ed4c7,cf825c0ce8601e247720681c26247878,shipped,2018-04-26 04:41:00,2018-04-27 09:41:00,,,2018-05-19 04:41:00
3984f716bd143176bb9fdeba87f0782b,1cb517db75e130abde10983b2155880d,delivered,2018-07-26 03:23:00,2018-07-28 19:23:00,2018-07-29 19:23:00,2018-08-07 19:23:00,2018-08-12 03:23:00
9f8df5480f736de3d00572e950add848,d24a489a23121c5c6fa35a0c61e3bccb,delivered,2018-04-21 22:34:00,2018-04-23 06:34:00,2018-04-25 06:34:00,2018-05-01 06:34:00,2018-05-03 22:34:00
a19c2b6d7a8f0b1a4ed9262d1ed99efd,91e070a26fe4192d5cbe7a1691020572,delivered,2018-03-24 20:07:00,2018-03-26 06:07:00,2018-03-30 06:07:00,2018-04-07 06:07:00,2018-04-14 20:07:00
886b3822c210d568080570bf01085c80,7a60f9182bba88a34d42cf6fa173e288,delivered,2018-08-28 03:34:00,2018-08-30 16:34:00,2018-08-31 16:34:00,2018-09-02 16:34:00,2018-09-08 03:34:00
97be3e4dd5f49d60c1ac68a0e88005b8,3b9118c6fb3d42f9a366d07a938b4b70,shipped,2018-10-15 01:21:00,2018-10-15 18:21:00,,,2018-11-04 01:21:00
8b1ab2eb9959ed665847178e72cf899d,93e213bb03dc44617eeb372c83b3583c,delivered,2018-03-03 06:23:00,2018-03-04 10:23:00,2018-03-08 10:23:00,2018-03-12 10:23:00,2018-03-14 10:23:00
b7e934c5a4a6b8635774d01d01f45841,b5cc16b075efccc24c8cae44bfce3bac,processing,2018-11-17 03:49:00,2018-11-18 18:49:00,,,2018-11-24 03:49:00
450cbafa5b8015a94fb64cbfbab01717,962af3f3ccf3fb1e5e1c05ce3c149b1b,delivered,2018-11-15 00:31:00,2018-11-15 02:31:00,2018-11-18 02:31:00,2018-11-28 02:31:00,2018-11-29 02:31:00
b0ca1dcd6c3568b54644e393f8cadb36,426bf8b53285ff322ae17df27cedcb74,delivered,2018-07-06 05:18:00,2018-07-06 22:18:00,2018-07-07 22:18:00,2018-07-14 22:18:00,2018-07-19 05:18:00
ac6af6dd4f4d44d391d37aac9875c07c,d4f7a243456ac0331e49fe6db914a934,unavailable,2018-01-27 13:18:00,,,,2018-02-17 13:18:00
0cb2e81a8bc38dd6a9be1d7ae0f05710,e9e09727871ff61b0242005ed45e1cb0,delivered,2018-07-12 07:24:00,2018-07-12 08:24:00,2018-07-15 08:24:00,2018-07-22 08:24:00,2018-07-26 07:24:00
05bc33559ae38e2e07ea8831d940c202,1bcb9616b4402f08588ef34e33855ddd,delivered,2018-04-02 16:40:00,2018-04-03 22:40:00,2018-04-04 22:40:00,2018-04-08 22:40:00,2018-04-16 16:40:00
831ed2972f7e4b414a6706f5a7be41be,cf206cf0204e95fa4b696c8788ade88c,delivered,2018-04-23 11:09:00,2018-04-24 15:09:00,2018-04-28 15:09:00,2018-05-08 15:09:00,2018-05-09 11:09:00
d6d9b39509ab5dce71dda3964883d563,84325ad91c8f57943738373b980d466f,shipped,2018-03-14 21:02:00,2018-03-15 21:02:00,,,2018-03-30 21:02:00
e4f388598dbfbdac2dda475e16e1b65c,217d7ac00c4d4b6d55d384f11ac334de,processing,2018-01-21 20:15:00,2018-01-23 23:15:00,,,2018-01-29 20:15:00
ac2a2f6560807a9f5845a7ed7456fb73,d24a489a23121c5c6fa35a0c61e3bccb,delivered,2018-07-14 12:12:00,2018-07-16 19:12:00,2018-07-18 19:12:00,2018-07-24 19:12:00,2018-08-05 12:12:00
774925e4a5a9449bd8f6a711bf1778cb,f3d23e3423f49819bab3bc416a0abbc0,shipped,2018-10-10 12:46:00,2018-10-12 00:46:00,,,2018-11-03 12:46:00
8077b0447c1d1a8274ba41b9a9b0a2e0,e4eff6f258c42adadfd788563c635c0f,delivered,2018-07-15 04:06:00,2018-07-15 10:06:00,2018-07-19 10:06:00,2018-07-25 10:06:00,2018-08-01 04:06:00
f4d9c4a78c1d47aa625f17c20d867805,ccc50253fd11ffe05995fa7dafdd4a92,delivered,2018-07-06 00:31:00,2018-07-08 00:31:00,2018-07-11 00:31:00,2018-07-17 00:31:00,2018-07-23 00:31:00
731f9484c20a719763d3550be1788726,d89886242552cfd6462d93c4053f7a94,canceled,2018-08-12 10:35:00,2018-08-13 09:35:00,,,2018-08-19 10:35:00
f422b037da4a0691967c45ab224c7add,8749c0752a70d0953977a89896cd898f,delivered,2018-01-22 04:48:00,2018-01-25 03:48:00,2018-01-26 03:48:00,2018-01-30 03:48:00,2018-02-03 04:48:00
3a9431952db10e59343809ebeedc31dc,ccc50253fd11ffe05995fa7dafdd4a92,canceled,2018-02-26 09:13:00,2018-02-28 15:13:00,,,2018-03-15 09:13:00
2b29d5e228b57016aaf8307f16102f62,af30a5f43c9bc1cedec57b69f2a67849,shipped,2018-07-12 11:28:00,2018-07-12 20:28:00,,,2018-08-02 11:28:00
561b16c9fb16b9943665a0f5b013973f,bd0f9d8a35f45b40b69e122e0fdfb836,delivered,2018-04-25 13:45:00,2018-04-27 15:45:00,2018-04-30 15:45:00,2018-05-09 15:45:00,2018-05-10 15:45:00
d90749aa53e537e3fd4d06c673611248,ff2fe10720db7871642e8e0926da8f57,delivered,2018-12-08 20:50:00,2018-12-10 23:50:00,2018-12-12 23:50:00,2018-12-21 23:50:00,2018-12-21 23:50:00
b071519234d7214b01ec234cbd0d588e,307ebdea825fad9a487bb8236814750d,delivered,2018-01-30 21:31:00,2018-02-01 18:31:00,2018-02-03 18:31:00,2018-02-10 18:31:00,2018-02-21 21:31:00
0cb32d24803cd08599e6647f37ffe316,9e7d409be9cfccb1fcaf036d0f352a65,delivered,2018-05-04 07:00:00,2018-05-05 18:00:00,2018-05-06 18:00:00,2018-05-12 18:00:00,2018-05-21 07:00:00
e4988d6faefa7ef411fd97129b0f5a78,2345b843ea2a41aca74e5ee7195b7e1f,invoiced,2018-04-12 13:38:00,2018-04-13 13:38:00,,,2018-04-29 13:38:00
a7bee411fdce88cb94aee8712b78f58f,b8c420d3b97e83efe4b1891dbf7a40c7,processing,2018-01-08 09:12:00,2018-01-11 00:12:00,,,2018-01-18 09:12:00
c05d904b894967bf4d62ae47a25859ba,cfbb70b64e4afda858653573f2f62b8a,created,2018-06-23 21:31:00,2018-06-24 18:31:00,,,2018-07-13 21:31:00
7e0f71afeb3ac6e30f3c82b4f75bb8f6,f4203f582b13925ffd28e1063ded768d,shipped,2018-09-05 00:36:00,2018-09-05 04:36:00,2018-09-06 04:36:00,,2018-09-27 00:36:00
507a29bba1994a393508392423850ef0,6bca3314a950974c381e9fd0910342c5,delivered,2018-01-21 19:14:00,2018-01-22 11:14:00,2018-01-26 11:14:00,2018-02-02 11:14:00,2018-02-11 19:14:00
35ed12df6ca415bcc72f73fb152e1416,c87de111bb39ec9dd6c1ffaa9b1abfd6,shipped,2018-11-11 18:32:00,2018-11-13 03:32:00,,,2018-11-21 18:32:00
88764e918e56de4aadedbeb1c63dda21,0fbbfc319d5f1381993204c6011a74d6,delivered,2018-12-14 23:29:00,2018-12-15 19:29:00,2018-12-17 19:29:00,2018-12-25 19:29:00,2018-12-30 23:29:00
ed892b4cae6859e90182d4b65fd2180e,0f98fec4c5d867b5ae47bad6ba03491b,delivered,2018-05-19 18:32:00,2018-05-21 02:32:00,2018-05-22 02:32:00,2018-05-31 02:32:00,2018-06-08 18:32:00
b5487dc66ee0da147b499e93458d032f,db4b842ae7648bbab09eca3da997f878,delivered,2018-11-20 13:35:00,2018-11-20 18:35:00,2018-11-24 18:35:00,2018-12-03 18:35:00,2018-12-04 18:35:00
2832410b920573d58e44c94ac286b1a0,30d283d6613f88ed0ccdb6377fd295a2,delivered,2018-05-19 15:48:00,2018-05-20 21:48:00,2018-05-23 21:48:00,2018-06-01 21:48:00,2018-06-01 21:48:00
c80e39770e2dfa22997a0f4805761092,d39b4768f94923b21c426e03a8968d82,delivered,2018-12-16 18:11:00,2018-12-19 00:11:00,2018-12-21 00:11:00,2019-01-01 00:11:00,2019-01-02 00:11:00
9d9ace5ff46c01bbae291f6e8d8d1672,0c3629c71649a6f7e421188c96400fb7,shipped,2018-07-11 20:06:00,2018-07-13 02:06:00,,,2018-07-25 20:06:00
8497d52d4e1dd74e3f4510f1cbd09a91,0bfb7b995211a330a3d1d5464c4ff6ac,delivered,2018-05-30 15:55:00,2018-05-31 07:55:00,2018-06-04 07:55:00,2018-06-12 07:55:00,2018-06-14 07:55:00
d6b317449f784406c42f80dac39c18c0,1240d5f78204b69d004c5f91df6841e2,created,2018-06-08 13:55:00,,,,2018-06-30 13:55:00
c0c8170934e95aad8140c74d56b1a723,46430ce3612c08ad9f490a01129d1c41,delivered,2018-07-16 08:07:00,2018-07-16 20:07:00,2018-07-17 20:07:00,2018-07-22 20:07:00,2018-07-26 08:07:00
feddaca84eeab057df443ade143106d1,1efae1df897d5f0094270ca0327f2dde,delivered,2018-06-21 21:19:00,2018-06-22 13:19:00,2018-06-23 13:19:00,2018-06-29 13:19:00,2018-07-05 21:19:00
8330b18773c5ff58ab6ab7f945438e7a,341ee5cc27dd48efb690c4748ec2ed4f,invoiced,2018-09-16 11:11:00,2018-09-16 22:11:00,,,2018-10-08 11:11:00
24b5bc73658c0a88219592cb2c1a1336,a1720bcd6aaa54fa9654379ad82ca54c,delivered,2018-07-19 07:43:00,2018-07-19 14:43:00,2018-07-23 14:43:00,2018-07-29 14:43:00,2018-08-02 07:43:00
36a72cf7d80270c97618279be7c1926b,ecf619ffdaef5175cacf5f6b0e45cf99,delivered,2018-07-25 18:07:00,2018-07-26 22:07:00,2018-07-30 22:07:00,2018-08-04 22:07:00,2018-08-08 18:07:00
de04a0cb3ea989e8aaf2a6fdc47f0664,754663f73498baf7c9eb8a742184294a,unavailable,2018-06-26 17:40:00,2018-06-28 16:40:00,,,2018-07-08 17:40:00
494eb49fdd58d13d271b2fdde09ef278,1a92eb29ff73a97099136d789bcb7677,delivered,2018-08-13 00:52:00,2018-08-13 11:52:00,2018-08-16 11:52:00,2018-08-19 11:52:00,2018-08-29 00:52:00
fd4925a9f29bd18658328b88033572e4,dfa4442d8e94d393cb0bf89ac4ce0f47,delivered,2018-05-01 11:49:00,2018-05-02 05:49:00,2018-05-06 05:49:00,2018-05-16 05:49:00,2018-05-16 05:49:00
05d630ba752bc0c75a510dfa0ec2c7f3,a85d3b2305417436a034e52106eb2af3,unavailable,2018-09-16 21:00:00,,,,2018-09-25 21:00:00
807db180743268a08d50134cbf124098,000c955d66289f3efea80699155b6be6,delivered,2018-08-04 17:35:00,2018-08-06 03:35:00,2018-08-08 03:35:00,2018-08-16 03:35:00,2018-08-17 17:35:00
95f4d782d76fa1bf508acadc0da3c5dd,f14f266eea5a83e701fae6ca069a13c7,shipped,2018-08-06 05:33:00,2018-08-08 08:33:00,,,2018-08-28 05:33:00
665c53378cb3f3d11d695ea966e60898,2fe8e38a7f66015ad11c0fb25e2b13f3,delivered,2018-06-23 01:05:00,2018-06-25 18:05:00,2018-06-28 18:05:00,2018-06-30 18:05:00,2018-07-04 01:05:00
30f6f71abbab59da3662830e15f9704d,208d09a068cca2e1e24b2dcb8f0f57b2,shipped,2018-12-27 11:48:00,2018-12-30 10:48:00,,,2019-01-06 11:48:00
1dcdc1710a9109579f8acd348d61a787,7a60f9182bba88a34d42cf6fa173e288,delivered,2018-06-02 20:47:00,2018-06-02 22:47:00,2018-06-05 22:47:00,2018-06-15 22:47:00,2018-06-26 20:47:00
f41c53c9643fd03355dcb67c9050ddc1,9ad82dbf9fca9d9cb07fadeea9d8d112,delivered,2018-02-26 12:08:00,2018-02-27 22:08:00,2018-03-03 22:08:00,2018-03-10 22:08:00,2018-03-21 12:08:00
a88d7ba2956b6e360f6b6e8d9c9e4d17,8d2e22a51d0684ef2b9b88975aeb1ad2,processing,2018-05-03 20:00:00,2018-05-04 20:00:00,2018-05-05 20:00:00,,2018-05-14 20:00:00
30ce2d3574382bf59fac6d619f872cdd,cd23bf030d1ff18ac41a150b01a8892a,unavailable,2018-10-20 05:06:00,2018-10-22 10:06:00,,,2018-11-06 05:06:00
e562d2280cd63240a2c32b0845234755,e41826b7274a775b0a4b0d70058dc10c,shipped,2018-04-27 11:34:00,2018-04-30 10:34:00,,,2018-05-07 11:34:00
9b5e5c856a9a237a8f651f0c21343796,9f6d56227a3f9d202e6b894df5a0c8a1,invoiced,2018-08-26 14:55:00,2018-08-29 09:55:00,,,2018-09-11 14:55:00
b68eaa0d7f9302e5e14ea44b3ff6d3da,8d2e22a51d0684ef2b9b88975aeb1ad2,delivered,2018-08-27 13:42:00,2018-08-29 09:42:00,2018-08-30 09:42:00,2018-09-07 09:42:00,2018-09-18 13:42:00
ab432a8e59ba42f23d58f412cb88aadc,5edd78aca70ecb7afeded918d7725238,invoiced,2018-04-13 01:36:00,2018-04-13 15:36:00,,,2018-04-21 01:36:00
b2e0cb9a2518fdfd9af73bf3ae827682,683a99f0563066c886fdc63af995e22a,delivered,2018-01-24 06:09:00,2018-01-24 21:09:00,2018-01-27 21:09:00,2018-02-05 21:09:00,2018-02-10 06:09:00
3d3351cc5188748451187838fcac4bfc,e7e2c14028927a514cc7c86e90254376,shipped,2018-10-28 05:32:00,2018-10-30 19:32:00,,,2018-11-14 05:32:00
0f34b279a86813ad8219427ca2da20d3,0fbbfc319d5f1381993204c6011a74d6,shipped,2018-08-29 04:58:00,2018-08-31 10:58:00,,,2018-09-06 04:58:00
5d52d71c518f0b984fd598f775f26fb2,d4f7a243456ac0331e49fe6db914a934,shipped,2018-08-05 14:44:00,2018-08-05 19:44:00,,,2018-08-13 14:44:00
95190b3606b45bba87634f3a5f54469b,6a77775ad8e82e87fa64eab8e11ffc39,invoiced,2018-08-04 15:04:00,2018-08-06 21:04:00,,,2018-08-24 15:04:00
1cf8633873a16bc9816fa86f751d0bbf,4535fc191bc89dc984ea2de2f783a3e5,delivered,2018-11-21 18:41:00,2018-11-23 08:41:00,2018-11-27 08:41:00,2018-12-06 08:41:00,2018-12-08 08:41:00
1190ace8e82957ad8a8dcc053245b17e,a6b92e0759effede5654aefc87d5516e,invoiced,2018-08-01 15:26:00,2018-08-02 08:26:00,,,2018-08-15 15:26:00
738ef14dcb016bb9483950a589842fab,c561a979f66f0a4b68e6bdc3c7c1fcfe,delivered,2018-02-11 21:10:00,2018-02-12 20:10:00,2018-02-13 20:10:00,2018-02-18 20:10:00,2018-02-25 21:10:00
487ac675e11d04456111e6ea83ee2c40,3822cd9dda854a3003df85e83edd8bc4,delivered,2018-01-02 22:38:00,2018-01-04 01:38:00,2018-01-08 01:38:00,2018-01-13 01:38:00,2018-01-17 22:38:00
1abfb20307883e384021aba10c82330f,0a1c6863dc4afd01b87e2a043152335b,shipped,2018-05-20 13:08:00,2018-05-23 11:08:00,,,2018-05-29 13:08:00
cef24a850047e05283eff7699a1d8983,e70a48f5483f5efedab038368a6f0863,created,2018-04-21 12:34:00,2018-04-23 10:34:00,2018-04-24 10:34:00,,2018-05-14 12:34:00
270e6b13f21579c88e70ebf0a791d2bf,7706ba61ea22b715181c156cdcd189a1,delivered,2018-05-24 01:12:00,2018-05-26 23:12:00,2018-05-28 23:12:00,2018-06-02 23:12:00,2018-06-03 01:12:00
d2440ec5765bbb4fe9e7965837544c3e,d4f7a243456ac0331e49fe6db914a934,canceled,2018-10-16 13:12:00,2018-10-19 04:12:00,,,2018-10-31 13:12:00
a8034ce148acd759f14b5da3a6eca92b,cec0284bd7f4ffa5be30d69b4b97e591,delivered,2018-11-12 19:27:00,2018-11-14 15:27:00,2018-11-15 15:27:00,2018-11-25 15:27:00,2018-11-25 15:27:00
6588cb8cdf1718b941ccd540060b044e,d4042b0965a68a66ce2c147b4785aeff,delivered,2018-04-10 03:26:00,2018-04-10 13:26:00,2018-04-11 13:26:00,2018-04-21 13:26:00,2018-04-21 13:26:00
5c31bac99b8e2665121f7297981809a5,04d527386c10c442c37eeada94f50a47,delivered,2018-11-30 17:39:00,2018-12-01 06:39:00,2018-12-04 06:39:00,2018-12-06 06:39:00,2018-12-09 17:39:00
95a61295e9b197175d0043ba440f87b0,6cd38b5b881291ad0d2a78574045604f,created,2018-07-14 07:04:00,2018-07-16 17:04:00,,,2018-07-30 07:04:00
8384bd6aa1e381229fe9db7941d0e72f,f2a173d61f7b3d6088960115acd72a89,delivered,2018-01-03 22:05:00,2018-01-05 18:05:00,2018-01-07 18:05:00,2018-01-11 18:05:00,2018-01-23 22:05:00
f3b6cbc550ca9f056f843d8105d72dd3,44a30279016d6b6675567101bb68fa6b,invoiced,2018-04-02 23:18:00,2018-04-05 07:18:00,,,2018-04-23 23:18:00
85a17cf43c99f2f89f915d7bbb8961bf,23df6316944b06121d3efa0f57436860,shipped,2018-06-19 18:44:00,2018-06-21 09:44:00,,,2018-07-10 18:44:00
c323e0caa8e68d5e1333dcb6e1a3282c,5dab24cc53fca638b27219369428d3e1,canceled,2018-03-07 04:23:00,,,,2018-03-16 04:23:00
66b0c17fdf783bda7da3d159fa0d55c1,de6da54197666d5cbc59e6e329effb96,delivered,2018-08-14 14:09:00,2018-08-15 03:09:00,2018-08-19 03:09:00,2018-08-23 03:09:00,2018-09-06 14:09:00
612f024cde50bf49541730de01b5eaf0,8d2e22a51d0684ef2b9b88975aeb1ad2,unavailable,2018-09-16 02:17:00,2018-09-18 00:17:00,,,2018-09-24 02:17:00
cfe0892f2c4daeecaa74b79db7f01446,dfa4442d8e94d393cb0bf89ac4ce0f47,processing,2018-01-10 06:16:00,2018-01-11 04:16:00,,,2018-01-29 06:16:00
44742f411719061a5375b895cd617ab6,30978f72eb78c24b060a35481a7eff0c,delivered,2018-01-02 18:28:00,2018-01-04 15:28:00,2018-01-05 15:28:00,2018-01-14 15:28:00,2018-01-16 15:28:00
a0fb0316d42bb0690e56898e3102f975,5e15f3bdf12124697d00c10ec0296ce8,shipped,2018-04-09 23:09:00,2018-04-12 17:09:00,,,2018-04-21 23:09:00
3a05193b5facf9bc0fda96ac6cdf0b74,96256a92e399e7d27b24baafd7f9d411,processing,2018-06-16 00:11:00,2018-06-16 20:11:00,,,2018-07-02 00:11:00
077a2bfe2bc7bc35b058d303be5b627f,4982d801305a571155979f4961d738d5,canceled,2018-09-09 10:25:00,,,,2018-10-02 10:25:00
9bef6e84046381bfb358ab63b63afeca,cb9dc58ff2b8a3e4d7b9d0b1491d384a,delivered,2018-09-21 21:50:00,2018-09-23 13:50:00,2018-09-24 13:50:00,2018-10-03 13:50:00,2018-10-03 13:50:00
0ca400a44175249e8e647f901a2312d4,04d527386c10c442c37eeada94f50a47,shipped,2018-08-06 12:27:00,2018-08-09 11:27:00,,,2018-08-14 12:27:00
e5b218cd46eade24feb7e17fd92af594,0a1c6863dc4afd01b87e2a043152335b,delivered,2018-01-14 01:04:00,2018-01-16 04:04:00,2018-01-20 04:04:00,2018-01-24 04:04:00,2018-01-24 04:04:00
3b4463b10b82499062771e99e0f4559c,e41826b7274a775b0a4b0d70058dc10c,delivered,2018-01-01 15:21:00,2018-01-04 01:21:00,2018-01-06 01:21:00,2018-01-09 01:21:00,2018-01-10 15:21:00
4e59cd72b0ab509673242bfc2995094e,b4ee871e28798967009f2074137d3f64,approved,2018-05-03 04:03:00,2018-05-05 12:03:00,,,2018-05-26 04:03:00
b59366fa5f2323f534f76bbe0b719a38,17f81d79302fb8f8d4761544f3e9d09a,unavailable,2018-12-26 06:08:00,2018-12-26 10:08:00,,,2019-01-14 06:08:00
3796e1a6f74bfd3c3a9ceef468a12a53,0f362952f221d7562844bfd950b16431,processing,2018-02-05 20:04:00,2018-02-08 05:04:00,2018-02-09 05:04:00,,2018-02-22 20:04:00
a1caa655848682a9f5b5ad4a608a88c9,6a77775ad8e82e87fa64eab8e11ffc39,delivered,2018-09-03 21:59:00,2018-09-05 07:59:00,2018-09-07 07:59:00,2018-09-09 07:59:00,2018-09-22 21:59:00
fa8bd74d7b00c3dd38549fffd663c926,95a33d7041a8613da9ce1faaa0c88f07,delivered,2018-11-14 00:00:00,2018-11-14 03:00:00,2018-11-17 03:00:00,2018-11-28 03:00:00,2018-11-30 00:00:00
dbd5afc75cbf1c7a9b5bf9928c4d690d,3ef5e200d16dd383d997061ea82c38a2,delivered,2018-04-05 03:10:00,2018-04-05 05:10:00,2018-04-09 05:10:00,2018-04-11 05:10:00,2018-04-13 03:10:00
99c90ffadc724039c6d0f0d7a932a7e8,d39b4768f94923b21c426e03a8968d82,delivered,2018-09-23 11:08:00,2018-09-25 04:08:00,2018-09-27 04:08:00,2018-09-30 04:08:00,2018-10-05 11:08:00
d9f59c2af3644e115a7ca374f4cefcb2,e80d99ebcb69c79e192a5706feb910f2,delivered,2018-01-10 19:41:00,2018-01-11 11:41:00,2018-01-15 11:41:00,2018-01-20 11:41:00,2018-01-28 19:41:00
e2dc5a2264a19a5d3de9d7392f6174f4,a64ca36d2640358134782a9efb10a0fe,invoiced,2018-07-22 21:09:00,2018-07-24 14:09:00,,,2018-08-14 21:09:00
cbf45aa302b6bbd4d298240bd21d9f4d,19a5a86f9483564df3b4180bf6f9e55d,canceled,2018-12-04 01:38:00,,,,2018-12-27 01:38:00
7ad0be1ce2d8e1644e77ff16180e9b1b,7ee7b5e2110bf2094888b4ad24b62866,invoiced,2018-01-24 07:05:00,2018-01-26 04:05:00,,,2018-02-06 07:05:00
07abfded8a3d38f32e73a422d5d3344e,1f87245c9c6dc223701d1de77a9bad42,delivered,2018-10-17 00:08:00,2018-10-19 13:08:00,2018-10-21 13:08:00,2018-10-26 13:08:00,2018-11-06 00:08:00
27486b8560cec8aa62ea04e024a2fb62,9abca15c30407f159b44cc5e79c0a252,shipped,2018-01-05 09:19:00,2018-01-07 21:19:00,,,2018-01-16 09:19:00
d003f1464f386752b976c5eb343cadb8,ed472a95bd84f86dcd633017bcc574eb,delivered,2018-10-05 12:08:00,2018-10-07 20:08:00,2018-10-11 20:08:00,2018-10-19 20:08:00,2018-10-26 12:08:00
2bceac4d8ad0e687ff35d07021942a40,de6da54197666d5cbc59e6e329effb96,delivered,2018-03-13 16:29:00,2018-03-14 04:29:00,2018-03-15 04:29:00,2018-03-18 04:29:00,2018-03-27 16:29:00
e3a0c9629b9aeca54850c1d39f5439c9,95ae37c566e78ac2c0f3b82561cbac17,invoiced,2018-07-09 20:09:00,2018-07-09 22:09:00,2018-07-10 22:09:00,,2018-07-18 20:09:00
b02a7cd4cedc5f945781c6a87b8e1924,d8eb79ecd792c86ecb3c1af6e0c25863,delivered,2018-04-15 01:19:00,2018-04-17 00:19:00,2018-04-21 00:19:00,2018-04-28 00:19:00,2018-05-08 01:19:00
f5cd712e1c36f2f5af7c0add9ded3130,39c801183709b960e319ec698a50db02,shipped,2018-12-02 11:06:00,2018-12-05 02:06:00,,,2018-12-19 11:06:00
8ca02e1dbeca248b9f16561ac0720069,7d4753a0f6efd246b82b3ac7ef0e42a5,canceled,2018-10-20 15:28:00,,,,2018-11-13 15:28:00
3d717e0e8e54f465b5328f347a928da9,a6b92e0759effede5654aefc87d5516e,approved,2018-06-28 14:48:00,2018-06-28 21:48:00,,,2018-07-06 14:48:00
e11bca6e9758ecdfd965868feb12a5bc,cb9dc58ff2b8a3e4d7b9d0b1491d384a,approved,2018-07-26 08:04:00,2018-07-26 20:04:00,,,2018-08-14 08:04:00
34081ccbcd9cda2d777f52b5015d4da5,5b57a63dbca84a0dae0f59cb7204f41f,delivered,2018-06-24 09:13:00,2018-06-25 21:13:00,2018-06-29 21:13:00,2018-07-08 21:13:00,2018-07-09 21:13:00
49564661deaba4f5c426c0f48622ae92,b436749653def3be07c007f5a95d0193,processing,2018-12-10 07:18:00,2018-12-12 02:18:00,,,2018-12-20 07:18:00
f493758bfdff70ae2458df8e0f06ee6a,d4f7a243456ac0331e49fe6db914a934,delivered,2018-07-23 03:10:00,2018-07-24 14:10:00,2018-07-27 14:10:00,2018-07-30 14:10:00,2018-08-06 03:10:00
8a6844d672415c766147e80e9951639c,4fa844fbefcaa2a99d5af4a050d83bbb,invoiced,2018-08-20 23:28:00,2018-08-21 02:28:00,,,2018-08-27 23:28:00
789255beaed2def3f72a345eef22a39d,cb9dc58ff2b8a3e4d7b9d0b1491d384a,processing,2018-11-03 23:01:00,2018-11-05 20:01:00,,,2018-11-12 23:01:00
79ed5a0c8ecaddc2a68aa6f10e23bed9,7f7a5a836562f0a7bbc56d41c3647067,delivered,2018-06-19 16:37:00,2018-06-21 20:37:00,2018-06-24 20:37:00,2018-07-01 20:37:00,2018-07-09 16:37:00
e273ba2ec112801b9c946133c87cc1f4,d61f1bb8e0be05b9b32a9ea93669d86e,delivered,2018-01-05 07:22:00,2018-01-07 13:22:00,2018-01-09 13:22:00,2018-01-19 13:22:00,2018-01-29 07:22:00
26414ed123a4087b3052578315b6c1a8,ac3657b9665a646b2c4cd615f923b658,created,2018-02-20 06:28:00,2018-02-21 05:28:00,2018-02-22 05:28:00,,2018-03-07 06:28:00
351df45b95f13ef6cd8b6d28a39dd127,30978f72eb78c24b060a35481a7eff0c,approved,2018-12-03 09:12:00,2018-12-03 11:12:00,,,2018-12-18 09:12:00
332af1fcde8f6b132a0563c9cd33d394,f4203f582b13925ffd28e1063ded768d,canceled,2018-10-23 06:31:00,,,,2018-11-13 06:31:00
0f1f39c9752882c0e43619793fd7a04f,dbd20d87f5b86f17b50a7e7a403e54b6,delivered,2018-11-13 10:05:00,2018-11-13 17:05:00,2018-11-15 17:05:00,2018-11-20 17:05:00,2018-12-04 10:05:00
2a37306fcbfd1ad28009844d1867e2c5,334889b2fda8db44279a14b308fa1f07,delivered,2018-10-20 00:08:00,2018-10-22 09:08:00,2018-10-25 09:08:00,2018-10-29 09:08:00,2018-11-05 00:08:00
23019b056a76f9e8a007a9d2596436d0,b552156f8398dd1b792556b81fed1af4,delivered,2018-02-04 04:53:00,2018-02-05 16:53:00,2018-02-06 16:53:00,2018-02-08 16:53:00,2018-02-21 04:53:00
d44919e0705c7c6ab50124acc15214b0,5ed2619bdbf1eede876147fbfa5e8561,shipped,2018-09-11 08:04:00,2018-09-12 02:04:00,,,2018-09-26 08:04:00
8b4db5f6b3148f9ed94e951762d83882,237f21e474f8c4550200be4a3a8135ef,delivered,2018-07-26 05:48:00,2018-07-27 02:48:00,2018-07-30 02:48:00,2018-08-02 02:48:00,2018-08-18 05:48:00
179e0849bfb72aa6d1149cbd1a02b38c,db18900f554405d159cb972e4c5001aa,delivered,2018-05-17 11:11:00,2018-05-17 19:11:00,2018-05-20 19:11:00,2018-05-26 19:11:00,2018-06-05 11:11:00
8adc446c01cde07847aec9b1153af8ae,93e213bb03dc44617eeb372c83b3583c,delivered,2018-02-20 22:52:00,2018-02-23 05:52:00,2018-02-25 05:52:00,2018-03-07 05:52:00,2018-03-07 05:52:00
879b008df76a96e2d44f41b46f6a36eb,f352252bce5a124791abe379f8bca907,approved,2018-02-12 08:19:00,2018-02-12 23:19:00,,,2018-02-27 08:19:00
e316fccef2f408a948da6a016c446fd3,2521e9b5903d5eccb5003b0595775770,delivered,2018-07-24 21:40:00,2018-07-25 10:40:00,2018-07-29 10:40:00,2018-08-03 10:40:00,2018-08-12 21:40:00
aeeda306917c70bda850ecc2a17d29a6,3221dd1e7aae9f02b59f4dc9ee48baf7,delivered,2018-05-08 04:35:00,2018-05-08 13:35:00,2018-05-11 13:35:00,2018-05-16 13:35:00,2018-05-20 04:35:00
1bc10ae4561552066188c296f67ec785,955fb262918b4c46fb3823ff6e7d7c71,delivered,2018-09-11 17:08:00,2018-09-12 20:08:00,2018-09-13 20:08:00,2018-09-23 20:08:00,2018-09-25 17:08:00
1a98fea13e37558066d4ecdbe99c5c00,77c8a47cbe918eaa76b5d93a3c4b1214,delivered,2018-01-14 08:09:00,2018-01-15 10:09:00,2018-01-18 10:09:00,2018-01-24 10:09:00,2018-01-30 08:09:00
54ef22db0919cc06f408272311636c8c,9abca15c30407f159b44cc5e79c0a252,canceled,2018-01-04 20:27:00,2018-01-05 18:27:00,,,2018-01-28 20:27:00
4bbd361ea6d4e67eee13b6a0418625bb,b4ee871e28798967009f2074137d3f64,delivered,2018-12-03 20:12:00,2018-12-05 12:12:00,2018-12-09 12:12:00,2018-12-16 12:12:00,2018-12-22 20:12:00
335533ef66a1c4a4f1979521d4e38387,d39b4768f94923b21c426e03a8968d82,delivered,2018-12-11 11:16:00,2018-12-14 02:16:00,2018-12-16 02:16:00,2018-12-24 02:16:00,2018-12-24 02:16:00
57cc0af3c0e7d070d7c003d84903bb5a,c2a6763e59be01a95759b9c907e9ec97,created,2018-04-02 01:51:00,,,,2018-04-24 01:51:00
5eace70344e52f046b46e38bac4e427c,ccb57dae57c84ca1968fbff95d3ec057,delivered,2018-11-07 09:31:00,2018-11-09 21:31:00,2018-11-12 21:31:00,2018-11-18 21:31:00,2018-11-21 09:31:00
6b4d68eaa35181746e847d9c3bee62a5,c001cd99966a9a2fc0cdb58758549eab,canceled,2018-10-26 03:24:00,,,,2018-11-08 03:24:00
fa6e1260bed94d58720d18f969e86002,feeb8cf461e2aeaedbd5c45cff0a361a,delivered,2018-12-31 11:32:00,2019-01-02 00:32:00,2019-01-03 00:32:00,2019-01-09 00:32:00,2019-01-16 11:32:00
f62df2d1f4728be8e12b2c401da09c92,363c2d3668aeadbab7848696fa4cb5d5,shipped,2018-06-08 22:03:00,2018-06-11 06:03:00,,,2018-06-27 22:03:00
81ab7aec8eab4b42d2fe0f2402a9a10b,0de1da6e2b0998d3d080edf2d50248d6,delivered,2018-07-02 16:16:00,2018-07-04 15:16:00,2018-07-06 15:16:00,2018-07-11 15:16:00,2018-07-11 15:16:00
9f270c759fc46163f8a92643c758917a,6fc8577be3e9009c201ae27e418db805,invoiced,2018-07-13 04:52:00,2018-07-15 06:52:00,,,2018-08-05 04:52:00
9c5f03aefd4fc05ae398d7f2e71ce862,2a384b26f30d910d3b5c663324a7b54a,delivered,2018-07-26 05:59:00,2018-07-27 13:59:00,2018-07-30 13:59:00,2018-08-01 13:59:00,2018-08-06 05:59:00
26a1b8216b205f7bc435ff6198a79d50,c86206008a86c63cd70ec453a8616f70,delivered,2018-07-25 18:19:00,2018-07-27 02:19:00,2018-07-30 02:19:00,2018-08-06 02:19:00,2018-08-06 02:19:00
124359706826f70215fe5f5ff1f64808,4875b8416961e1808e360507ffffd621,processing,2018-01-18 08:52:00,2018-01-19 10:52:00,,,2018-01-26 08:52:00
f2b897bb8408f069288bd006e9f9b0d1,058ae9e85491061d1ebc4c0402997579,delivered,2018-09-14 02:15:00,2018-09-15 02:15:00,2018-09-19 02:15:00,2018-09-21 02:15:00,2018-10-07 02:15:00
dce3757ffde86a566f47943115d83e11,adc2b23439cedbc3421fa6915de08cd9,delivered,2018-08-22 08:01:00,2018-08-22 11:01:00,2018-08-26 11:01:00,2018-09-03 11:01:00,2018-09-05 11:01:00
8f8294812d20fcc75e576e569adbd9c5,3777c6ae4e0896ef3f20fc1fd879e0a2,canceled,2018-12-09 08:01:00,2018-12-09 14:01:00,,,2018-12-30 08:01:00
e4f2517480fd02aa18b10bf29e7dc40e,489541d6fe4f9ada722acafa68cff01d,shipped,2018-01-04 01:45:00,2018-01-04 08:45:00,,,2018-01-25 01:45:00
35a6a27b35b40749dd347899289e4e62,52b2994de9766595f739c17835c2cf96,shipped,2018-04-21 03:58:00,2018-04-23 13:58:00,,,2018-05-05 03:58:00
97d258ad6750d6f901545b6f9e352560,fe3913dad76a739942eb8e502c8f1910,delivered,2018-07-21 17:33:00,2018-07-23 18:33:00,2018-07-27 18:33:00,2018-08-06 18:33:00,2018-08-07 18:33:00
77aa7ed76dc4c3f483ff02d6da788700,c001cd99966a9a2fc0cdb58758549eab,canceled,2018-04-18 21:17:00,2018-04-20 05:17:00,,,2018-05-01 21:17:00
5a0d23d71d4a22b16c61d4f42777e425,e70a48f5483f5efedab038368a6f0863,delivered,2018-03-15 01:13:00,2018-03-17 02:13:00,2018-03-20 02:13:00,2018-03-29 02:13:00,2018-03-29 02:13:00
f1258e23199f7ddb85ef9d1dccee0cd6,e88500dbf71611f4ee244b1cfa782f26,delivered,2018-07-02 07:00:00,2018-07-05 03:00:00,2018-07-08 03:00:00,2018-07-16 03:00:00,2018-07-24 07:00:00
9826644d71093ae7f47efd6fc5e36dba,237f21e474f8c4550200be4a3a8135ef,delivered,2018-02-17 13:43:00,2018-02-19 19:43:00,2018-02-21 19:43:00,2018-02-26 19:43:00,2018-03-09 13:43:00
