product_id,product_category_name,product_name_lenght,product_description_lenght,product_photos_qty,product_weight_g,product_length_cm,product_height_cm,product_width_cm
dd768d259ee6054e0dadd66c8e2be0b6,cama_mesa_banho,52,700,2,350,16,10,16
4473f3e5c65952b074ef987fa5c24662,telefonia,59,776,6,350,17,4,12
4c6018f41a6c2e5543cc034e94f5ce5b,ferramentas_jardim,44,2395,1,16500,40,25,26
0e40b1ed4cfd3da1962ec91913e54ba8,eletronicos,52,424,1,175,22,11,15
78119fbfa709d07b86f5ccf15043c6d6,cool_stuff,43,447,2,586,18,11,13
c6336fa91fbd87c359e44f5dca5a90ed,esporte_lazer,39,772,1,150,16,16,11
3c2f792f1041177a81913a977431a99e,eletronicos,40,549,1,200,20,20,20
ad19bca6e0f1919433d7e21d534ddb50,livros_interesse_geral,42,1109,1,900,18,25,16
f159439c5c382fae366d444e05c590c1,perfumaria,52,365,1,400,18,18,12
37d2e3656244fd840ebd0460360455cd,papelaria,36,215,1,700,45,10,31
00a985c524adbb97a4211e4ce17aabec,telefonia,58,734,3,250,17,4,12
bae8ac5e125a98fe445bc17714104709,malas_acessorios,57,455,3,10700,40,100,16
f7740e5b4337a3cc4a8a204553101a85,beleza_saude,43,876,2,543,30,12,16
64cb768ce668c3df58334a28d528b754,brinquedos,41,517,1,875,65,23,20
3932e37f1f658768ac53fbe680f145bc,cama_mesa_banho,60,850,1,1100,40,10,30
53b36df67ebb7c41585e8d54d6772e08,relogios_presentes,33,523,3,584,16,11,13
3ac52f93c2299daa201fbb7ff36546f7,informatica_acessorios,60,401,2,150,16,5,15
31d6f0a621ee145ae8c70304cf564483,relogios_presentes,54,691,2,200,16,2,11
50571d0f0f8ffbeec1c64cefeec01135,fashion_bolsas_e_acessorios,58,526,5,350,43,16,27
6d07236d4abe99b5b1cbf368971bf6e7,brinquedos,49,170,6,200,17,7,12
a8115d34a4b7b74388da609692162c37,informatica_acessorios,34,1080,2,250,41,2,29
d248fe1e952b5b5d62572369cc23ac3c,relogios_presentes,34,608,3,600,23,19,15
8ccac7e503c0ba1f7e7b3aafeae52cca,moveis_decoracao,35,596,4,5500,32,32,32
d951b7ee80638f0b34111a091327be42,perfumaria,54,522,1,150,16,12,11
9256d5ffeddcdb1ee516de53414ff1a2,telefonia,59,540,3,300,17,4,12
3606696d19bbcad6cb6c0e985749862f,automotivo,56,882,4,450,16,9,15
1349eb7b72fc4394d408917c76464af8,bebes,41,243,1,133,21,8,14
8f79800a347de2da5104a414bc791a0b,ferramentas_jardim,41,515,1,400,30,15,20
b980f3256c981fc178514325143b1fc8,informatica_acessorios,59,1130,2,243,17,15,12
9d395a6bc9dbad2dfe60c8c92d8df397,moveis_decoracao,59,2001,3,850,69,11,11
5135301d684848b74276f22afcc6781c,utilidades_domesticas,49,1012,2,500,24,20,23
e251a68000f75257cf9ef16bcea51976,papelaria,44,207,1,200,21,7,14
43fbb9403319de5e660094ddbe8cc0a4,informatica_acessorios,46,468,2,150,19,5,13
8da77162e41d47464f9806727417cf6e,cama_mesa_banho,58,293,1,3600,50,10,30
8f7ae8d7845cdabafb4b6f20d8bc5a43,esporte_lazer,41,785,2,700,16,12,22
38ad86e536a0e27c5a4d2dc30964259d,telefonia,60,540,2,300,17,4,12
b17a4e7b997ea645dd323bb1bed802ac,,,,,600,24,4,15
e27c4dd075a521097a085bced0631ce7,moveis_sala,31,618,2,9750,27,15,92
154e7e31ebfa092203795c972e5804a6,beleza_saude,48,575,1,100,20,15,15
b5034cecd2d602fcc8175e8fe0988a3d,automotivo,56,361,1,200,35,4,26
2535db191954746776aa1f51dc1a9651,beleza_saude,43,341,1,350,18,14,15
db8416b29581dc9ccea5e43e59fda317,perfumaria,46,534,7,1850,35,26,26
336090aa9bdfdc02b01b154b2d0abda2,eletronicos,58,219,3,600,16,5,20
1c33c71830d320620439a3236a1c4ae1,livros_interesse_geral,54,2931,3,2200,19,26,11
3a21e6f5a154a5b03b6edb8fc6b24c5d,bebes,58,585,2,220,23,9,17
19c91ef95d509ea33eda93495c4d3481,beleza_saude,50,1257,1,700,25,12,19
3846c262ddb08db0ea2cc1a1685590ff,,,,,600,18,18,18
c2fb73db15e28aa021dcf7b2856fef27,bebes,52,704,4,3600,60,20,50
83d199d296c44101c8c3b5c9c0cce9ea,brinquedos,26,855,2,500,18,6,21
371c121dc86b3821f720e7dbe1928207,papelaria,59,504,4,150,22,5,12
12181424582d4d4233622caeddcae843,informatica_acessorios,53,326,4,1450,56,12,25
ede062bcd13ef64b5cc87369e4edaf62,beleza_saude,58,391,1,250,16,5,15
044f125d78e0a631b0479182a37aab8c,esporte_lazer,57,574,6,550,30,16,16
192a2c0fed2f8bed34ad458a073ed376,utilidades_domesticas,63,309,3,1300,17,30,35
2f465f0f879ab88842042a85bac3a937,moveis_escritorio,56,740,2,30000,51,66,63
1e618d311a1b7f88a9d96ec50aa85582,utilidades_domesticas,42,540,4,9950,31,61,31
78efe838c04bbc568be034082200ac20,moveis_decoracao,57,272,1,2500,40,10,30
5d52927f3cf2e3266c5dd6e4d2dd566a,telefonia,52,526,5,200,21,6,13
bd66403f5f11696c897a825d5235697f,esporte_lazer,60,528,2,274,18,12,15
f27aff266ad97e75d4a24c893b2c311e,eletrodomesticos_2,55,1345,6,8850,45,33,35
9d8a0e115e802d845b4ce1eb794d1260,esporte_lazer,30,2299,1,150,20,10,15
4745d118bc09758d0a4bf795b7bb5cb7,fashion_bolsas_e_acessorios,57,676,4,150,17,9,17
b11cfc408f43a71b16c2288e79172244,cool_stuff,53,530,4,300,16,11,11
5c0826f946c32406d5baa79544668b4c,eletroportateis,39,873,2,1200,20,15,25
236fdb1c273caaa9a7dbff8111e6a4e1,moveis_decoracao,55,412,1,7450,52,18,35
e7d26dd6742baca292020c158e6720c3,malas_acessorios,40,124,1,450,24,47,34
f422d0d9f8b5f7c27289382b14b61248,brinquedos,63,361,3,1800,38,12,35
07c055536ebf10dfbb6c6db6dbfc36e5,moveis_decoracao,59,473,1,600,30,3,20
5ed9eaf534f6936b51d0b6c5e4d5c2e9,cool_stuff,51,693,3,600,20,20,21
656e0eca68dcecf6a31b8ececfabe3e8,informatica_acessorios,45,236,1,173,18,13,12
fa3bea10a666ef8afb1557f5e866b719,esporte_lazer,9,254,1,150,28,6,14
2a5806f10d0f00e5ad032dd2e3c8806e,moveis_escritorio,46,1350,1,11875,57,55,22
d2efc686acbf02ce6200ee423516f0d0,automotivo,56,344,5,100,19,7,16
61509eaebb2d4bd1a7511b1a75703f8c,utilidades_domesticas,50,500,1,300,25,2,17
2028bf1b01cafb2d2b1901fca4083222,perfumaria,54,1536,2,250,20,8,21
5f0bdec2fb222061ed8fe52586a5957d,telefonia,42,660,1,113,18,4,11
5929e483b6df44414c047cac38873fe6,esporte_lazer,22,300,2,650,60,10,20
8b51c6ccc9c0548c951214e1cd1547ff,cama_mesa_banho,58,678,1,1000,28,14,16
94d1135483ece2c7493dd8f6b4ad7454,casa_construcao,55,1626,3,15000,60,50,50
40df4be4429553e18755913ac3cfeac5,instrumentos_musicais,44,546,3,1450,32,14,27
f38c674135b439b1d2deb1d68da9f4e6,automotivo,57,1412,9,600,20,10,15
01c9a70868bec5b748c67fcc26ce5895,brinquedos,39,601,2,750,30,17,30
7c1bd920dbdf22470b68bde975dd3ccf,beleza_saude,59,492,2,200,22,10,18
3a135477bf41350a0b1d8afdf616d446,brinquedos,56,928,3,600,52,9,19
63085bb4366ded27bcb63cbb59b4103a,bebes,53,872,2,13100,38,47,44
35b265fd684b08f6f780239bf05a390b,moveis_decoracao,56,1042,6,1170,22,12,20
e33df02e384487f2bcd3788619f89215,utilidades_domesticas,48,274,1,350,20,30,30
3b82e71cc658bc6deadebef95075ac55,bebes,48,395,1,350,25,5,17
9aa9caee155847cddb376a05b9a39791,telefonia,60,777,6,300,17,4,12
de80c37c338574091896b7fdc81dc376,beleza_saude,49,1045,1,333,17,17,15
138d7037b59dcee052810952c983033b,esporte_lazer,50,621,1,1400,21,16,16
d71dee111aab947d8d1216505f130d8e,moveis_decoracao,15,856,1,5300,57,15,37
9565229244e9341fb8c8069879cf73cd,cama_mesa_banho,60,234,1,1700,34,7,32
064d09b1de34c17dbacfa4096f79f256,ferramentas_jardim,55,992,1,400,16,7,16
ec2d43cc59763ec91694573b31f1c29a,cama_mesa_banho,38,735,5,800,20,20,20
679a3e5e1d2bb68982be5734c6e55e63,casa_construcao,57,565,4,800,38,38,22
f2f411f86bd5bd427e28e2a30771761f,cama_mesa_banho,58,188,1,1150,44,2,35
c1ad8ac66c91ad301cefc322ba2adf31,relogios_presentes,44,371,2,757,19,14,15
42a2bd596fda1baef5719cb74f73030c,cama_mesa_banho,60,188,1,1300,44,2,35
fa381a4a9af65ea5fc8f3829214045f9,esporte_lazer,60,1351,7,3050,62,10,22
79e42c4fa2bde6e0c828d23c4fb7df35,instrumentos_musicais,57,962,4,900,42,8,40
c9af29e8a0c52866bb2c9f5f6344d9b2,moveis_decoracao,58,2037,2,650,69,11,11
729a75e5cb63f785e67ebd8c44a5c0ee,relogios_presentes,37,621,1,350,23,12,15
7f27a510cfe7b7c16bdba4e185dd7940,moveis_decoracao,36,237,2,7400,45,45,45
fed5c40c27e1c88560a9e92d82ee0825,eletronicos,53,109,1,150,24,12,18
bc4cd4da98dd128c39bf0b8c2674032f,pcs,55,3610,4,2650,16,31,39
4298b7e67dc399c200662b569563a2b2,informatica_acessorios,58,420,1,200,21,14,15
6d1befe53a3d28e0d0d8b3bfcce11195,automotivo,56,1235,1,1800,34,40,19
fc8e852906ed3985a6e1ea67eb1dfdf9,moveis_decoracao,47,2064,2,600,68,8,13
3863a6df816f3b8ce0358a1243541fcb,construcao_ferramentas_jardim,52,646,2,1225,45,28,28
eaf3ca98b28c4329251a46380c8473c5,papelaria,59,202,3,300,24,7,14
d4e19eb1e5c5d6194af618d3a67de4e6,beleza_saude,52,1151,1,300,16,20,15
0c761b0e33d708e6a3694a94ac4b82c4,beleza_saude,45,1982,1,2200,35,10,18
b7a89537c40b1f5a18b5ba75dbb91cbe,instrumentos_musicais,49,1051,1,594,20,15,16
873d2aa3911060e77ac89009410aa908,telefonia,54,172,2,150,20,5,12
0ce1e35bdc6af7e582e7ef9363e29b5b,telefonia,57,607,1,100,16,11,9
4c5cc632a68ce10ff22b58b5b8c8b8f3,cama_mesa_banho,39,364,1,6300,51,22,36
525f8fbde09c9bf777025c3141fbbc6e,climatizacao,52,346,3,250,22,11,16
ebf19d90623587fde1eff2a222d8b177,brinquedos,53,495,2,1874,38,38,26
a5e253ef6240a13a4d631fd39d2c7444,fashion_bolsas_e_acessorios,48,638,1,200,16,5,20
9c7bdf67b06b419aefb93cfdfc96c55d,esporte_lazer,25,823,1,476,17,14,14
3eef0cb94ba82de806bb30ab743c7655,moveis_escritorio,26,1177,1,11880,50,60,27
f7a17d2c51d9df89a4f1711c4ac17f33,utilidades_domesticas,56,1245,5,350,22,8,19
bf7a3359eeb43b9944c70293e4be896a,moveis_quarto,56,240,1,14000,60,5,90
6eb70dfb283dc3f645ed7b03c990dc72,audio,31,251,2,343,19,11,13
793ee3bd01e3ecec7ab94aed9aeee415,informatica_acessorios,40,1076,1,950,36,15,16
6bd248f93425ceeb625a8a97e2404112,papelaria,39,217,1,550,46,10,32
ff5f8606556b625613f069a5a9a48966,bebes,63,554,1,2300,27,14,27
368c6c730842d78016ad823897a372db,ferramentas_jardim,57,366,2,1650,30,22,30
bac35584a4b6413380a74f9617e12379,papelaria,40,904,1,1000,20,20,20
596e3ace8e8329beb05bb40700a659f7,construcao_ferramentas_construcao,60,1154,1,450,16,10,11
1c8ddcbd9abd12c51979969411f0b110,moveis_decoracao,50,534,1,650,65,2,13
2e830c73f28d3b8542af03cf2637dfc4,eletronicos,34,214,1,275,24,9,17
c10a7001e8b49dfc03817444b5f2ed81,relogios_presentes,46,670,1,500,16,2,11
c3fb02b29695e526cd3988bdd55ba013,bebes,24,655,1,300,42,25,15
9e2821b749b419a902d948c583175ece,fashion_bolsas_e_acessorios,36,339,2,100,16,2,11
634256dbcd184b3757ffd7632c9fe52a,beleza_saude,49,295,1,150,16,5,17
cd46a885543f0e169a49f1eb25c04e43,informatica_acessorios,58,1390,2,3475,54,13,48
cfb79bfbdaf59cfe2e9ae0a071451f32,cama_mesa_banho,44,445,1,550,30,3,19
515ba7ccc6abbd1c0f5016704a0184e2,pet_shop,59,678,4,1400,40,20,30
def080e33b38a4c756347d4665b40a7f,musica,45,1465,5,1850,55,17,15
2722b86640ddc24e1374c2df1ac2a230,construcao_ferramentas_construcao,47,1139,3,1700,26,9,20
e3dd5a5b73bfbb610ada4ed74a6612b6,pet_shop,32,1244,1,138,17,13,14
6818d803130fa8df4d513db9d6289dc2,livros_interesse_geral,40,1618,1,300,30,4,20
46f739c1cd676603026c0af4d29ef7a5,automotivo,55,212,3,1850,20,15,20
7cd29da0653abeb444703cc5a957f479,beleza_saude,23,565,1,1029,20,15,17
5194b6f4fa50ae9404bfd3e48ebe3911,informatica_acessorios,54,1368,4,1625,16,23,21
04af9f3af5c6afc4eece909c25330934,relogios_presentes,51,475,6,200,16,2,20
8bab563be2e3316280e3990af91da7b7,eletronicos,49,190,1,133,18,11,14
18f0c077dff7331d813fd82f7dd05a6e,ferramentas_jardim,47,574,1,270,26,16,21
73c61364b22d14eac780a200b81d34c5,telefonia,58,818,5,300,17,4,12
a59fb60fddcc72a9878b7ed5cb69d8e4,audio,48,424,1,200,27,5,20
cb71b23bd70b9df12843e4dfb9ed09c1,informatica_acessorios,32,1074,2,200,39,2,30
869c418f22e0c0ed9207ff691f279e46,utilidades_domesticas,27,282,2,300,20,10,15
0b01a9718a61dbdd35cfec9ad13a0301,construcao_ferramentas_jardim,57,815,1,2200,16,16,16
f2af004352a06a99dca765596240cbc3,beleza_saude,61,1054,4,100,29,5,15
426844dd9ed9ae105a5d4b3f1e18becc,ferramentas_jardim,47,590,4,133,18,8,12
ab1f9387c0627dd24000bfbc54fdeee0,eletronicos,45,456,1,175,22,11,16
6ee1607bacba780139e7f7fcd316c1d0,utilidades_domesticas,51,127,3,2100,43,30,11
3c5229dee6997f28485a65cbabceacb8,utilidades_domesticas,58,535,5,600,30,11,20
550299c725cac9511da2b6f40543270c,cama_mesa_banho,54,609,1,200,21,10,14
b046862b2553fe4962392cdc93a2ae93,malas_acessorios,47,1479,1,850,25,50,30
33ba4b29d820b397054cc97e892ab1bc,automotivo,57,955,2,300,17,10,15
aa280035c50ba62c746480a59045eec4,brinquedos,56,678,3,200,16,8,11
20f160a9cf2e856ee5eba259e9ae33f9,perfumaria,56,1224,3,556,21,16,16
64b4f32393cbf55be791078e7a2adca0,relogios_presentes,56,817,1,50,16,8,16
194163a8a65a48a8c95623c399a9d4a7,,,,,1600,48,8,39
3e442d09f9dfef002aadf31960869f65,informatica_acessorios,33,1084,2,200,41,2,29
d011223de539cd224b5c5c8082313d46,moveis_decoracao,50,676,2,2125,28,27,33
622bad99b4296aade0783ebecdd3fa15,esporte_lazer,47,1249,1,400,27,6,25
3a05a947f28cf46d789adedc107d7595,esporte_lazer,57,652,1,3450,16,15,20
e44030e694bab50c9fdfb329cc114833,bebes,53,2601,1,400,30,16,20
3ece1fcd5a64459a4e24143920178f42,moveis_decoracao,59,2432,2,400,69,11,11
93846cfcd171609cebb8b3f8c553d23f,esporte_lazer,55,2021,5,588,25,30,28
547b95702aec86f05ac37e61d164891c,ferramentas_jardim,33,509,1,9100,42,13,39
7564c1759c04fc0a38f2aa84f7a370ee,construcao_ferramentas_construcao,59,2432,3,1200,16,11,11
9755f955f1fcd2a83ca77997e9de8b83,fashion_bolsas_e_acessorios,38,435,1,188,22,12,21
19936fa4f614ee0590d3b77ac83fd648,telefonia_fixa,34,1016,2,1100,20,16,20
a03e401d58a45187271718c5d7610422,utilidades_domesticas,48,1297,3,9650,62,35,37
75fc57fb06b1d35ea433e16ecbf5a6bb,eletronicos,45,471,1,125,22,9,16
211293b50935ced8d4370f552c482d74,bebidas,55,1736,3,226,18,16,16
2b4609f8948be18874494203496bc318,beleza_saude,59,492,3,250,22,10,18
2052b3c5e08893e567c2fb7778476c75,informatica_acessorios,46,227,1,810,16,10,12
9feeadd6b97835152e83e1b25b46f5c4,esporte_lazer,54,1175,1,1064,24,20,19
22594ba8fd9a72ad95d352929c821560,moveis_escritorio,31,1076,1,8450,53,50,16
cec09725da5ed01471d9a505e7389d37,esporte_lazer,52,1197,1,2500,20,11,11
2e9575efe2eb834f5673cb75df8537f9,relogios_presentes,55,744,2,210,18,12,17
eb356ef61e2262adcadc023b9522609d,relogios_presentes,60,261,3,200,16,2,11
f348ae21168771dfd5b8081e387b4f6b,utilidades_domesticas,52,340,3,250,25,10,15
a95c77f369c8486c3ca5d101c49be836,moveis_decoracao,43,523,1,500,50,5,30
ef69b63fe95d8d9ff6ac136f213db1bc,cama_mesa_banho,48,1304,1,3600,35,35,35
acbbaa8cbb7857102ad783c73caa55c5,bebes,21,618,1,483,17,24,21
c6dd917a0be2a704582055949915ab32,cool_stuff,54,1012,1,1200,42,25,15
99f265229d46f700208ad7cb1ff48aae,telefonia,60,755,6,350,17,4,12
e9906cf475ca638edcb034d031364e1b,brinquedos,47,1375,9,550,29,18,28
aadff88486740e0b0ebe2be6c09476ae,beleza_saude,56,390,1,250,16,5,15
aba86c093ccdbac75b09111d57e50004,moveis_escritorio,41,154,1,2600,40,45,39
1c5b28beb34835f960261f45ba22a136,perfumaria,47,609,1,600,30,10,30
be837f2e0152a208d4386f4126d5bd7c,eletrodomesticos,60,940,2,950,25,11,15
8c5876b1c7768217964f353bc7e64393,telefonia,61,440,1,250,18,3,28
76b7fa5da50b22fe17d1e7bbde661106,moveis_decoracao,52,264,1,650,25,25,25
34dabb8af33b3756cf72df05fb327011,tablets_impressao_imagem,56,512,1,300,26,10,26
4180a49d4b879e727ad2c8e82a9f4d87,esporte_lazer,54,1598,1,250,16,15,16
cc74107a3eceb1b0c1c000edae5a8431,automotivo,32,200,1,250,20,10,15
d22bbc02259111e107ee7916637d4791,esporte_lazer,58,1074,5,700,16,11,11
249de764c23f381ef073c7520e0ab799,pet_shop,38,605,1,175,20,5,13
f35013cb05a9538a4428fa6161b2c96b,cama_mesa_banho,60,680,1,1275,19,17,23
60bc15240c03ba82f305cd923bd93598,perfumaria,53,693,1,450,18,18,18
6cc9186dabae23739b55d97cc649c686,moveis_decoracao,33,471,1,450,20,20,20
0364c36f8e845e4d309c0a3accc04b1c,moveis_escritorio,47,1158,1,16800,63,58,24
6e40985ec667ded54668d2b70a7aa0a2,ferramentas_jardim,47,495,2,550,25,15,15
cc02ea01817f1cb21e6708bc19f1ee20,industria_comercio_e_negocios,45,704,1,4400,36,12,45
76f4d017416dbf316f05abe3a1aa04df,fashion_calcados,53,408,5,1400,22,12,33
6c8dfcd9be1c04a1b4f98bb6c283a6aa,instrumentos_musicais,37,284,1,289,37,12,13
ca5c923962558430573f83661dbe36d6,pet_shop,59,747,2,1250,40,20,30
3a362c0e7f9a69276e2d95869a3e143b,beleza_saude,60,919,1,150,22,3,15
181abab3cccc131f868d3bc7a5b97fd0,moveis_sala,38,433,1,1100,31,5,31
6c8353ee35a281d45677fc3715958586,informatica_acessorios,42,756,9,200,16,2,11
0bcc3eeca39e1064258aa1e932269894,ferramentas_jardim,57,339,2,1800,37,22,40
7d537f37cb20c7ccb74397390322047d,beleza_saude,52,588,1,2000,30,12,16
deecc62b2db3d87ff4d9fe364fead01f,telefonia,59,2374,3,350,16,10,12
7c4a8bec217df1de0df2b5aaf8175b65,audio,58,675,2,167,16,4,11
f9eb0aeafb5aa02dd5889376063550b9,cama_mesa_banho,58,352,2,400,50,11,11
c06d2c20b8ddf6d40c23294a6e361c78,beleza_saude,42,857,1,1250,30,12,16
4c2394abfbac7ff59ec7a420918562fa,beleza_saude,49,1495,3,600,33,19,13
c770c3d5ab511e88a96d387bdb0b6ce0,utilidades_domesticas,12,210,2,1100,48,24,23
50cada320c34c3d63fa8598fdda8e06e,beleza_saude,39,300,1,233,42,21,26
a5ffaf53a3938ac2c92f493e524adfca,automotivo,51,586,1,2000,41,19,41
11875b30b49585209e608f40e8082e65,esporte_lazer,26,1465,1,1032,17,15,16
e3425df9bd51be69917273c9dd92ed5e,relogios_presentes,53,346,2,733,17,10,18
22a8168cf1f1c6347da8d29863b7f75e,consoles_games,53,2013,4,155,16,7,14
f8b09faf273ab8c2cb4209378253f56a,beleza_saude,25,1351,1,1200,25,19,18
525cb8d7fb28b9615a1cf6dd55074865,cama_mesa_banho,48,326,1,450,16,10,16
62d41a80c366aa2d8644e3270adf8440,informatica_acessorios,50,512,1,1225,43,15,21
f77dd338d9f75229a09cbb9a18fd0c9a,cama_mesa_banho,42,734,5,400,20,20,20
055019def765ce08da9fac0585e927c3,bebes,63,884,5,300,17,7,24
e168af8b2f0d9319737c6a7a37904f9e,papelaria,59,139,1,2000,30,30,30
0a8699af8de9f3c25f80fe9b530df153,moveis_decoracao,53,1988,3,2500,65,8,45
48cf041a87beac458328d395d035515a,telefonia,58,428,2,150,19,4,11
98b22c1129886cbd7fcae69d1c93e442,cama_mesa_banho,57,188,1,1350,44,2,35
5c61329e1b7e18310bbc294c17cd47bb,brinquedos,31,936,9,250,18,16,16
cbdb9bf611328898bd4b32a384506b3a,moveis_escritorio,26,945,1,12700,55,70,18
b5e13c9a353102f79c6206ff5cb61a50,brinquedos,59,249,2,1500,40,25,20
93a12c289ca2b78e7069e469f5053ef2,informatica_acessorios,55,408,1,233,16,14,15
d159157f1837c548e960ea0e9b00b259,esporte_lazer,59,1571,3,1300,105,15,15
f8a7665279f140d238371c8e7604c204,moveis_escritorio,59,249,2,650,40,11,11
5ef336462ba740ddd4727319e26207e6,construcao_ferramentas_jardim,46,1157,1,1725,22,21,14
1632189d4c3d9e64cf3fd110b93f1a19,fashion_bolsas_e_acessorios,56,1474,1,200,16,2,11
d1c427060a0f73f6b889a5c7c61f2ac4,informatica_acessorios,59,1893,1,6550,20,20,20
e8ac63e69971f9cf0bd7a7f78b8841ab,relogios_presentes,59,544,5,450,16,2,11
c33a764dad4f6747f7c56115bb8d5bb7,informatica_acessorios,53,654,1,150,16,11,11
31b5755dd3e583e7c227a935657a818f,telefonia,55,1809,7,150,16,10,11
c1f5307decb89342351bec53668cffd9,telefonia,60,777,4,300,17,4,12
03bb06cda40712fb8473f7962fb7d198,cama_mesa_banho,54,289,1,2000,34,9,33
fc1449f3ffc59fd2eb9640505aea0581,informatica_acessorios,46,345,1,1400,26,13,35
fb783e3e545937820b57fe539b2c5a6c,cama_mesa_banho,57,189,1,1100,41,9,31
f068148c48720c66b21825e2c558d493,beleza_saude,25,3281,1,200,16,6,11
43f88c8353708451babf9bcdd1fda92a,fashion_bolsas_e_acessorios,46,419,4,200,16,5,11
a60613d36f37a7b27d3344f40f6a7945,beleza_saude,44,696,2,350,19,11,23
b5b5a82ce5f1987b7e670f37629be51b,beleza_saude,56,960,1,1000,16,2,11
8e48c45980a3fee42f12f7986a4b68d5,automotivo,56,1498,4,2250,56,69,12
a3e5f9cbee551f620eb3c85fed57c5f8,moveis_decoracao,52,1708,3,500,68,8,13
aeaba104830f91586dae1bff90f54a8a,esporte_lazer,49,169,1,1250,41,24,11
cbdb31ccb8741d52e26bf2a42c1648d1,utilidades_domesticas,28,354,1,2300,50,11,50
027cdd14a677a5834bc67a9789db5021,perfumaria,42,544,1,341,20,18,16
b75a056d7d03227c3a3b60e9ccf518c9,automotivo,60,1259,2,450,20,9,14
8e7a3ee016b12c87b5e3e7e717620758,industria_comercio_e_negocios,56,2083,4,850,40,30,30
541ff1bb76a9502be425895dc6726d1b,fashion_bolsas_e_acessorios,53,384,1,50,16,3,12
30ac6df06dc59ad72cf2f158fc2d904c,utilidades_domesticas,53,1034,2,16550,22,65,40
ee3cfb33869693f2a7e8417c795d8cfc,perfumaria,46,368,1,350,20,10,11
af53bbaeee1f3190c2ff939fc236b6f5,beleza_saude,47,770,1,350,19,12,13
5b99f79ba0d929b0f3270ab0f0f5911f,bebidas,24,30,1,1400,16,33,18
fa928ac86f42e63887184bc28cb452fc,fashion_bolsas_e_acessorios,59,1469,3,150,25,8,18
94950d6ddd0b24c0d15f7f09d61a8148,cama_mesa_banho,56,1070,2,2500,45,20,35
e0cf79767c5b016251fe139915c59a26,beleza_saude,55,388,1,250,16,5,15
e61c78a7343d82c0539d27df0f7dfc31,cama_mesa_banho,60,268,1,2700,41,8,36
4520766ec412348b8d4caa5e8a18c464,automotivo,59,956,1,50,16,16,17
77cc62dc80ebe12a0452d1ce0565acdc,esporte_lazer,45,2950,1,1625,29,21,21
096b00d9037146606b19d614cd67ab65,beleza_saude,56,406,4,100,16,5,11
bd07b66896d6f1494f5b86251848ced7,moveis_escritorio,55,955,1,8267,52,52,17
a8075470f960215ffb67624782f80fec,ferramentas_jardim,60,361,4,2900,67,3,31
99a4788cb24856965c36a24e339b6058,cama_mesa_banho,54,245,1,1383,50,10,40
f3ead0dbcae5b065731b183396c1da2f,papelaria,32,281,3,400,25,11,14
4b44730a7923e3c19eb67f1c8bfa1c39,malas_acessorios,39,357,3,550,32,42,12
e0e2e29a516b06947e388d20aa7bf7a6,cama_mesa_banho,58,1139,3,3700,40,15,40
23227b07fc69250d2fa4be6602011aea,cama_mesa_banho,46,171,2,1250,45,10,15
b18040a8b795afd0802abd9c3755ea64,esporte_lazer,41,979,8,7000,90,20,25
67810bda0db346d0eee1ac3c6314af35,cama_mesa_banho,55,476,2,1650,48,8,39
9c5cec867c62c0ec4674b002eb1c3e0c,eletrodomesticos,33,94,1,15875,54,46,32
2f07e976774b91520e17dd3b2dba73c3,climatizacao,60,1428,2,6750,59,17,37
76d1a1a9d21ab677a61c3ae34b1b352f,,,,,550,16,7,11
1d8ff272f4ff5248bde1358ef928713f,ferramentas_jardim,55,252,1,900,30,20,35
5073cb7b965df5f1fea32e8728782a8f,malas_acessorios,23,836,7,1400,55,40,25
e84bf31698e5842d605c5aa9cfc8b02a,utilidades_domesticas,33,211,1,1150,25,25,16
2196663031bcde078cede855ac0b5739,esporte_lazer,43,1646,6,491,19,12,16
d339b523c298009f15d242a3a99392c7,ferramentas_jardim,51,2559,3,850,24,9,26
cd20f878813b93b6ad1df1b299775b0d,automotivo,59,872,2,1750,16,16,16
3b0f7951038b105522c2d566b54421f7,telefonia,56,341,1,175,17,6,13
9c33575aa341a769bf00ea6e3cd12e6f,telefonia,58,110,1,200,19,4,11
64d0feb1bcf9c7fe7b5dad3271c10910,moveis_decoracao,58,696,7,750,25,15,35
f4efad625ed5878a2e7589dfb31c747f,moveis_decoracao,57,622,1,16200,45,26,45
4b5df063d69ffafb87c279672ecb4191,bebes,54,343,2,3550,37,22,40
922ee69fced8c701d47470e02811d22a,informatica_acessorios,53,812,4,400,16,6,11
0f66dd888ff5af9eba17aa59be9870d1,pet_shop,53,856,1,6300,60,25,25
ba01cebc5a3c2494d0a97d4713ec8938,beleza_saude,35,558,1,1250,30,10,17
0a4093a4af429dc0a9334300e5c13ae5,beleza_saude,56,389,1,300,16,5,15
3db75f31b76375c502f64d550dcd1166,informatica_acessorios,34,1078,2,200,41,2,29
82e4ad16521ca131d95e198d507db370,eletronicos,56,343,1,150,19,12,16
43222c9a989813b389d36fe5a1655c05,alimentos,53,186,1,1213,36,12,31
d7f94e8a47066a6a4ddb422718f59531,perfumaria,42,553,3,250,17,8,11
0faa4ca558654b554d4d09abd8fe33d2,informatica_acessorios,60,534,1,150,16,6,11
08574b074924071f4e201e151b152b4e,ferramentas_jardim,36,450,1,9000,42,12,39
dfb97c88e066dc22165f31648efe1312,automotivo,53,597,1,5417,47,44,44
641444946fe3a839d726c32804cd1aff,cama_mesa_banho,57,369,3,3900,45,15,35
4fe644d766c7566dbc46fb851363cb3b,artes,48,1232,1,1700,65,6,50
d1a57f4402dbfe2cb1c271ad0da64311,beleza_saude,58,509,2,650,22,12,22
8d98dedc3c19de17f1a090195e85d6b6,brinquedos,40,617,4,300,16,7,20
781afe929e3016a667f5f439afd55fce,esporte_lazer,42,590,1,400,18,18,18
fb01a5fc09b9b9563c2ee41a22f07d54,consoles_games,33,912,2,1500,33,25,11
30469bb5ea377eae7121981e2f0778e4,esporte_lazer,57,574,4,5950,20,30,80
914c9e9af640dd56f48764a225b00f89,moveis_escritorio,47,1047,1,7463,56,64,35
72331bc45c5e8665ee12999363bc9186,brinquedos,50,1207,2,350,16,10,12
e0d64dcfaa3b6db5c54ca298ae101d05,relogios_presentes,35,514,2,4338,17,12,14
213875479a90df7b399cee17003be95c,telefonia_fixa,36,1340,2,800,23,6,23
30ccf4724f5227265f837e9ba0246278,malas_acessorios,52,573,1,1450,49,10,33
f2610c932aaabc3eb24c3512b498a838,ferramentas_jardim,41,1099,1,1200,16,6,11
0f3288619c16188d156acc3ba91f36ab,esporte_lazer,55,266,5,300,20,15,15
40a13d0a09a3d1334e8537ce3194f0ec,esporte_lazer,45,1771,1,550,20,20,20
c1678c7353738f1698430b8ea0d6a488,cama_mesa_banho,59,124,1,6100,20,50,50
26abb7e42cded69ba9b3736643ebeb39,relogios_presentes,43,378,2,867,20,7,14
176b54e1ca47c0ec2bc2e298a76adf9a,beleza_saude,56,1000,2,200,20,5,15
8fa67e5cb309b9cd7b4438e15948bdb2,bebidas,43,839,1,333,17,16,16
bba0d9c4f470ff541dba7f02d791a4f3,relogios_presentes,59,679,1,400,16,11,11
9b37a918bcf2c8e1064e867cf1df4637,eletronicos,57,1710,6,1207,20,10,20
65266b2da20d04dbe00c5c2d3bb7859e,papelaria,38,316,4,250,51,15,15
f4f67ccaece962d013a4e1d7dc3a61f7,automotivo,52,603,1,7625,61,14,61
d9fcf1be6830bf510f03d9e6c979e4df,malas_acessorios,41,370,4,18050,60,40,40
176faef125e3675b4eeaa6083ada61e1,bebes,47,1024,2,150,19,9,12
316f27506e0f2a39700f801e859576eb,esporte_lazer,41,229,2,700,60,15,15
5bd7e57735a44e529bf066fee83a9c60,cama_mesa_banho,56,684,1,1250,19,17,23
02475368dfb38934fe55f574024fe1d7,relogios_presentes,55,569,5,250,16,2,11
11de130b38213ed7f93d2af1e91bb771,cama_mesa_banho,54,382,1,300,16,10,16
1d3ecbda18167c766a3381fd16108e4a,esporte_lazer,42,636,1,1700,41,10,35
a298a105818dce6878b787e4af6cff7d,bebes,55,1158,2,400,30,10,30
722dc14e0848efdb771dca6de2929c41,beleza_saude,32,397,2,250,16,16,11
06edb72f1e0c64b14c5b79353f7abea3,cama_mesa_banho,39,161,2,350,25,8,19
2b6aba96aca0f3f5f28779c8a4395f42,esporte_lazer,32,503,1,2700,85,16,26
06ead9c0b05b368667d858c09148af03,consoles_games,41,235,1,467,23,11,18
ea3be87c5c6c69043c9eb7836199c200,cama_mesa_banho,59,367,2,600,60,9,50
87ceed33e1f7fe39fa06b69c9fdf9e53,informatica_acessorios,43,608,2,50,23,12,19
495f9290868e1bde785d3c372608ad54,utilidades_domesticas,45,1455,3,5250,62,5,32
9d240cb98df035e3ef147117b92aa0e7,automotivo,57,150,1,100,16,15,16
15b5d9fcf84c060e00b0883def7d10e6,automotivo,58,237,1,50,16,10,16
dbdbf17a51049bf883b4d622a357b75b,automotivo,58,97,1,250,20,8,18
d69e906470f99256b16bee14a0268fd1,instrumentos_musicais,55,996,3,150,17,17,14
677d8ace413e0060fa8686cde56eaf10,relogios_presentes,54,619,1,303,19,11,16
9712e67c33f564648b46afc6505db72a,cama_mesa_banho,56,131,2,900,50,5,50
5a6e53c3b4e8684b13388d6aa4afdf12,utilidades_domesticas,45,176,2,200,19,9,12
b8355aca8662d7e0c913ed67412d8ecc,cama_mesa_banho,60,207,1,750,50,11,40
e947043dd2e144a9039d6b8841200c9b,utilidades_domesticas,57,1081,1,5000,40,40,40
dcd7a14115098925c83dd54daab99cbd,papelaria,43,131,2,200,22,9,15
88d524b8b5576da63abf7b16bef48a39,informatica_acessorios,29,692,1,300,16,2,11
7686fe49c98ae1c537b5cc51992f5d20,bebes,38,798,1,600,22,18,19
bcf64c2356ded745b81b4348a8a763e1,pet_shop,48,1561,1,1000,19,15,18
408a59367613a62d59b6e3ca5ed58631,moveis_escritorio,56,1119,1,6400,18,53,51
da98cf62c7fe9452761e782902ad71a2,eletrodomesticos,58,173,1,100,27,13,17
5bfc7506459ae2a7b4b573fe557a58e1,cama_mesa_banho,57,535,1,800,45,15,35
0aabfb375647d9738ad0f7b4ea3653b1,consoles_games,49,100,4,150,16,12,12
3cf8d7db7dbaeb28f077151adfc59340,automotivo,54,905,1,717,24,14,21
5aed6af9bb6c3f903bef12b8c56e235b,perfumaria,34,370,2,475,20,12,14
b09790edda54333116f9cf1decc580a1,cama_mesa_banho,50,148,1,400,40,4,30
be5353e2c543ba4f67831f95d3775420,beleza_saude,58,1121,3,150,43,11,18
3713c1ed7f99a240189778a1ef65d6d8,utilidades_domesticas,45,221,1,205,21,15,16
cb0c2c97fb2fca149a11c2f14027895d,telefonia,56,734,3,350,17,4,12
e6e2f011de12dc9071763c2baed69a2c,bebes,54,737,1,500,32,18,21
afab5f7ab5c82f92ddcdc46c4cd85fbc,fashion_bolsas_e_acessorios,36,95,6,150,16,9,11
083d6108def7421be9778dd0ecd11fa6,instrumentos_musicais,58,952,1,2000,35,10,82
aca2eb7d00ea1a7b8ebd4e68314663af,moveis_decoracao,44,903,6,2600,50,10,30
c1617123e66d2491ca93ceadfd36203e,cama_mesa_banho,54,687,2,1050,32,5,30
b520b78a494cbd6e36d7a1c64cdffe0b,utilidades_domesticas,31,1383,1,2467,38,15,24
e6e3140cdd035e915d6d4a9eae2ccead,automotivo,60,163,1,50,16,15,16
e282624d8c82e04983f125e167eb4521,telefonia,45,343,2,117,18,4,11
5d0b3bded37ffeb1e67b324f3301ccb6,perfumaria,41,120,1,450,30,30,30
31c50827b6b5d0f51d61c8b2aa98f6e6,cool_stuff,33,805,2,1500,40,40,30
62c7230e65fd9da6326284606ee1b197,perfumaria,35,424,2,472,19,13,15
2a2d22ae30e026f1893083c8405ca522,cama_mesa_banho,60,744,2,8350,50,27,38
9c8d68903b5106018c797e0e862ae55d,eletronicos,34,453,1,200,25,7,25
48640118918b5bd6454e3fee20ad637b,esporte_lazer,48,483,2,2800,104,5,80
6ae3f85f46a37844372252496c77b4d8,telefonia,49,1304,4,650,23,6,16
51945302d0858fe2efed398e1fa2df04,bebes,57,121,1,1650,39,16,40
8b87bdca52ab6d4c79661a4dbcf903c8,automotivo,60,670,4,350,16,6,16
165f86fe8b799a708a20ee4ba125c289,cool_stuff,40,1456,1,2425,29,30,19
caf4c19a55134cab8ebe2debd0f16e6d,papelaria,50,337,7,3500,60,20,29
4ae634441e444ca4bc85903cafe98d73,telefonia,54,285,2,275,18,4,12
3fbc0ef745950c7932d5f2a446189725,beleza_saude,50,1257,1,350,19,12,13
1a8ffdee10d64528eb046117521d3953,moveis_decoracao,47,494,1,550,35,23,35
422879e10f46682990de24d770e7f83d,ferramentas_jardim,56,348,2,1550,30,22,30
87a97ee722d5e544b3c929b36443b8b9,relogios_presentes,55,1108,2,436,17,12,13
fe6f03cedd96bcbc5c8726c5963fd35c,cama_mesa_banho,48,639,1,1250,20,16,20
4aaa2ddc43f64a2db232b71fc4639064,eletronicos,28,131,3,6050,16,61,41
dd4bb630f241ce3910d9595b395efeb5,pet_shop,23,1151,1,160,16,11,11
af680b3406a3179e4a4c2051c5384cfd,cama_mesa_banho,53,681,1,950,28,14,16
371fa349d92646bbeea5873df0bcdc5a,utilidades_domesticas,49,342,1,490,20,18,16
c708ba7c6269161f89ce0683cdd7c432,relogios_presentes,60,379,3,300,16,2,20
151133751552ad5bdd6645dfdcb0e728,cama_mesa_banho,48,590,1,1475,38,11,30
a05f4c1d544848f9ee86f767c9cc0d4f,informatica_acessorios,35,875,5,366,20,6,15
d4fe034cde911805af12724d73fde7e0,cama_mesa_banho,53,867,1,1100,20,16,20
4a0297fe087bf3ab8e126936cef30a28,automotivo,54,3152,3,2850,26,19,22
a5f6ba3fe91a2e73f10b612131cb2404,eletronicos,45,1057,3,138,19,17,16
5cbd407f3315b628a89206fbc140f6c8,market_place,30,615,3,150,22,5,14
4ae6bbbe40edd8689f356e7d822c6dd3,cool_stuff,58,874,1,1900,30,13,30
e070a61270050c4b1b704300f331cca6,pet_shop,57,558,1,850,30,20,30
d04e48982547095af81c231c3d581cb6,relogios_presentes,56,528,2,292,18,10,15
7a10781637204d8d10485c71a6108a2e,relogios_presentes,42,236,1,342,18,13,15
095cb863f2b04911455ad33f5177062e,livros_interesse_geral,48,1140,1,1000,16,24,16
7659404ade89460a4be1c11ac47d5f2c,esporte_lazer,55,405,1,200,36,5,26
73bcea88583002fe12b7399af4ae60da,relogios_presentes,42,631,2,459,18,13,14
f449d5919390268a18a8c424e3a62dea,esporte_lazer,46,832,1,650,18,18,18
737d985cd93b0a4844c3c5847d945ca4,relogios_presentes,40,692,1,250,20,14,14
3a4113a7009a9fda9cc0021c98b74332,livros_tecnicos,39,465,1,550,24,4,18
c5e31bcea566d7f28ebc011e9fee182f,cama_mesa_banho,50,704,2,800,16,10,16
c40b4d64d9a3328382ec1fc2948c4af0,telefonia,30,797,1,100,17,5,12
cae8c962ad47ff05a508e6fec4146e1a,automotivo,59,162,1,50,16,15,16
ae6b739ab6e9d7991fb2ddd70f9c0b6b,utilidades_domesticas,56,595,1,1200,30,30,30
eab67bf937aaadc19f83383a331d2dd9,moveis_escritorio,53,1199,1,10975,53,51,18
17c4bd4269902c84acc14c497f282ddb,telefonia,51,422,5,300,23,7,15
f691cdacdf6ea42e5cde08d10928f90b,esporte_lazer,30,536,1,998,24,26,20
a767d41b71a909a1dd1e969f4b50732c,eletronicos,40,2592,2,1200,28,8,18
afbe1e973aefbf72a330e3bc72d4b476,cama_mesa_banho,56,501,3,1450,45,15,35
d04857e7b4b708ee8b8b9921163edba3,informatica_acessorios,33,1127,2,450,16,4,20
69b45497bec8e36af6fd1a31b2cd8f9f,eletrodomesticos,51,3134,8,950,45,14,35
aa5d6a9bd4be367ae1a3a29c323c7c11,esporte_lazer,60,3767,1,120,30,15,15
98712b7f46e0fe4f4da2f7df1b9231a7,eletroportateis,41,450,1,350,16,16,28
35535e9b73528a87eb39b134a72a6544,informatica_acessorios,52,1128,3,1000,25,25,25
735b17533036ee19f4c943704271660a,beleza_saude,49,1188,2,1400,42,11,12
5ae42f9d8352b9edd11800ebd575f4f7,automotivo,56,1371,4,2450,30,20,11
fc1d8637c0268af3db482c14b7ef8e75,cama_mesa_banho,60,269,1,1700,34,7,32
bc0246e1fa0a21cfceaed952d3e9cd38,automotivo,56,247,6,850,30,5,20
0b5c6dd6ca91fd2a318e99749b0ea57d,utilidades_domesticas,63,429,3,700,30,5,25
a02d0123079f4ae96001ba2010d1a2df,construcao_ferramentas_iluminacao,57,771,1,12000,45,35,45
ff9fa77f938462abd16b53c0d934099f,esporte_lazer,57,3469,1,300,21,19,19
03a20f79e4c056b48ce29b3e30beb0fb,moveis_decoracao,63,1700,1,700,60,11,20
9b1e33523029f6bde0a3fbe99d793cf4,cool_stuff,48,728,2,83,22,10,16
a4c1d75f5db22319df894cf3f4609b81,pet_shop,53,1121,5,450,40,20,30
4299cf45bc9aa8ef5bd9337035c286e5,perfumaria,60,499,1,700,30,10,30
85fd14e978b92176dd210c046abc3540,esporte_lazer,60,1201,1,200,16,16,16
8de310188938fc8abfe1aa7ee927ccd2,esporte_lazer,58,398,2,200,20,10,11
9ddc4249779322828f89d2a9c04f7ee1,automotivo,54,699,1,1277,30,25,27
827c4a77226a3e7ef259d61eaa775df9,moveis_decoracao,54,439,2,1300,30,25,25
e2600770da5cfd446d3e971c1d41b44c,informatica_acessorios,42,149,1,300,50,5,20
a40675a9c6ef2410e3420483a1f8c81f,relogios_presentes,56,478,2,350,19,13,13
4c1fdadeda244374699fdc31917e5b34,papelaria,55,202,8,9700,35,60,40
9ee8c8a931dd4d34148aa31f54ee93c1,perfumaria,56,571,4,1700,20,24,30
7bc637a5504e0cfdf08490124d681fd3,pet_shop,32,1920,2,300,18,9,13
60525d5b6a1658c5eea3c64713922000,cama_mesa_banho,50,620,1,1700,30,10,38
bee2e070c39f3dd2f6883a17a5f0da45,informatica_acessorios,53,871,4,175,20,20,20
b73091f98b819cf7a339f74ece86aa4b,fashion_underwear_e_moda_praia,39,423,1,200,36,4,20
061885af8dbda5739d592a153655e574,automotivo,55,282,1,850,28,15,22
808190a48d18d09af357796e2b30d932,brinquedos,58,409,5,1400,25,40,45
da1ff964ecbb4df51db9322cdf7a4a74,informatica_acessorios,41,3464,4,800,21,6,28
cd2c0529e45020c77a7c05b4ef2408fd,cama_mesa_banho,55,377,1,1000,32,17,52
bb50f2e236e5eea0100680137654686c,beleza_saude,60,2644,6,400,34,4,22
0a1ca683d91a7cb9b806f3710873bf47,perfumaria,50,1584,3,700,18,6,17
73fdc89a7474d12e91ebb4a38341fd84,automotivo,54,2069,1,4850,40,25,30
462ca84097e3116f8dc7642fb057b4b2,informatica_acessorios,32,1078,2,200,39,2,30
f76b8eae9da79861cd75f86a1020879e,casa_conforto,46,313,1,1800,55,7,23
3c5b70965b3d63c66a18dd46881a58c9,utilidades_domesticas,47,456,6,700,19,16,16
e987172c2818cc16b2555bc130ac5fac,,,,,4700,19,52,19
2c52e710fd7c065119722cad50607252,relogios_presentes,53,539,2,197,16,11,12
5e34d2963378695699827b6e629392b4,esporte_lazer,48,989,6,700,24,15,23
054515fd15bc1a2029f10de97ffa9120,esporte_lazer,50,799,1,150,18,18,18
5a790acce109b9b76e3446f96430a1d0,papelaria,49,658,5,300,51,15,15
3fae92f8d0ebb3317991934a6d717c47,cama_mesa_banho,60,306,1,1250,16,10,16
940d38f0ef286bd93612fcdc91dd38ed,utilidades_domesticas,58,837,1,4300,30,30,30
03d10117bf5dbd1e4f194566be73de5a,cama_mesa_banho,53,255,1,2350,45,15,35
a0f27f57faa493eaa9d1609c45f7d16d,livros_interesse_geral,34,623,5,850,40,5,30
87c9f9f88ecd5b9de26a0a61e06e1d67,esporte_lazer,35,783,1,214,18,15,15
57f2de7e1c6028c7d38a50cff155c794,esporte_lazer,44,221,1,400,40,6,25
0f3f3612d3a594da318f0f7b175a9c14,relogios_presentes,55,1057,1,350,28,10,18
65769f6fabbfd7d399bb5851d9af3fba,esporte_lazer,63,3191,10,300,20,10,15
2f9c2888168b8c2d8e625905f3737057,telefonia,54,169,2,150,20,5,12
0af4dce351fbee7db329f93260f68142,utilidades_domesticas,29,201,2,20000,52,52,35
ba9943916136c9959e24f71bdae28faa,informatica_acessorios,46,669,3,200,35,2,25
d5c263f4d651ba657c900ce70a4be7de,telefonia,59,458,4,350,20,30,20
c92a8559445ec8f63ecf90c7dd910b7d,,,,,1050,30,15,21
62d8daeee0db3a60c234c2d1bfd10651,cama_mesa_banho,46,113,1,350,40,4,30
abe236a52dbc43e90bad00fe6d794582,cama_mesa_banho,22,332,1,800,34,17,22
b60f6bba923daf524e87691951512e1a,papelaria,47,530,8,600,30,40,11
2423252b2432f1803e4f29e0974c6cf7,brinquedos,60,919,5,1167,36,20,28
d35825dd1741eee134506022d73f4e71,perfumaria,54,431,1,313,17,7,13
ee0324bc19887939d7d0fcfca68ee955,moveis_decoracao,35,306,1,2700,37,30,20
2136c70bbe723d338fab53da3c03e6dc,relogios_presentes,55,167,3,200,16,2,11
deff29051b7f3eb939ef8bf8ca0e85a2,beleza_saude,50,493,1,300,16,3,11
d9545b3e8df3155bca5b302d0f7c3c1c,informatica_acessorios,58,1672,2,4350,30,20,20
d9bdf643d95cb89844c0da1a0df1d16e,perfumaria,39,572,1,475,20,9,14
9fbfc0d1a475bb65f9c0e39bb927a99a,utilidades_domesticas,38,772,1,4450,16,29,23
952670bc019a73f0933157ec82ff6e4f,cama_mesa_banho,46,162,5,3300,60,18,50
317a06884480d645d7f0bc82455ec277,informatica_acessorios,59,1926,5,650,25,11,15
70aa499facb0946dc40ff974166fd522,automotivo,58,1683,8,2700,46,16,25
ef8856db4e302ad33dc4d91e40f7593c,esporte_lazer,29,531,2,1350,41,10,35
f40e67d9fbad11e25f958cc8b534af73,beleza_saude,49,453,1,583,20,6,11
65fd9b358b7ee029fba34839e9c35fdf,informatica_acessorios,50,556,1,350,28,10,37
ed2067a9c1f79553088a3c67b99a9f97,alimentos,52,919,1,750,16,12,15
6db72cc3d861dbea370e6959aa850b8c,utilidades_domesticas,58,682,2,340,30,6,11
9e4a852f41aff52bafff133d9deb5eee,papelaria,55,382,5,5700,38,30,28
7efd7d1a1a985eae9fecdb134fd657d3,cama_mesa_banho,55,2373,6,2750,30,20,26
1d6b1ff2a0ef2336832512132b3af6aa,moveis_decoracao,56,1892,6,1550,69,11,11
08a58dc963320d6073623382b9ceb920,informatica_acessorios,56,2590,5,400,17,7,13
a0bcb790b8f1249bec0369de04a72d33,cama_mesa_banho,59,1271,1,450,42,10,29
5f00c50de3d989194f0439e343480372,cama_mesa_banho,55,486,1,1350,40,5,30
56b81eaffe3c2e7e54f3bdf2a935164f,moveis_decoracao,56,296,3,1400,100,7,15
163e6400e6dadd0fe04775c5e9331fda,bebes,29,462,1,500,47,10,36
1529199a7d88ac40cef5b4a508f18f2c,esporte_lazer,38,1043,2,500,17,5,13
f0fd2799d9eb02ccb6efa890519a6c4d,moveis_decoracao,59,456,1,5200,60,40,45
f1b067568bb39768f754b0d1ab1abcf6,papelaria,54,241,4,3750,60,2,15
cadb69af336c16aba5c5223599821245,eletronicos,41,386,1,200,25,7,16
380b4664ba5bb18cc9db78ee6bac3558,relogios_presentes,44,322,4,250,16,2,11
ba4a91633739ceceb2b73b627e2cfbc3,moveis_escritorio,57,1296,1,8750,52,51,17
186fe07c8b8005ec6a498587ffbc1352,relogios_presentes,60,193,3,200,16,2,11
5d66715cc928aadd0074f61332698593,eletronicos,52,390,1,150,20,13,18
2b0c892ab2b8e600a0b186db31f5947d,esporte_lazer,49,903,5,4325,40,25,33
115e606ac8059e4cfa1c6c3310fb365c,informatica_acessorios,57,1525,4,285,17,10,13
404c6e8590cbb06f8c5e911d8a90b1e5,esporte_lazer,43,231,2,2700,60,15,15
ba80c9f47a84d1e08465f72e22930c83,pet_shop,41,901,1,150,19,10,15
c20a3f598c16d77249da67e81caa8317,utilidades_domesticas,57,529,4,575,16,18,12
c36140521283624c2368a1f6c2fec1ab,bebes,53,1608,4,1300,42,25,15
3516632e8f52b679ff83d1665ecc990e,informatica_acessorios,45,267,1,167,16,12,13
525947dbe3304ac32bf51602f9557c12,cama_mesa_banho,60,236,1,2600,34,7,32
497bf3fd2bfb679b5fb1bdbde4950ff1,moveis_decoracao,27,117,3,300,17,9,11
315274d6751133f612a67ccfa00c0522,instrumentos_musicais,30,599,2,350,17,7,11
100260bf9206d859dc8db128c8c5afc9,utilidades_domesticas,46,79,3,300,21,10,18
059edbecfc72eba55fbd079a25c4ab6b,beleza_saude,36,1129,1,473,22,18,21
7041ae473941c8270e3a0f3cf73a379f,cama_mesa_banho,62,665,1,2400,42,11,36
6cdd53843498f92890544667809f1595,beleza_saude,51,625,1,900,25,12,38
64f905cf518f84bfe0fbcc33bf6f0e9a,esporte_lazer,26,303,1,983,28,15,29
3edc3d3ffe806f5115118f86cbf5a021,esporte_lazer,26,621,2,300,26,8,16
ff9a23dcd6b233811bd2a7be174a8e4c,beleza_saude,53,841,1,150,20,10,20
ff4c1a248a5110d784de5c67a9106d67,pet_shop,60,590,3,1150,20,35,30
4256cf575577f02e6c98d452ad40fa63,moveis_decoracao,52,747,4,13200,40,60,40
f0354861ab19941a53209c2acbb1b604,brinquedos,22,546,1,1007,33,27,22
0816234aa8a9ed73333cc61afb578bd1,malas_acessorios,41,940,3,550,16,30,20
4e72c18c19fee00460f9504012cb244d,moveis_decoracao,59,205,8,950,31,11,26
1600dcf1cea8c0c83702e07b577ab231,relogios_presentes,57,181,4,250,16,2,20
db858d1d14f31fbf7f38036ac7a3fcf4,telefonia,51,1157,2,575,20,20,20
29427de7f8a9ee983d9dbc51cec569b4,cool_stuff,54,995,1,4475,44,24,31
7fb04722aba7a2b632bac8f9819796f3,beleza_saude,48,594,1,1850,24,36,23
3b60d513e90300a4e9833e5cda1f1d61,,,,,450,20,12,15
1191e61a83c807323c6c1cb5eac9ff3c,telefonia,59,777,6,350,17,4,12
9ef3514cbcbf73d8b7d294036f99737f,utilidades_domesticas,53,1708,3,1650,69,10,40
64fb265487de2238627ce43fe8a67efc,cama_mesa_banho,55,329,1,1825,44,14,34
ad673c1cd02b966e931f9db4fdc34791,informatica_acessorios,39,1321,3,350,22,11,17
461f43be3bdf8844e65b62d9ac2c7a5a,relogios_presentes,35,591,3,444,20,14,16
ca92f5c2276bfd491db575cd9de5a70d,fashion_calcados,54,404,2,800,22,12,33
bf128711128b70eaa9e07df69e9a75e2,telefonia,61,992,1,600,23,6,15
9fc0c73ce4d0eaaead44e81eeefebeb0,esporte_lazer,57,1949,1,350,21,26,21
63de2743d05ab59d85caa49e49459ac1,beleza_saude,51,951,1,178,18,11,17
38a3986954ae656fba0263c496a8b447,cama_mesa_banho,55,161,1,1300,46,7,51
b1ab8c16165f6d66427b01ac9b26e141,beleza_saude,40,735,1,150,16,2,11
19421075ae0b585f2dc13ff149e2119d,esporte_lazer,32,1797,1,150,16,16,11
ee0c1cf2fbeae95205b4aa506f1469f0,perfumaria,44,334,1,200,16,16,13
11bbef4e2a44601d9dd471aa1fb433e6,beleza_saude,52,1222,2,838,28,14,21
542b3d80712d51eefe3a3cd1c5f4e8fe,cool_stuff,49,223,1,400,30,30,40
1e1a186a03f0d98268516827690d4fd2,bebes,60,1078,4,575,16,18,17
03e4e6709b7d6415746769c0bc3e9131,brinquedos,42,762,2,3890,36,28,36
b5a3bb1341d217322573b76c03d7b81e,cool_stuff,45,2066,1,1650,33,44,19
dc404a1496a08f9f5540c8b5d4b92925,brinquedos,46,753,2,1582,31,31,35
e9def91e99c8ecb7c5cef5e31506a056,brinquedos,34,867,2,500,19,11,20
0e362037e5f02f62c8ce89f49cb9d520,perfumaria,53,666,2,133,20,10,16
0f025e441822f059a260a6ec3001ec0e,cama_mesa_banho,47,612,1,550,30,6,22
5496efb86aea6e3862b6cb394dc020f8,informatica_acessorios,55,545,1,800,30,16,16
5f6906793eb1d554d76c39398ce08693,moveis_decoracao,56,297,2,700,100,5,11
0dce093fc7ec4dec214256df878e3c08,relogios_presentes,57,1049,3,200,16,6,11
9048cbd294fe0c1a3ec8c8248bc2cadd,instrumentos_musicais,63,927,9,7500,55,18,45
edc044b1d3b518153d2b3b2c811ff0e2,cool_stuff,60,1707,2,2200,62,7,35
7e0dc102074f8285580c9777f79c90cf,ferramentas_jardim,60,1251,2,800,30,10,30
66fb81c8c95a92236d7858a4303dc0a4,instrumentos_musicais,53,638,3,250,16,6,11
15b0e8706bf37a95f2bb3665c4cc4c6c,fashion_underwear_e_moda_praia,55,487,3,250,17,9,27
1937b3e587fc766c8d1cef0c11c6aa53,esporte_lazer,44,1675,1,300,18,11,16
214182ef6dd2635420e172166e7ee047,utilidades_domesticas,43,965,1,650,16,17,11
c319f453652bff80bc8f9f71d87e56c1,bebes,46,715,6,260,24,19,20
134a6fc4a713a799266ebd6a4f4008d4,esporte_lazer,47,900,1,117,16,14,16
3aa87ff048f23ae9ac589dd73c21d98c,,,,,950,30,30,20
d3d10495159bcc41173e3d26a273529a,artes,60,218,6,1200,39,12,12
a92930c327948861c015c919a0bcb4a8,relogios_presentes,59,319,4,250,16,2,20
574597aaf385996112490308e37399ce,utilidades_domesticas,55,499,1,4800,22,63,22
28fb90993dc41cc9bd28407d44c581ca,esporte_lazer,21,604,1,8100,31,9,11
d51f9e208b88e49c98f6a55649d5df35,utilidades_domesticas,55,94,2,1200,21,21,21
abaefce0c17047c6829ff4078f2005d0,esporte_lazer,30,410,1,700,30,30,30
21d2fdced5c69bfc6539b67908a4ad28,moveis_sala,31,363,1,6450,55,15,46
28fd1639ff52d870a3d2c38090d2d902,climatizacao,48,787,1,3573,50,58,32
7fda46e6f8996ebe3acf684cca0124c2,cama_mesa_banho,49,513,1,4825,51,16,36
06ad93d66e91d09df5ce746906d9658b,cama_mesa_banho,52,289,1,3250,36,10,35
c166691d2e429a2e3ed641e29aaeb7f1,esporte_lazer,30,543,3,350,25,25,20
13db47eae724e2848e12b71a617a3a41,audio,34,468,1,425,17,11,14
defb79b2269c0fa7bad01b2635aff113,moveis_decoracao,40,94,5,450,16,5,20
ee4007b2b6a389f76918b093ff7b6523,esporte_lazer,38,427,1,481,19,18,19
2adbf3f442344a158c04cb59b8db107a,fashion_bolsas_e_acessorios,29,623,4,1300,42,42,14
8ae2a62356fe10b4261e16268508ddb5,malas_acessorios,47,397,1,4100,30,35,40
95561023115b71f8bbb280afc56b7bed,utilidades_domesticas,54,594,1,2650,39,17,39
22c7191da97262f0f39de80e1951dce2,automotivo,56,149,1,100,16,15,16
cb43c6e1c451902b51f4f4ff512302df,eletronicos,21,286,3,293,16,7,11
e336c656869480e20d04ca9389b12167,fashion_roupa_masculina,56,336,1,750,25,5,17
7bc37d0450ed1fb9e76f9c0305838c7c,esporte_lazer,56,1176,7,1300,51,9,20
e53e557d5a159f5aa2c5e995dfdf244b,informatica_acessorios,33,256,1,180,17,10,13
581de99ffa609d5f7b841f0d81df3f2f,bebes,49,509,1,13800,60,32,42
3552627a68384dc559f0fd4cce173269,fashion_bolsas_e_acessorios,31,203,4,150,18,9,11
31af99e01af722adb2067b365a311998,beleza_saude,58,698,6,425,24,16,14
15557c53492889a2b63e65df34a738ab,relogios_presentes,28,188,1,200,16,2,11
764292b2b0f73f77a0272be03fdd45f3,moveis_decoracao,56,701,5,750,30,30,11
fb10a064e6f5151ebfffc589e166c917,audio,44,236,1,1742,17,11,17
c92f0e7b9d49a9543558d6532772441b,malas_acessorios,48,485,5,17550,73,20,47
84f456958365164420cfc80fbe4c7fab,cama_mesa_banho,55,312,1,1550,44,14,34
56d45b2c27871322801134f57d1b9dfb,cama_mesa_banho,56,198,1,1800,35,20,30
b0961721fd839e9982420e807758a2a6,ferramentas_jardim,59,341,2,1850,37,22,40
c863f578eb77e9238bfc0db8d0ffa3c8,automotivo,57,61,3,200,16,7,16
e29639a91419ddf0c1d6c80fb3bae01f,perfumaria,55,273,1,650,17,17,12
83e5adb51c0d54eff80057f064f808d2,consoles_games,58,1107,2,817,22,22,25
c041a3fe1e9cf85721c1d1d054210279,relogios_presentes,58,574,2,300,16,11,12
44d097d59e8430f88a67517cd0c4f865,fashion_bolsas_e_acessorios,55,151,6,350,16,2,20
e3b4b906fc11fd64318e4923a3d4594f,,,,,12750,70,32,50
089447f48055194b36dd135e1a353cff,automotivo,58,430,1,1050,34,10,34
d76dcd59eaef6fc632b11f0d48e107e2,brinquedos,46,1099,2,263,18,16,16
7ce94ab189134e2d3c05f496d635419c,eletronicos,39,400,1,200,25,7,16
8ae1198dd85742fe30b74a96968f250e,cama_mesa_banho,59,418,1,1700,40,6,30
27287c7af954c885df547dcf11fa77a6,beleza_saude,38,1218,1,275,32,4,22
a91c1a94d83d36316c44e00e738607b1,automotivo,57,2063,1,1500,30,25,30
27b8857ca0d1477e1ad34ffaba0b642c,eletronicos,54,560,3,150,16,4,11
6e514bdf6cbd5137a3795ff90e3ec1a1,brinquedos,48,1055,1,300,17,8,15
d92cb9e1e8b1ea99285f24efdfdba088,brinquedos,57,216,1,499,34,21,33
5999995b8f64d769dbc6f592b86d6f8a,pet_shop,57,1283,5,1200,55,3,42
a95b8621d9c2434bd66a426fa6dc959b,beleza_saude,57,374,4,400,30,11,20
a0cb23ea9b98f51407ac7bd1fcd29c2e,telefonia,31,1440,1,100,18,6,11
c329abd2a10fad4a2f83377956328c67,ferramentas_jardim,52,695,2,817,21,23,19
3354a4e684f5e7199f9407db70ccd92b,cool_stuff,52,847,3,1200,42,25,15
17e7d9a179f3f2d61223252038276d35,papelaria,57,309,1,600,16,44,29
c3e275e10cfd7f3b56f7f657699cfafe,cama_mesa_banho,55,273,1,1250,38,10,38
6d0663c395a253a37880561557f660e1,brinquedos,48,2075,3,3750,35,23,35
7340a3839a1de1e99d149b8cf052a2ec,cama_mesa_banho,56,536,1,800,45,15,35
e478d0bd1efbc9329837d30c174bb850,moveis_decoracao,58,314,1,500,40,15,40
3cdff94d5455b793b415be775cace03c,beleza_saude,54,340,1,250,16,16,15
0e2d365a247d105fefc31b17ab8706d9,perfumaria,35,503,1,430,21,11,17
bef6177f54efb9a6218e124b629fc152,perfumaria,42,850,1,510,20,13,15
21191f1db2fabc46b8ae34857a3b130a,esporte_lazer,40,806,1,450,19,22,19
1c42a107473d6b20db8ac7772b870e33,cama_mesa_banho,50,164,2,1900,25,10,25
caaae4f9fe7a77459a25c4f4ef0945e1,moveis_decoracao,55,1963,5,1200,69,11,11
955ef07f4e61b2033c9d6af6a6b61783,cama_mesa_banho,54,290,1,1700,34,9,33
67d9cf5b0dc7a0b9fb091efc68b14140,eletrodomesticos_2,51,502,2,17000,42,90,22
44e6ec37a142be331fe0241006d0b389,esporte_lazer,48,950,1,450,20,9,14
192fdd97f716a6c79db0fdb15fadd854,papelaria,55,455,5,500,21,7,15
8100d323ffa1909cfcf9fdf05f20b678,brinquedos,58,818,3,4017,38,35,42
c04ebe208ae260f39b376cd6ffbd0b14,telefonia,57,578,2,200,19,4,11
c1dfd7dc17df380ed269d0fc905f6e22,utilidades_domesticas,53,413,2,600,16,16,16
6bf1cd252d73626ab181be470f56e07b,moveis_decoracao,63,143,3,1250,16,32,16
87d780fa7d2cf3710aa02dc4ca8db985,cama_mesa_banho,57,189,1,1350,46,2,36
d76c049f36a5b4975aa3cf095a6fa499,informatica_acessorios,56,246,1,194,21,15,15
d986e4bd747ca20b348abcd013cd1303,esporte_lazer,59,938,4,1200,80,14,14
b6d96e7683a87fc151ea589ce97a330d,beleza_saude,18,180,4,150,21,4,16
4178e16324fd0c9a8e18463caf390cc6,cool_stuff,51,582,1,11600,65,19,47
c18ac1d6cc053c0ec7296b994ae6ffeb,relogios_presentes,54,237,1,550,16,2,11
97f1396a5a1f7c07ba51784efdec44b8,utilidades_domesticas,60,1632,8,1400,43,18,18
3d63afec955956d47d796237f6725cde,construcao_ferramentas_iluminacao,58,1187,2,200,17,10,13
70c9d38055bb316285aa937715c2e82d,utilidades_domesticas,58,2907,1,1285,46,10,30
e57eb018e37376580079825eb29a3419,relogios_presentes,43,878,1,300,16,14,11
a47674ec5bdc46617bc532a9839390db,climatizacao,45,401,5,1300,32,16,22
9df634af5c467f3b07f3d92f7765aa64,brinquedos,45,965,2,850,16,32,16
72a30483855e2eafc67aee5dc2560482,esporte_lazer,43,869,1,967,21,24,19
b042c934bd8f4316e7b38633aa14266b,bebes,47,235,2,9400,75,15,50
10163fabc9375e9bb72a109272730c6b,cama_mesa_banho,56,258,1,400,45,15,35
dab2413ead0edda9967edbc9bda2a64e,telefonia,57,680,2,250,17,7,13
0433830caca22b01a0f477d31307b043,portateis_casa_forno_e_cafe,47,2810,7,7450,40,10,40
3e591cbf1cec40074c24a2ce372a5b62,,,,,1800,25,25,25
9545d45c37449ccbc376de3a04c66e71,beleza_saude,39,1749,1,1350,27,9,18
2b6726ab177dc4ec000e5fcfc6926cf2,esporte_lazer,43,1032,3,1100,16,12,12
84c79830527ae823029ee6b904cf948c,construcao_ferramentas_jardim,29,462,1,3520,25,25,23
11dcc970f7a5581e1bf777b6da3f7096,utilidades_domesticas,42,659,2,1038,41,22,28
d285360f29ac7fd97640bf0baef03de0,relogios_presentes,46,501,4,363,18,13,13
ac305a1e7e7b958e961fd896ef1395c4,automotivo,44,799,1,350,20,15,15
30cd699c7958f8352c9f479572eb66ad,informatica_acessorios,55,1183,1,100,16,16,11
af79ac70de9a79b9c1c85ee0880c7206,esporte_lazer,58,383,4,950,22,5,14
fd206f3c185fd47c22d6de48f25133fe,telefonia,28,314,2,500,30,10,20
bd6e6fce9ada76ea2db0f1912e8e478f,cama_mesa_banho,49,381,1,850,25,18,40
dd1759836cc99a88be1a42bf6673abe0,perfumaria,38,419,1,415,26,12,18
3fca280b9c1738d8d7996c7373d3ecee,construcao_ferramentas_construcao,55,501,4,600,30,12,20
5c535d2479b9759c3bc8d6ac57085cf0,informatica_acessorios,58,684,3,1300,16,16,16
c784aabc6d8366b8fd85eaf9631cf96f,utilidades_domesticas,59,920,4,200,22,7,15
3e4176d545618ed02f382a3057de32b4,malas_acessorios,35,468,1,1200,40,22,30
df3a82b424a1bb351c314547f6644066,cool_stuff,35,534,2,200,20,10,20
52c87e7b33516eb97c3023a20848ea81,fashion_bolsas_e_acessorios,38,217,1,200,24,9,16
a4aa7c1427c31344e5f7cc3d839fe562,pet_shop,52,625,8,2200,50,20,40
4fce0eab61e01d521044c8b071cdfead,esporte_lazer,56,595,1,260,21,16,20
fcf6ad274391aea29f5d6e5ef9da5050,pet_shop,51,1592,2,513,19,15,18
e41a6ac2f57a273eb0d214c7cbab5db9,moveis_escritorio,56,1085,1,8975,35,52,36
df42f27d852d49828f9f9fcbf29820d3,utilidades_domesticas,55,303,1,2100,30,40,30
10876ffa7227a74d878729d3f6bea35d,pet_shop,46,474,10,2500,45,15,28
a6ad77b15e566298a4e8ee2011ab1255,moveis_decoracao,45,660,1,3450,23,35,35
a9f480bfc49f0b85e8394e1cdf685b4e,brinquedos,33,69,4,5700,39,30,29
99563e23b641c8a43e04e528c10002e9,beleza_saude,60,919,1,150,22,3,15
753a7c03962394fbdf40fbe595048b89,cama_mesa_banho,59,278,1,450,16,20,15
b192be433004cc1f10b467c0e9ea309b,informatica_acessorios,57,977,1,725,25,8,24
6ed8558c820f37754cef08c7719d34f1,esporte_lazer,39,159,1,3783,30,25,28
6186e311c6a52e7438c538015e82cda4,automotivo,51,387,1,283,17,9,14
96d80c8b6c6545a30eb5bdc4961455f3,eletronicos,55,486,3,213,16,7,12
641a45900528e8324c4848dda4e0a3fa,utilidades_domesticas,55,303,1,250,30,30,30
6f3b5b605d91b7439c5e3f5a8dffeea7,relogios_presentes,35,640,1,335,17,11,16
68bf40b3abd5ffc25981c25df9ed9087,papelaria,50,201,2,8550,60,20,29
672a21bf17c63f71edbe01ecb9b14814,pet_shop,34,761,1,6800,45,20,45
4cafc445fc7535c3b41b8978c0ce68dc,industria_comercio_e_negocios,36,1109,1,5550,36,51,18
45986044725e448e85eb0d81251a8892,cama_mesa_banho,50,484,1,3950,70,20,70
19ae992992da3f4401e014758f5d58dd,beleza_saude,38,1475,1,400,17,17,15
349ce46a0e2e20054aa9d80c48af8816,construcao_ferramentas_iluminacao,41,971,1,1300,16,19,16
4ba9263261711e19aa09a61e3ab72316,eletroportateis,54,772,2,750,25,10,18
82b73150f90f4fef92913e35b9984bb7,utilidades_domesticas,40,545,3,2200,48,25,25
4b04a764c875af7101955fbcd3989b7e,bebes,44,657,10,8150,39,20,46
4372c58b785f6a6e66899e62099b6ef2,pet_shop,55,922,3,900,20,20,20
223d34a3d9334039f5ff9511dc044bbb,telefonia,50,1246,1,900,23,7,16
090d6db6ad440d35cef0726b5a8bec14,utilidades_domesticas,19,97,1,7300,53,33,33
c19d5ba108c34b8255cf9a524da92bc4,informatica_acessorios,40,413,5,150,16,16,20
b59b5899ecf4bcc294a72fdd48adaa94,telefonia,55,419,3,225,17,6,13
b60856ce32d90658dbf99b9485327c25,eletronicos,40,429,1,150,25,7,16
75c06ee06b201f9b6301d2b5e72993f8,perfumaria,54,939,1,50,16,5,11
9a5393d4713520f3751a62e79de3dfbe,automotivo,55,105,4,7600,45,14,18
b69eb25e3a4def8e9cddee18712e0c5e,cool_stuff,59,993,5,7750,34,33,33
ad2037645597db38527fe3afbe226af2,bebidas,48,886,2,850,22,17,17
fac21a1c91c8001793435c475fa7f032,musica,58,490,3,250,24,12,20
774ea72f37a7fbf1fb32b973a18f2348,construcao_ferramentas_jardim,47,886,5,5050,40,16,50
cad2db5e318d7283a234c517b2f28a42,cama_mesa_banho,60,259,1,1600,30,5,30
89b121bee266dcd25688a1ba72eefb61,informatica_acessorios,54,1169,1,150,16,16,16
bf35317e81a1e1477a2256328bce9e9f,perfumaria,53,1580,2,300,16,10,20
2f178dc91b792930e1ff40a77a123506,telefonia,55,588,2,369,15,13,13
4a25d757ff72fad7534f478c90be77e6,telefonia,59,751,6,275,18,4,12
664085fcb2616db929da15dc9ac204b4,telefonia,58,818,6,350,17,4,12
980036ff323e235a27b7999d343a8990,cool_stuff,33,703,9,600,16,9,11
246bb3747799aedac65feef38ac9e734,consoles_games,54,1336,2,600,18,12,18
8b6ede776c9602a1db79d27547ff8253,informatica_acessorios,56,1105,2,400,16,2,20
5a4491fb73ef5c6689be17bfb30642eb,esporte_lazer,60,608,1,300,27,9,14
b4fc7e84dcaf2fcf3edb234e30362929,esporte_lazer,55,3876,1,1300,22,27,22
6d43aa08ee344527fc3e86b90cfd2379,brinquedos,54,66,5,1000,20,31,30
6c706bd66d6df5b9eaa716699943efd0,moveis_decoracao,55,1908,2,1100,69,11,11
a0adc3041e9917104f3fea4ba995adcb,informatica_acessorios,47,3650,3,5825,48,37,25
9613dd0d7c6c50922dbbda403223381c,utilidades_domesticas,48,535,2,1200,25,25,25
ed5122a6a757a4fea8f32a6fb95a5135,cama_mesa_banho,25,250,1,1938,48,11,41
9858707a4804bd5fe5027290870c37cf,cool_stuff,55,409,2,10450,49,21,49
e2bb00220a167d9e60b6776ac33717bc,relogios_presentes,60,504,1,300,16,2,20
adcbd0e9edf8b57778ef2a2aea870185,relogios_presentes,60,586,2,275,17,8,12
6ec18f98bd4eb7efc0989af1505a3f86,informatica_acessorios,48,159,1,525,18,15,17
06435c7fcaee30b55bdd89feb2ec9be7,moveis_decoracao,63,525,2,350,80,10,60
2948658cb6abc82847412be7201bfc4c,beleza_saude,59,1030,5,3500,36,25,21
3b42242085259cb66b6e577ae5173c76,cama_mesa_banho,33,1061,1,1600,26,21,23
7c1e2b3fa0233e46fb3bcdcb9919a72f,papelaria,24,853,4,3150,53,4,43
c48c077b8b116d8da988077363070d9b,cool_stuff,30,880,4,767,29,11,23
b24af8bca8813bcde4140ff8562f5e47,telefonia,59,314,6,250,17,4,12
773089b6d8197748b1b173e39dd38ab6,utilidades_domesticas,57,377,1,600,16,25,16
e940125d0a3c309f58f41cd21e39af06,eletronicos,55,287,3,10550,30,105,20
a009a84a95de59e574851aef710ee0f3,eletrodomesticos,60,953,3,100,30,10,15
ba230fc7bcaa2f503c46d73098caeb66,eletrodomesticos_2,58,722,1,18250,45,95,25
5d6d8d46af864e4241365a5cd4980a53,bebes,53,1428,1,7500,20,30,82
1ce5b88456351c3b986532265a56d223,cama_mesa_banho,42,111,1,500,40,4,30
c389f712c4b4510bc997cee93e8b1a28,malas_acessorios,41,500,1,2965,41,27,34
73852ee3739732147010f2be732d597c,esporte_lazer,42,277,1,1147,25,21,19
651fe753ea1d6ad3d5744c1bffd3d6e1,beleza_saude,56,609,1,50,16,16,11
91b08d34d0ba4db44da2dc382867ba49,telefonia,47,137,2,100,16,4,11
a01801e4d348c3375e43643085a6b576,eletrodomesticos,55,1855,1,350,16,20,11
c6e3c9a59b663e36a8b95b2dde81fa33,esporte_lazer,30,451,2,1300,30,10,25
1a96bfd3ef9221f2775d1eccd98a7f17,construcao_ferramentas_construcao,57,422,4,200,42,12,12
fb29f48bfea41db52e349454f433340e,informatica_acessorios,59,690,1,300,39,9,20
972d4aba7eb9ba03a5b7950751f11f60,automotivo,58,238,1,150,16,10,16
c7a94c6dde9d81dc864941084dbdfe45,esporte_lazer,58,246,2,1100,60,15,15
d58020f0dc3b18e41728f846f5072a6c,telefonia,58,678,3,150,17,8,14
9f1c3e71d56894398a42b050b07f1baa,cool_stuff,25,176,1,163,17,11,13
c96dae58447b1aade5e8a7e28a87a31a,cama_mesa_banho,52,595,1,1323,37,10,31
0fce35c0b7338bda3e52e2389f0c0762,moveis_decoracao,61,157,9,3450,41,15,25
fdb86e192fdd20037175daab38af9656,beleza_saude,50,1410,2,800,28,5,18
0c71252f37443403376d2008034a7240,pet_shop,41,947,1,156,18,10,14
3ddc568a05383c2f24b4d47d1b41f819,perfumaria,58,1145,1,400,18,15,15
3c0c25556095f68ed9d05df570c9c587,pet_shop,45,3110,5,1620,40,30,30
0e5955fbbb16c3f92127ac470386ea88,informatica_acessorios,21,173,1,1217,21,15,11
1b8ee158f59c098470fad33f39660964,moveis_sala,32,327,2,6200,55,14,47
b45755e01d70d935e074cdde682bed74,cama_mesa_banho,48,472,1,1420,47,9,38
5d6bea33648f018dbb563f3a2fab09f3,moveis_decoracao,53,616,1,4000,30,35,30
753e430b6eed95b9d517a7a55eae6742,esporte_lazer,42,917,1,450,17,12,12
437c05a395e9e47f9762e677a7068ce7,beleza_saude,40,409,1,1110,19,11,18
aede48631330269f65a8d680de491657,malas_acessorios,45,573,1,1400,48,10,33
b40bd352960044e281fa405937aac605,relogios_presentes,45,628,1,350,22,14,27
43d2e0df7224cb1c252c23cf36d597ad,bebes,41,449,2,1150,70,10,40
9b1689a9d895d266ce7134329b4e905c,esporte_lazer,60,576,2,2600,80,12,22
0d85c435fd60b277ffb9e9b0f88f927a,informatica_acessorios,60,919,1,150,16,13,14
300469628605afcf5cc9759fb4cffc02,papelaria,58,205,3,250,24,7,14
ad88641611c35ebd59ecda07a9f17099,,,,,450,16,7,11
7da9810448a8f92f73339d58b1dd73a9,telefonia,49,346,5,100,19,3,11
ff5d87897ed26d564711df324b98ebee,relogios_presentes,49,443,2,350,19,13,19
41db6d8062fcd38410c699743ccc0265,telefonia,49,1438,2,125,19,5,11
4ce9ab528124f89e091b17d11aa2e97c,informatica_acessorios,54,222,3,500,36,5,15
0152f69b6cf919bcdaf117aa8c43e5a2,cama_mesa_banho,40,116,1,250,40,4,30
bfebe3af6798e21f14c80263db86b7a0,perfumaria,59,489,1,494,20,17,17
857be5cab7b9c69b973ce723ca69c9f7,eletroportateis,59,1091,1,475,28,16,16
cac9e5692471a0700418aa3400b9b2b1,bebes,57,2440,1,375,29,14,20
1994792a258088f40af8b4f4bd60d6cf,beleza_saude,59,275,4,200,16,15,15
02fbee632a2044d48ab16d57eec4db58,cama_mesa_banho,53,230,1,1017,39,15,34
3d3204ab08bb14fe5114502ad7809384,bebes,22,336,1,900,32,32,15
ba5fb4ab9cd70d201b74b5bad9d4ca00,telefonia,42,347,2,125,17,6,13
fd0c762860528d119344e1377b574fc5,alimentos,45,723,1,317,16,10,11
10dae91e0aba95747e90280edeffe883,bebes,54,1027,3,100,17,6,11
540a93038cc8b4c42ef0821b2cf067d3,moveis_decoracao,60,375,2,4800,20,50,40
c0704b7b41d23540e8576c5e84484dcb,beleza_saude,38,2113,1,250,17,11,13
1af2a3ec7cecc4015321e562a26c9d1d,informatica_acessorios,60,266,2,150,40,2,24
1bbf3c5abc34eb8f1d884a7503b7764f,beleza_saude,50,2830,2,350,27,4,11
f78c2e2b9562f4eb436a275b2a230531,beleza_saude,35,1619,1,1167,19,16,16
3dd2a17168ec895c781a9191c1e95ad7,informatica_acessorios,48,894,1,533,22,11,20
16007704980fa90718364a0dd747133e,beleza_saude,46,2729,1,1550,27,9,18
10070e29929f7c7d609ee3201f236b8e,casa_construcao,44,421,5,1250,23,30,15
aece157b74fa793277ecc4e94bedf9a0,papelaria,59,226,5,8150,35,60,40
e5a19f25b139394121110bbaab05087c,cool_stuff,49,527,4,3250,35,23,21
c8c073a1cae6a98799d7581958ede514,eletrodomesticos_2,43,1009,2,6025,32,35,35
bfc275f6de912665e4dcd8da32f43c10,utilidades_domesticas,27,107,4,900,35,15,24
7c6fbb3a5346dfd607386155c6f628f8,beleza_saude,60,919,1,150,22,3,15
1347d4320dcd0acd750e37bb3d94a918,eletrodomesticos,54,780,5,7600,30,50,40
afb2faf85bb85d4a5c466c8b7258f5ab,bebes,47,235,1,9400,75,15,50
7ada7bee4052075cf6310885da8c4392,papelaria,60,189,2,5550,28,55,37
ddceb6eef6af67e9fbbd4c148dbe5fd9,cool_stuff,52,516,1,4650,37,20,34
5a848e4ab52fd5445cdc07aab1c40e48,,,,,400,20,12,15
e4d325bd1eea550509bdbbc5c3301fc1,perfumaria,59,874,1,525,16,16,18
a50acd33ba7a8da8e9db65094fa990a4,automotivo,53,555,1,4105,67,10,67
1cc61b32763a4d816212b3507b6b6c59,livros_interesse_geral,55,556,1,1050,27,30,16
24c66f106f642621e524291a895c9032,beleza_saude,37,325,1,792,19,14,16
58e03c2c00f9e4f3a35b6cf0d13cbb67,moveis_escritorio,45,2219,1,10050,54,28,53
34eb0685663d60e57a9ca086c8e33423,fashion_calcados,55,344,3,1850,36,37,16
f8b624d4e475bb8d1bddf1b65c6a64f6,utilidades_domesticas,46,323,1,2841,40,23,26
cb9d764f38ee4d0c00af64d5c388f837,portateis_cozinha_e_preparadores_de_alimentos,57,306,1,625,28,27,24
372124d6931c4bc48dd0d56075ebee7c,cama_mesa_banho,58,58,1,50,20,2,15
70d01ae15a5d5ee38388b90c0470d9b0,brinquedos,60,789,2,850,35,6,37
66b538ce389d817a5123146347c3fdc8,brinquedos,38,480,1,4433,70,25,30
42ed7ff87eec051d7f9364afbf091dd3,eletroportateis,53,361,1,15200,37,55,37
60142008404f92c16972d1cb6dd0e3c8,utilidades_domesticas,58,1567,1,2000,16,20,11
4a2103f59fe65c15afb3cdcd24a7ff70,utilidades_domesticas,52,513,3,750,24,16,16
a8557b8cc2880e245f6e7b7dbb0cfb04,moveis_decoracao,32,950,1,600,20,56,20
bc74f63361c15c1a5baa5b97ac432e62,beleza_saude,42,500,1,4050,17,11,13
7c5514c269002959274a50b996f04e82,papelaria,24,342,1,1300,20,49,33
2cfd372900c7c65e4c4ed2ccf7a1cfd4,relogios_presentes,35,694,1,550,18,12,13
8db8c6b5b338e7a8d3332037c2c218f7,telefonia,41,1311,2,50,18,6,11
4ebab6a2135a2477b657bda38646b64b,brinquedos,38,853,3,442,20,16,14
e3ef50d542d4e6477fbcf202a02ef040,telefonia,51,622,2,350,17,4,12
389d119b48cf3043d311335e499d9c6b,ferramentas_jardim,59,341,2,1750,37,22,40
34d6306314a47fe15c1efdbc23302020,informatica_acessorios,38,301,1,107,7,7,10
36bd3e4daa4604d112f17dccd24ee59e,telefonia,48,419,2,150,17,8,14
694e58e56c74114ee0628c25f3f26f8c,esporte_lazer,24,290,2,600,50,12,50
e48f857c5498e6408410be1fda8e0fe4,esporte_lazer,29,973,1,5455,46,21,32
930f6ddc396b23f823b6b520fbd528e0,construcao_ferramentas_construcao,36,490,2,600,20,20,20
f775e44f7a8609df5fc7a00faa8b458e,fashion_calcados,57,404,4,1500,22,12,33
cd4536501f4e8486f233ea0c0e7e1ee8,esporte_lazer,36,280,2,650,30,10,16
9219ce85918a5d26bca1a6fddf3a1402,papelaria,48,275,1,500,19,44,34
d5aaa8920fc54584d11c60ca1c277713,esporte_lazer,58,528,2,150,20,4,12
4b7ddf18ef3c5205f6ec288dffcd7c55,cool_stuff,46,588,2,500,16,12,22
8c591ab0ca519558779df02023177f44,ferramentas_jardim,47,1893,1,6050,20,20,20
1b01cabd433131aec917576c347f0dbd,relogios_presentes,52,687,1,550,20,12,15
c4b5776ae19c3e9ee28323b38d41c72f,moveis_decoracao,27,212,2,10050,72,10,72
c7fd13b5e515bffdab855d0812842edb,moveis_decoracao,46,490,2,1350,30,20,20
af6ab2d196af959df0ce35fc5ea50278,utilidades_domesticas,56,747,1,850,16,17,16
d581a9097bc2a13adf46bbd864ee0d08,beleza_saude,48,2910,1,300,18,9,12
5368f8caaa939da050e8dfd7d08fde62,,,,,150,16,12,11
b17184dce2f379b2a98393d8ae885611,moveis_decoracao,40,442,5,20800,50,50,45
dc68ee0fcb033a1ab6714fbb5db60c15,moveis_decoracao,37,214,1,1500,30,10,30
016711f78a6a87696645db0a6a834826,beleza_saude,14,1366,2,1150,27,22,39
94cc774056d3f2b0dc693486a589025e,fashion_bolsas_e_acessorios,29,99,3,150,20,20,20
982d42e9ce06f5054407db7d1268029f,cama_mesa_banho,51,233,1,6738,48,32,52
9ec6b6619704c31e3fb6d15dbe229fba,moveis_decoracao,60,2050,2,1200,69,11,11
b52e4724d5ae56c1e1503a363b388d2a,esporte_lazer,34,423,1,3000,93,11,18
772583ef39582ddf5068eba0296c24f7,esporte_lazer,39,271,6,3050,51,13,31
7868a64aa111bbb4f41f8e1146c0becb,moveis_decoracao,59,438,1,1200,30,5,20
c4baedd846ed09b85f78a781b522f126,ferramentas_jardim,58,1893,1,5950,20,20,20
289d248f6a9046a0f0be47cda2b45537,esporte_lazer,31,542,5,250,25,25,20
30f2abe62a0f5fb21e4361e83e19f3d8,fashion_bolsas_e_acessorios,33,484,3,150,16,13,11
7fab1a1472fdd934397068931f63f3ca,brinquedos,53,200,10,600,30,25,20
c837ca3eaf5506275072300511cb7b12,beleza_saude,54,2564,1,300,16,6,11
64d33e6bd1b905a31c2f96f584e6a0c8,telefonia,60,818,6,350,17,4,12
139a8ba50a931c4055ff072ef1817b06,relogios_presentes,46,655,1,700,20,12,15
c91fd1bf3e75d3b29370483ffda5eee0,telefonia,60,751,6,350,17,4,12
4f9172df8e9ae60aa90c14fb36afbcbb,instrumentos_musicais,37,214,1,1450,31,11,24
e8769e00778ec82e2fddf58d7b360a27,beleza_saude,44,666,1,700,34,9,25
8cdb9ebdf8dcdd09f8495eec1851b0ae,utilidades_domesticas,43,993,1,860,17,24,17
c58a00c22983c35a40e549564aa0aafa,papelaria,59,200,3,6050,60,20,29
35afc973633aaeb6b877ff57b2793310,casa_conforto,56,176,1,1825,53,10,40
9091499533100191c6b89d09e43445e8,beleza_saude,51,191,4,50,19,11,23
05a9dadb8402b6b7ae3dd28f7da187b5,informatica_acessorios,59,3314,2,2950,20,20,20
53759a2ecddad2bb87a079a1f1519f73,ferramentas_jardim,58,340,2,1500,30,22,30
7f72a8900b3d2fc8fa2635b7836d6e6e,brinquedos,38,571,1,147,14,10,12
9fb9a39f2e393018aaeb432394aff48f,livros_interesse_geral,34,1151,9,1950,36,5,23
42a2c92a0979a949ca4ea89ec5c7b934,utilidades_domesticas,41,799,1,7000,26,47,27
fb55982be901439613a95940feefd9ee,papelaria,52,211,2,7000,60,20,30
638882546765f357dc667b5987ceb69d,ferramentas_jardim,41,523,1,1950,24,24,16
2624c8b856235b0499572d609ffd0930,moveis_decoracao,63,199,2,1450,35,12,30
cb9cc307a215ac435ec87b0f799e8dab,ferramentas_jardim,36,1049,1,5450,23,7,20
a9516a079e37a9c9c36b9b78b10169e8,moveis_escritorio,41,1141,1,8683,54,64,31
3fedaec688964ccf38949f271a51c888,papelaria,38,197,3,1200,40,15,30
4a1ccd2d546bbea7809a0cf98863eb50,malas_acessorios,43,1480,5,900,25,50,30
f35927953ed82e19d06ad3aac2f06353,livros_interesse_geral,39,724,1,450,20,20,20
d82b7dd1b80c3f47c767cbae71a9b3e3,instrumentos_musicais,42,175,1,350,36,3,11
386eebb43722ab502f04f7900bd2451b,beleza_saude,45,2231,3,117,15,4,12
1015f4f024ec3cd0f9516a779ece52dd,moveis_decoracao,63,418,1,1100,45,15,35
6490b9f63b0b595e1c1402b46b0f50ad,telefonia,24,820,1,300,18,10,13
5be51b87d3f543e942bb8299c5bd4423,esporte_lazer,49,1416,1,350,16,16,16
b2545dd62c61d45d55ebaa04d1cb1e23,,,,,1475,42,24,31
e9cf370eb883adbdcb4b8738057a9d8b,papelaria,54,1156,1,245,16,9,14
87aff1d9a5e94db6840c5b963a5cef90,esporte_lazer,59,1732,5,1500,40,20,20
a12c9204f6f9e90ad1d8ba5571fbfed2,informatica_acessorios,31,614,2,600,19,13,20
85b2e22dc10456c8ce7b81f78ba8624b,cama_mesa_banho,52,289,1,2700,35,9,34
bdcb8b4ebca66cd01b512c0044f8258f,informatica_acessorios,46,1002,2,150,17,4,13
8ebb3f77fca7f2ec3283f8850ac55a15,esporte_lazer,54,1040,1,750,46,8,26
bca99cf9bf7b0bd7f56c29a6e297f757,perfumaria,24,89,1,80,16,20,17
927225847efa8853ebf52c9b5b9b8cc6,bebes,41,1050,2,850,29,6,20
a5620dbc470a8e3ec837aaf1bbd48eb8,fashion_calcados,48,375,6,200,29,7,16
d3e1006ba3735c0d44160026b6e0ced3,automotivo,53,2805,3,1850,19,16,17
0a108ad81c4e2a790649c3f8070f1213,cama_mesa_banho,51,532,1,300,16,10,16
4c9c5d9cbd2475b109784b48a70a5c70,relogios_presentes,56,572,1,350,18,14,18
462646c1c1495199e63684d79e6e0d1b,papelaria,63,920,6,50,16,4,11
b6acad95bb80b9f438b3496bfdfd8257,telefonia,44,1440,4,150,18,6,11
dd8ca29b3cd0a856ebeef8ff057c1659,automotivo,53,352,1,200,16,15,15
aad225c687cc75ba1148d41f2ce414c2,informatica_acessorios,43,390,1,1300,46,7,12
71a5f1c2a5fd9889ef26b5ac22aec9c6,moveis_decoracao,60,500,3,100,16,3,11
b64f2210138a8d97888314420d066b5e,utilidades_domesticas,59,981,7,1800,30,6,40
5f24a2c5fe04fac8072d899fffa77540,utilidades_domesticas,49,678,1,934,28,27,17
7088744b00831b410bd17716cb578f39,informatica_acessorios,51,311,1,1013,30,15,16
dfec64aac9b864b2807a7be33222b75f,cama_mesa_banho,58,252,4,850,38,7,28
a0b7d5a992ccda646f2d34e418fff5a0,moveis_decoracao,45,67,2,12300,40,40,40
