order_id,payment_sequential,payment_type,payment_installments,payment_value
243312dbb316253ab77bb0140d94803c,1,credit_card,10,285.79
76b8568803f110a59ece4167463a4a7e,1,debit_card,1,76.39
92f4f749aa508d58dee50d9ccdb6c9dd,1,credit_card,3,62.31
141d3bf5aa7128f40bf2a60cef620b93,1,credit_card,3,159.03
f75517cfb973c21eab8559a870263794,1,credit_card,10,231.27
56430e0b9968b381942760e433583b27,1,debit_card,1,33.1
8ef3801f58da6b652a3082e1fa5b6589,1,credit_card,2,129.15
66c8dae0eb958ee945dc71efd0a99659,1,credit_card,1,49.09
5662e7f8bbc6abe55e104ac06994a731,1,credit_card,3,57.69
03da04c1427d7b8bff38d76efca1029d,1,boleto,1,216.74
8e084e8efad16f27d7f26e71af985ce2,1,credit_card,8,181.4
b18478bbf9b2283e3d12452f69fd9ce2,2,credit_card,1,79.92
d00e79f339bb76a1b6dbcc8cb41934e7,1,credit_card,10,113.44
d181dfce5d8355bc51c2370c6910d4bc,1,credit_card,10,497.62
06b2c7035561ef12b16045ef4bf459e2,1,credit_card,6,68.02
09fd9b0402ed675bbd1ee1e81171ac7c,2,voucher,1,43.98
97bcc96998b24fe6ee7cec4ae04001df,1,credit_card,1,45.09
5fe9874b96028c851e35c1c28aede4c2,1,credit_card,3,167.77
38b80ac02e3ce34b306483fc57a33bc5,1,boleto,1,35.86
c7e1e46af92704b1c2e1924de96e7479,1,credit_card,2,132.64
c6c17394464f987209982d3f1423f068,1,credit_card,10,139.8
099b01b8cc6b861aa593247b2f7e0b7b,1,credit_card,8,169.0
43070b94b6d741a764e8e1ba4a2ea91d,1,credit_card,10,1310.95
087c44ddc65697d4a3a2af9234c5a22b,1,credit_card,1,66.25
778d960ed98fe278fca42ee20d002b1f,1,boleto,1,64.03
0c31953b008c5e98882d436f4298cde0,1,credit_card,4,108.3
578daeebdebcc19bd2dcba1f6b06b3ce,1,credit_card,10,108.3
7b4cc813e327ec14c78f547a763f46b8,1,credit_card,3,399.35
cbf962ea0d3753eb77e28f576f636f71,1,credit_card,4,268.88
70c50ba283cdd637ec95a4c0b0821a7b,1,credit_card,5,92.57
a8011c5b1b6536063a53c05cabf56bb0,1,credit_card,1,31.77
8fad1f3654133d30218cd4b6fae827ee,1,credit_card,2,73.34
ece3ab91bd67ba73563dd0468fc3bde2,1,credit_card,2,244.27
02a98752595ee9d94c570ad3e18055b4,1,credit_card,2,80.4
a9c74f167b0d8af61d6487fc21934f7e,1,boleto,1,246.23
cd3e9759dc483946db2133168746fddf,1,credit_card,2,185.57
20cae0a28869a4321d8fe372731f80e0,1,credit_card,1,85.8
b0200f320613faea21c999a90efa28ab,1,credit_card,1,69.93
02dbd29bc7a490d582762fae9f0fd997,1,credit_card,1,19.95
0814daa4d12a646aeb73c429d5852f4d,2,voucher,1,47.05
0f2f7e210f5079ed1f797cb4aed6dfbc,1,credit_card,1,212.52
e19a8635d806af6ae2d20b3de998b0c8,1,credit_card,1,120.08
ea9a48e8b350731ae78378381394a086,1,credit_card,6,271.24
b948b354fbf88e12e43fc0877623eef9,1,debit_card,1,244.22
e6bcb00ca5426e9d00b50f8eeee367c7,1,credit_card,4,114.44
4a7bd485a7782360556161a38c725e5b,1,boleto,1,50.13
51c064ec2d79d398b30db3f8e1de8ec8,1,boleto,1,38.63
a739570c1cd11112aa1fc229a15155ac,1,credit_card,10,204.24
2259c28617dcf9c2ed34e78bb3dfb562,1,credit_card,5,71.35
f939e2a89376e44158657a15465cacce,1,boleto,1,308.61
6b0e4ed8dcbabec5410a8b28f0405cd6,1,boleto,1,180.85
fe8568b0167c1e87d6f1dab1033c9278,1,credit_card,3,179.36
e504f586e9ffc862cad95482af740af4,1,credit_card,3,89.25
2bc1eac46ee8d6fad3f7369668f1bdf0,1,boleto,1,100.7
c41d48eaf09ea5de1864866821efe3c1,1,credit_card,3,202.17
f8046b5049a674585e048bb954e3b494,1,credit_card,3,316.4
a4de95599a7ceea15c118d8a59c8d574,1,boleto,1,64.01
b18478bbf9b2283e3d12452f69fd9ce2,1,credit_card,1,84.0
bb787d6e68f079fbf94e8df39219086d,1,credit_card,3,38.03
2d3c3cbfc3286b15ef13547f94567459,1,credit_card,9,97.2
672e1607b26c5a9e1ec3e1e537af3257,1,credit_card,6,347.05
de5569837d26b78e94dbcf0d72e29ba2,1,boleto,1,94.96
e7d3f9457c859cd5b63a25a4c2afb2e0,1,credit_card,4,50.09
859a1faf872d345b39b31e3c9e044325,1,credit_card,3,79.56
12aab7cb25bc6ae86c66cb3e7dc35a76,1,credit_card,10,546.65
3fe67b23f3a9532482fd5c6dda351895,1,credit_card,3,42.75
8730eb6033096bc99877b2f10d4de04a,1,credit_card,3,94.4
9570e7230d3d4ecaacbc7843e6646b33,1,credit_card,3,72.66
673414c4a1bf9b72b8b6ff0d9decdfc6,1,credit_card,1,148.22
a5db57e596494a2570d250dea03da4ce,1,credit_card,1,36.69
1d911134e95ec6f299e80fe19b5b88c5,1,credit_card,3,50.24
17421d31a07ce8e9c61fe6b1adecfdaf,1,credit_card,2,357.13
e5a8f99e473fa6880bc2672805460e4c,1,debit_card,1,38.5
bb102364b6a29f9f8683f21e5825595a,1,credit_card,1,20.08
654236657c61378a35416f08170ff0ad,1,credit_card,1,81.68
5e2150868494c26407f39ac03c5de246,1,credit_card,1,49.72
8f2b0c41d21837f8c6d4682867c66ffb,1,boleto,1,74.63
67b50899f52995848c427e361e10dde3,1,credit_card,3,108.43
6f8ef1903034bc19ff5a5c51dbcec604,1,credit_card,1,103.2
b4c45d4cc2a2e24e10d4e20bae928819,1,boleto,1,27.75
9eaec2635ebf99416ead21c62ef53f67,1,credit_card,3,65.0
3c31676dda1c2731a56d31f4157f72b4,1,credit_card,2,141.15
3431dbb0c64629bd76dc81b736c46e4d,1,credit_card,2,394.09
cecccaa359491439461332bbb0dad3d5,1,credit_card,2,206.84
fb66173878dcc988e4e3e1151901b298,1,credit_card,1,127.92
e0ff8fbdba29b1192269bb50ef72245e,1,credit_card,4,226.05
f48a1909651bdf6645b2cc6fa8e8ea1d,1,credit_card,2,168.65
3acbf8d525d03b71546282c532a3dc6b,1,credit_card,3,178.1
9822680d395506e5602b3c1ea555aa61,1,credit_card,1,49.37
7e4d4a50dc999bcf59d2e055db0f4b37,1,credit_card,7,79.56
a201a3d5774c7b81c6a50dad1be5f488,1,credit_card,1,94.12
5b71dc5aa10d933a7c579eadd1da1894,1,debit_card,1,43.28
17229fc3b255deaf774bd892c1673951,1,boleto,1,97.85
c5d3fae065a8090bae39f4f34b14cd06,1,credit_card,1,8.53
80000ae9d118d79953522e35cce34f13,1,credit_card,2,121.72
825c221a4e981f278e9c5ec6ead83a3f,1,credit_card,4,87.44
ec34ce0f06a9a35ebf0f0496d595bc84,1,credit_card,1,126.68
2b9319f90cac6853394132c982ff27bf,1,boleto,1,172.81
3b9de7cf25713aac3ab7e5cc48d83983,1,credit_card,3,135.05
43c20095b0f5f569fe0d24426cf8a7d2,1,credit_card,3,30.69
41d7166cd7b904ab5eb52a1fb6783e5f,1,credit_card,1,447.91
b3424a1c4c3af064d3472b285180bed0,1,credit_card,1,116.94
fb04716648402d4fd6f8158e51779fa8,1,credit_card,3,272.61
2074522aabccf07984a2e77f7219ece5,1,credit_card,10,669.4
baaaa6a46bf8f53d113193a6a23efbd4,1,credit_card,2,185.94
18d0a01d343f9a3789e7ae38fc92f907,1,boleto,1,52.84
32733fc014b67ef70fa6039dd8c6ba82,1,boleto,1,256.05
bef03713fe5980450be9ff427e26b699,1,credit_card,2,58.08
fd22bd0610424ec9e62c1d98288b51e9,1,credit_card,4,45.86
28f079a1f1568fda3a17841d6fe48390,1,credit_card,3,66.54
3be070ae2edd92621c933c5341674b4e,1,credit_card,10,191.07
5e8c4235c5941812c1831d835ae020fd,1,credit_card,1,148.69
76ae7f8d0104f4808d4a93f4b81661d7,1,credit_card,2,59.85
e68a0761535bd432bb847f4ae7b7b4c0,1,boleto,1,145.66
479715da59efdc67c1722f985a94d18c,1,voucher,1,42.0
6d885151b431516792fbfc7d393c90cd,1,credit_card,2,163.7
9ac3e0dd6aeb10079e605b2e0f1cd7de,1,credit_card,10,576.88
3772bd82db6b988f9a7008bdb3a4b729,1,credit_card,4,116.94
088858a852d62de0c175c9cc4bc0ddb6,1,credit_card,2,111.76
290673dd0e92d677725fdb80ce26d46f,1,credit_card,1,55.01
99f10393ec3328b3b416a154afd5d714,1,credit_card,5,155.14
ab8d7e03c02e35b89d4eee1dd9ab65ca,1,credit_card,1,31.38
b167109334768a2c342b85139a6437d6,1,credit_card,1,289.55
3f80947ce4ab2d28cede3db5c92e44d7,1,credit_card,2,119.12
470ceef9068e1385a280703397af31e8,1,boleto,1,118.25
4f0a2c058df62bfe77f0e0e1e1ca66eb,1,credit_card,1,137.55
5fd0b812a7ad786c02970c4223ef1dff,1,credit_card,6,648.82
6cc8ee95fa041110dc49df7e0a2e85b1,1,credit_card,3,62.38
faa01b7a24d0ba51d0d0ec652cd9b745,1,boleto,1,69.13
46c99067d2014deb825b963f5acc76da,1,boleto,1,213.79
8f7075f9808a783f9794cf5f7e1860d5,1,credit_card,1,125.2
e9977cc6d0f97447ef0f4fcc2e082fc8,1,credit_card,1,85.15
09fd9b0402ed675bbd1ee1e81171ac7c,1,credit_card,4,166.38
71564d5e5450bf310e411bc3087b2903,1,boleto,1,71.49
0c7f78afde3e635c59eef76c3f1a5ea5,1,credit_card,1,53.58
74748a8ba7d523ab46fe3354996609f6,1,boleto,1,257.02
e317f41180b8a6fa3ce86b6fba6ac3fa,1,boleto,1,158.27
60243a953c19e3606e7757264ea2ad3e,1,credit_card,5,102.03
d24cf30658f279bb1e8677169e43e44a,1,credit_card,1,75.43
b8d5cd6eb84d7b61c5c77ac4cb0b90b4,5,voucher,1,8.72
31c2a4ddeb6a9db03922009a2dfcb254,1,credit_card,3,59.1
9c77966338b7a4afae520a5723c937a3,2,voucher,1,66.27
8e9358bf838db65d965ffe0913252ac8,1,credit_card,8,218.96
a6ea59851ffee8cb73761179fc7bcb6c,2,voucher,1,89.25
5953d2dd57f0e259f8b8489c37556e00,1,credit_card,4,128.05
f05ef3ecdb7796d93e204c0a7ab76759,1,credit_card,8,264.59
ceca30e6de65f20adb181e92932941a3,1,credit_card,1,141.73
cdb67b9f52b1b7cd79169a5aae48d7c2,1,credit_card,2,98.71
b3e2b81932a8bc32dfffd128937c3c5e,1,credit_card,10,220.04
b89601b4491425014432a96e02034092,1,boleto,1,36.75
14e3b02a42f36ad7bdcdc8a0df427be3,1,credit_card,1,72.25
bcaa7f7240deb32b0410ee6cc085d9b4,1,credit_card,2,136.16
907057c26859398070400de963028855,1,credit_card,1,270.45
378035ea5017f82d47a885f52fff9be1,1,boleto,1,33.42
5c4ddbfa718a93f4b6b964b9e19472df,1,credit_card,10,181.55
ca8371fd938708a12fe7ddb1d5d7d14f,1,credit_card,2,104.56
f69ae31bce06a78d626762b53067c7e0,1,credit_card,3,173.77
6c27984bddb654e222cd1b9a238d2e74,1,boleto,1,55.22
1f559479dd8bfb2e398b0372cad1c2a2,1,boleto,1,66.31
78a040518000bd952718c7c856d1d3fc,1,credit_card,1,79.09
9dabd200c58f609f380ecd1e44898086,1,credit_card,2,260.97
b5d3a4b81af25c152a2b6938ed054942,1,credit_card,3,439.05
40ebc9d21ae5f5d7dfd398f87e63f455,1,credit_card,3,114.78
b8d5cd6eb84d7b61c5c77ac4cb0b90b4,4,voucher,1,20.0
c8d07bf0161cd0a2aacc163c238f397e,1,credit_card,6,235.19
ad7e012867d486bee881d0a10df0399c,1,credit_card,3,175.4
249ec92a8757d3abe81210827a19f08f,1,credit_card,1,97.79
4ed4a6e12e74982dd78c78df1ed3f372,1,credit_card,10,151.7
af8f5400111370accfbc1ba9820c5d20,1,boleto,1,60.19
c1bb3ffb1aeb6afbe42101499bd15708,1,boleto,1,131.44
8a2d731a57d62d23bbf9556f80343140,1,boleto,1,113.62
73c0786753e32171d5d1bba1e682b4ba,1,boleto,1,31.69
88821a1158691d3d5f4e35004aeb2aee,2,voucher,1,49.73
19230cac8f45f89fc992b4048422b72e,1,credit_card,1,90.27
ac5d693f43004c406ffca277f9d3e63c,1,credit_card,1,32.72
8d3c15519d40227c3bcca13bb5bbf6d2,1,credit_card,1,178.64
3ab7017ae596ec8fae78b7232580a0a8,1,credit_card,3,37.28
e06ff711ddcab05c3651a9b1bb003950,1,credit_card,12,138.28
bf5a44a0843a026ecf32a63d882550f5,1,credit_card,2,178.18
b431ef5386c1579fc784586883d7ac91,1,credit_card,1,46.0
d43d694cf81ca89d8e50c6f3c199f0de,1,credit_card,1,3.58
9d27094c5a72cbf877d632e2d03356e4,1,credit_card,2,181.7
972976cb62fb977bfbc253219799e486,1,credit_card,1,39.75
02dbd29bc7a490d582762fae9f0fd997,2,voucher,1,49.5
037e725440b59939735ae0aff888a015,1,credit_card,1,130.15
ce8502b200546c12a54e51a65f313f34,1,credit_card,4,45.55
abd7d619de0d42df3a64707190c05bb6,1,credit_card,8,403.8
121c96617b2e0acee04016a0f37c1c7b,1,credit_card,2,55.0
517edfde8ef25f2a7f7da80e82c77c27,1,credit_card,4,274.56
26543fb8b34f4547bcbbd431f998ee76,1,credit_card,3,103.55
042649285cd08ef7c546445419b43407,2,voucher,1,50.0
4f209a7c48b44a32ff3196ddbfb4d67e,1,credit_card,3,156.94
63a7cdcbeb840292008964a3654b9745,1,credit_card,2,27.78
bd34db34f886a82d2f7e9214b6fd01e0,1,credit_card,2,176.9
e45620eb46de3b95c078fb17e75db83e,1,credit_card,1,163.98
22a1a580ac153c5e2f469d27ad6a4e3d,1,credit_card,5,108.67
c056578fe94b80e3f1e732d013df9374,1,credit_card,3,37.09
ca786c07fdbcd2a6beb42eab64c23a3e,1,credit_card,1,12.99
ae5d768eedbb1d0d2d3cf01e6b844739,1,credit_card,7,154.1
dccf99a9f12d7217cd20878c985d55ac,1,boleto,1,105.28
558731462aceb9588378c7c19194d2db,1,credit_card,3,1089.96
d8e63c9990a74e7e6a7f16ad81251a3c,1,credit_card,7,75.6
448c60334e2a53a5c678e4bd6b1e77a7,1,credit_card,5,68.0
4ec3265e1601e14b39e11dee2e1d5fc2,1,credit_card,1,93.64
2e233dded5d8af5e2baa5c1fca89a6c6,1,credit_card,1,175.77
706296e2ab240216ffef853d1095d04f,1,credit_card,8,1237.81
a1cadef58ea9a00d7e27089a29644883,1,boleto,1,38.28
aeb5c78d2d8968b2a53ac5d6a554cdb4,1,credit_card,1,59.34
de09bc4ff6a9de96b6895cd565f80e69,1,boleto,1,716.65
57db58fa887c4205f3bf01211de5cceb,1,credit_card,2,41.16
1227f9af3b2ddb0b95060aab8e5b3dc7,1,credit_card,4,47.05
8b50d4c9560cac1625c6fd9f536fc780,1,credit_card,8,1730.87
2982a4a9b9ff0bf9a4f5b88a45a6fa67,1,credit_card,6,163.52
5b0ee19a3125fc083348baa76d816ed0,1,credit_card,1,90.98
6c4b00d2f2c7cbac0902dd6367da9f97,1,credit_card,4,88.55
d7a1546121d90a9aaae7a851291d2ac6,1,credit_card,1,96.81
55a54184af6cdb5cbd95d124883c2dbb,1,credit_card,6,117.57
21c03a286e71d3afc682942e4c8eb2bf,1,credit_card,10,143.01
f33aa647f08ec9623c76b6212be92333,1,boleto,1,100.34
edd3d7495d5177045823010a1f6ac22a,1,credit_card,3,96.55
e8fba7de8823194ccf9c1f2d52123bee,1,boleto,1,77.11
8866ae65c875985acc6fd5772fa8e4a9,1,boleto,1,68.23
6368c8705f72b986b9fd5275b759e5e3,1,credit_card,8,80.21
0c50644a967084c645a3bfdf0cc47545,1,credit_card,2,27.73
32f7f9fd01c6b5592202b48442caa441,1,credit_card,4,40.0
f97b2bdfbaca9c2f04722d8cbc8cc8a5,1,credit_card,3,245.6
37d24e9a88068283d102aebd4f765133,1,credit_card,5,107.27
2d2fa725a6a15bb11defd40be0a0f79e,1,credit_card,3,92.9
37c8cbbb816470ceb8a3026653cf3d3c,1,boleto,1,69.52
845af102c87e1c1bbcb900956ca08e90,1,credit_card,6,68.02
3deae78fe543fe7c561f18a237ad309e,1,credit_card,1,79.33
f644bc7cdc4cf0854f50017d5ccfff50,1,credit_card,1,142.7
82b1c20e33da405ba22cded4ff91d160,1,credit_card,1,32.77
407fe646704ea7828e324c8ef7e7e616,1,boleto,1,445.19
2e58b7c9ceac16033e568d728d30d620,1,boleto,1,68.35
08f5487befe25744feabb3203a4dc09b,1,boleto,1,48.69
a95f8f8384a13be626e06154468a9200,1,credit_card,2,45.0
73a12daa7a024fd6a3895ffcb1fc99cb,1,credit_card,1,0.27
b2e5be9642d390480c19fbc80e533de6,1,credit_card,1,68.23
29985fe387407ff7f6904b294fb89028,1,boleto,1,63.52
318160e821f4c754080f46f95afc1ded,1,boleto,1,56.92
55bde651a2c412e983a9ace2f3e05c5d,1,credit_card,1,56.1
4cdf8813fc5f4c3d74041453f606868c,1,credit_card,5,279.27
1dd524259037e53865e1fbee3697183b,1,credit_card,10,302.91
4b4d5464625e478996dffcd761c4b9a2,1,credit_card,8,235.04
57f7bb7d658b442616fce795fcc30146,1,boleto,1,95.59
07bebe0626c8053ad425381fe0882655,1,boleto,1,77.57
af6e44b9d409160a33f41a80537af9b2,1,boleto,1,138.17
39c438f2a835b25cd51bbd1bed5d089e,1,credit_card,10,344.61
43ada20efaad1c2c55197dd39050267f,1,boleto,1,115.44
c410904a63a021b7cc16816947ea4769,1,credit_card,8,491.98
4c074254980764fecff977c97ce88c4d,1,credit_card,1,41.84
cd49c5c6f772ac87200f116a7a5499e5,1,boleto,1,116.43
4148591d51d8741aef65abefd186887b,1,credit_card,1,64.03
a8ddfd6f6316a1c31da18f179981ecc6,1,credit_card,2,20.39
dfb95a7031f9abf6495bc955837c3125,1,credit_card,1,84.2
c0452c14e00c9d8c3f5f30c189382329,1,credit_card,1,4.12
92b6250c9e1d1e359a29929fa9f62395,1,credit_card,2,186.46
ed78b29fa4c1255d275df5d4e464503b,1,credit_card,2,157.88
e7af9428d8b5d65f0fd7d3eb98595308,1,boleto,1,171.29
747472f67c6d285c60bd732fc28beaf9,1,credit_card,6,435.6
0c5c8063a673f3c44b6499053e534ccb,1,credit_card,1,138.6
f51cb113ad5e21bc6d8082bc824fb25e,1,credit_card,1,194.01
49feda914c01f29c2cfdf7708278752e,1,credit_card,10,580.9
4d23a772e8fc588881020cd749f76c8f,1,boleto,1,31.0
491d0f75b13fe6ae121d0deb9a410a51,1,boleto,1,138.19
061eb3fa9ee22a8dc3c90060e5a637c9,1,credit_card,1,65.13
fe550a071fd93fdf2ad73e26e878ea3d,1,boleto,1,103.55
241c2b89490a7f6f12808716cd51c45c,1,boleto,1,288.33
dc12fa02210be1acbcc15ed310547ba0,1,credit_card,1,1.09
07440dff5293ea24c5fac25a473c2eef,1,credit_card,1,126.03
f40d3749a6d621bb95be74a8ce79e06f,1,credit_card,8,1347.96
52a547866cd2082c600fb72eced19331,1,credit_card,7,78.18
70b9629a764d2247cf5995014b7204d2,2,voucher,1,100.0
4642b5eb7edc14a4a0dd2c2eb7b68e14,1,credit_card,5,70.72
99dde9a4d6ee5c602380551b002ddad7,1,credit_card,1,105.99
00b47ee856118583dbec7d1f9b18d847,1,credit_card,2,28.88
bbc3a95177ff0c8a012e117f4dcb06c8,1,boleto,1,179.84
5fe46d14177744ae2180101ce19bb414,1,credit_card,2,41.18
c10f283ced7431fdfdcc159b12344b11,1,credit_card,2,144.14
1388a23b57206bf7673819fd3a30d4de,1,credit_card,1,89.96
936979ce0687947765e88fe5fe1b741e,1,boleto,1,135.84
cd24256f456d55df11e3049017c86d05,1,credit_card,7,158.26
56b6c0c35525102d39f7314a90f95977,1,credit_card,4,67.12
5fa4923e35eb4c0d471dc44378b1215c,1,boleto,1,111.8
53893bc57fd2d4ff7dc5e76ad4773540,1,credit_card,2,44.0
710bc497ddb33d94263a302f17416924,1,boleto,1,33.79
4233067932385b2d8b301e18e1b75958,1,credit_card,3,87.38
309de5faf9baa8961fd068f3f4e44dcd,1,credit_card,4,44.09
1166ac5af4262300b61e079c496223c6,1,credit_card,3,164.12
0a9d793da20eb89ec326c840c46d7a9b,1,credit_card,1,37.77
aef19c7ffbe816963b54aa3bd8777f1b,1,credit_card,10,1063.75
fd86c80924b4be8fb7f58c4ecc680dae,3,voucher,1,44.87
3db52c1df4d52ab19d7e7365d647f6fc,1,credit_card,8,205.31
47e8f8fc6c6d0bdeb784394a599459a3,1,credit_card,1,53.0
8d47ca771c5f1f48f545ecf4a7c85f82,1,credit_card,4,40.0
b17838c714aef16bc099010feb2261ba,1,credit_card,8,340.47
1674cd4deb921f97a794a8401ce9017b,1,credit_card,3,228.78
2939b6d48c2488e276205bc547c56aac,1,boleto,1,195.36
689338a5ff7fc20c596ee2695dfac8c3,1,credit_card,6,63.27
c46eb22210707fb554e033849d39b24c,1,boleto,1,141.81
ad9259e8a14df6ee75201925f28d4a8f,1,boleto,1,86.02
3b1c5a036e0412d8c9dda3d6df67782a,1,credit_card,10,204.08
b5b411510c27795418ac5808a30054e0,1,credit_card,6,186.62
7c97900442dd98ddd06bab55a03c8564,1,boleto,1,109.98
4f183da167de562d253b5bb596f17516,1,credit_card,1,280.12
882c447d8edd3d32db6a03ff2fc74f8f,1,credit_card,4,48.22
bc877ab9e18f1ce0fda75eab87a0ca8a,1,boleto,1,93.48
b86c4834a1f80bb5f808842b4624a2cc,1,credit_card,1,134.28
e5882de2409ffb5a26782367e95b91ba,1,credit_card,10,1384.73
2beb7e011571a837462a006a779881e8,1,credit_card,3,78.18
7af48c3262020f1e61fed763bbe80920,1,credit_card,4,392.02
2475c5c954f98701b93b7ceb0f5bb669,1,boleto,1,76.08
f5a1d7fb9cd502618f942b1295676f1b,1,credit_card,6,90.88
91ad6a8d591e94d9e1ca998185243e2d,1,credit_card,6,144.86
5001ef7f5cc08023f39a4f6b7c09b5f5,1,credit_card,2,95.01
66de0095e3cd190938887b524433e56e,1,credit_card,1,92.5
c02e19b57ca332a2dd2e61ff8b2f07ca,1,boleto,1,100.48
45881387721786e660460cd8bfcb2010,1,credit_card,3,127.31
33cd2b3de2ec32a78518fd9a66c98641,1,credit_card,1,27.68
65b7f928b236039112ed2441d2237a11,1,credit_card,3,105.38
51bba23b6fd5b430636450f273aadd8a,1,credit_card,3,160.12
4d34da0824213ee7962a5c5ed32b3f51,1,credit_card,3,36.78
06aa0aa8c22027ebb953d501c4238512,1,credit_card,2,78.78
5468ed226abcf74527e93b11988e4a3e,1,credit_card,6,253.34
52628d72feaca84428e9d902d3985605,1,credit_card,3,96.67
e06ff711ddcab05c3651a9b1bb003950,2,voucher,1,46.04
37f6cceb272b1ae10ed4bd8cc0d4a98a,1,credit_card,1,65.48
7f922477f06db4ab69f6f173f439088e,1,credit_card,1,43.28
e1cbc1e8c3204aaecc891d1392f7b4d7,1,credit_card,5,416.54
6c90fc612a10cf8c7c74570e1db07aa0,1,credit_card,10,542.66
d2816e182d8750e410a4288b16a9ecd6,1,credit_card,6,194.3
a1e393fb70c2916de4f93974682521a0,1,credit_card,7,72.07
42769a5163a34297f4458dbccf206b36,1,credit_card,8,125.53
e849e2829de302019ae8bd9924055171,1,boleto,1,606.46
cca0fdbe32d86d386a95c02433412640,1,credit_card,1,171.97
e0043b9e113bdc5f84b14893d62e00ac,1,boleto,1,171.32
9553913bb01853f78a265724d13eda3a,1,credit_card,3,188.38
736e1922ae60d0d6a89247b851902527,1,boleto,1,7274.88
ff40f38705c95a8eceea1a0db29bff66,1,credit_card,1,209.97
6106af2a0590979c9d7c7918f6eae6ae,1,credit_card,2,70.03
00275bce676303c3bfd7292aefdfa223,1,boleto,1,293.36
0739104e30e20de6c0956c0889a9b9dc,1,credit_card,8,394.31
afa2c425be2efd14c19b4a0aa62f9b59,1,credit_card,4,248.76
40f486f48285528ce9da6577b086c451,1,voucher,1,72.66
a820e4b8830258a148d161ba6d8bf419,1,credit_card,2,42.11
30fe274ae9909568c501af6539d4306f,1,credit_card,1,23.19
3218aff04047889f8c6eaafbbcb4ea4e,1,credit_card,3,37.0
e59dbfb7d81fd513f1ffa941fe849c57,1,credit_card,1,117.97
e750c043ac98c8eb957cb52789f126b0,1,credit_card,4,144.0
e4406088398131aed8c21c5a4ec3442b,1,credit_card,4,109.55
e5454c2facaa42d8fcf1a1c5ab585666,1,boleto,1,116.25
616fa7d4871b87832197b2a137a115d2,1,voucher,1,80.38
c0e1586eda89047d683b2bc7d902037c,1,credit_card,7,89.56
737a2768fd261ef8391251a0ccbf150a,1,credit_card,7,75.79
094dbecbb0ab054a620f21c04e82df03,1,credit_card,4,41.71
f0cb299a9702d7db4e501895d61d2baf,1,credit_card,3,122.89
6813f213a0d422a84a0e231bffc5fda8,1,credit_card,5,51.1
4fb59cc4950521f470473ef761b30d7e,1,credit_card,4,208.48
4e376d36ceeae3f2cbf66cb0ca84c799,1,credit_card,8,173.59
574a92fb05e01159e32c2a4cba131e3e,2,voucher,1,16.04
b8d5cd6eb84d7b61c5c77ac4cb0b90b4,1,voucher,1,20.0
2608e8f1fa4c7e37526b68e2fd2e6d10,1,credit_card,1,85.62
1fbebbbba3149f89e410951ca531cae2,1,boleto,1,237.99
afc164a698c08de061cc7173650121fa,1,credit_card,1,77.57
52ef81c49a349b1162a7bd4a8c2034e4,1,credit_card,1,59.96
8bca89b4311c48e6e6a22acd5cebd242,1,credit_card,1,92.84
d244f2083d5bb47133c5b240a8f6013d,1,credit_card,1,87.03
bc3551dbac6e56b70347f161a1c0e434,1,credit_card,2,173.49
fc52f0b6b2799aab381d22c1500ec63e,1,credit_card,3,106.76
5cc6d864fa9e1a90eaf5207737549ffc,1,credit_card,1,396.24
056a1317ffaefaa2dff2d9ecb54fc7bc,1,credit_card,1,68.34
72c81a6a9dcf354f87393c361caa13ce,1,credit_card,2,166.35
e631d7417c16066c831e8f2599673235,1,credit_card,1,121.97
faa72e2db68f17d71fa5c725cafc53ad,1,credit_card,1,126.2
3e50ccb3e4c2558e4235db553f8dc2b1,1,credit_card,5,111.6
a45087c16cf11897252052baabb332c0,1,credit_card,3,166.71
ce361366b38e58d923fe2e3cc60521f9,1,credit_card,5,162.77
b9301fa4912e6d5f755e12b4986c5f84,1,credit_card,2,128.88
d9e85a628a68f162d46b273ae52d0119,1,boleto,1,94.21
fb260abf14e47c95a0b19acb1ab3ed43,3,voucher,1,14.06
6dc5773abc829c019c8912d3993bc2c9,1,credit_card,10,165.71
be6619cf0f41dbf6491aafc3b5a0d638,1,boleto,1,192.64
32f0db75abd9599736ef815f021c684f,1,boleto,1,504.51
12d8f84b2205c7654fdf6768718d243d,1,credit_card,1,74.67
8fe3b44d3161e377a52ba346b2b0ec08,1,credit_card,1,53.48
546c8958ff67b28473cf140ec32a5a91,1,credit_card,10,102.56
5cf925b116421afa85ee25e99b4c34fb,1,boleto,1,106.81
338be6220254203898339bb8b6021138,1,boleto,1,124.02
3785ffb02b0b201a23df7daf357c271d,1,credit_card,1,54.93
853927b32b0ebc007ece729a314338cd,1,credit_card,3,214.05
784a38e6df598963bf1d5e1b633eca5c,1,credit_card,1,71.64
5b7aed674843fc9b20d1c4cef543a761,1,boleto,1,59.22
544bad401327a8f0de6786c7ccd73c8b,1,credit_card,3,263.13
5d31808356c1ecbf7eeadc61144a098c,1,boleto,1,228.67
b9d1db9d3e9608b2d37f962aaef45e03,2,voucher,1,26.2
e70405e60d48ff7771de55e6b39a09da,1,credit_card,1,128.26
454b6ccf9f8f2c12b3a00ee763e027b9,1,credit_card,1,60.42
ccb211459abb148401c4f7c596524cae,1,credit_card,4,266.75
2c353c9011928609140c2fe8c3f925a5,1,boleto,1,67.22
8a601ac58a66e7a37b56294b81c2b373,1,credit_card,10,227.47
9db0b5f3481614484592866ec7c902f3,1,boleto,1,183.93
71cefe5177d8b6b11dce9fa4060f01cc,1,boleto,1,58.82
687827c3a3bcdf03c6956d9bbe263ed5,1,credit_card,2,49.45
a5ee069718f4fc72e7a0567f4a45ba53,1,credit_card,2,107.46
989829039549b9b62b547646ee72c034,1,credit_card,1,55.24
e92900da13e75122f18f3694fd9e0230,1,boleto,1,305.97
b07abc8b9acaf00e79b4657419f469f3,1,credit_card,1,23.72
ce500b2ca0d960f937fb4d24282d3291,1,boleto,1,151.53
832c61671b530bdc7d56880581bc2146,1,credit_card,5,103.55
d33a24a5ea67f8f5a06b0a32e53f3acf,1,boleto,1,78.19
ac8b3ecc5daa5b2d54a81b3ba337bf6f,1,boleto,1,118.3
0bc16cf0c58995bbc893af2e151534d0,1,credit_card,10,436.49
b1600c1915c18f85050002d08b6274a3,1,credit_card,3,343.95
31be4a9a42c356eb746eee159757c1b5,1,credit_card,1,52.38
c6c96aae858cf470816e5080de363e47,1,credit_card,1,10.17
4f85d5b9b7d5cdc7e7f6ceb64aa47f5b,1,credit_card,4,148.04
d74cdf7dea16668a34d57964004f0e94,1,boleto,1,714.35
81161411335afb1d9c6dfd1b42a63eb3,1,credit_card,6,63.92
16bf4bebb63fe2842793fa1e3fbb83d9,1,boleto,1,27.68
42f364e1317053c36378cc534b19ab6e,1,credit_card,10,158.13
63ae84a9387b93ffa05dde71794f61f9,1,credit_card,1,105.69
383ba1470e3ace2021f232303b6d4097,1,credit_card,1,61.32
f55863be6758b60482c4bdfa3cd016ed,1,credit_card,1,126.04
ca7296a83aa279afb28c2388a4f48891,1,credit_card,3,102.96
a4521fa62b4f3bbe260aecf4dbc78935,2,credit_card,1,25.77
ae58081c0be4ca730f53473f8f5d5df7,1,credit_card,1,27.29
afd1ca4a245a9a04d0f8d5dc1ccb7ed3,1,credit_card,1,57.23
f2228e3e55ff956909ad7750f08516fd,1,credit_card,3,170.96
46bccbbbcccb1a8afec60c3bcbd287b7,1,boleto,1,68.63
2fcae632b06e40088d1800fc1cfc3e69,1,credit_card,1,28.28
b5eb3252f8e5ded7044d176ed49e2ecb,1,credit_card,10,468.69
cd323a618a599ad1cedaeb75d1d5b8fd,1,credit_card,6,155.63
7cbb15d12a1bb13fde596f305857b22e,1,credit_card,3,32.38
5a72aaf4a78a5e2b0ba132b0e9c21fb1,1,credit_card,3,39.1
1c4b283e95602be28c975207016558f1,1,boleto,1,37.83
fb469bc8a14b598d891a004c34546078,1,credit_card,1,32.38
540544251975ba4515aebe0ac8525067,1,credit_card,3,74.2
5f8772295e1adb4e4832c988d6b631b6,1,credit_card,10,199.89
c8035c255b0c345f46e7ed85cbaf1a79,1,credit_card,1,67.24
1b211e29b1a6d0431f4f9daff2f2e207,1,credit_card,10,256.91
95d9d2979d40161be87292ff88563cba,1,credit_card,3,64.58
53e4f7240aa13df65778901b7e368c5b,1,credit_card,4,134.08
b1526a2bd67c99a417bbd10df7904bb0,1,credit_card,2,106.85
fd86c80924b4be8fb7f58c4ecc680dae,2,voucher,1,44.87
22caa724849d26dec4cd73ffc70bc133,1,credit_card,1,83.55
fa1885a7cb632c832c660cc710bae77f,1,boleto,1,98.34
b58ad6013994eef55be5cdaf76a1a14d,1,credit_card,10,411.24
de76f809479b8391b6166b1448d83f3f,1,credit_card,10,202.82
89035fb6f9ed1693ad716ef81c18cdb2,1,credit_card,4,40.53
a3a0cfe6661449e2d725b5b1ff658d84,1,credit_card,2,92.12
f52b64a627a310405cfd65e2a23acb23,1,credit_card,3,126.04
ac17f36b9ec35c47dc44e96558d33dc7,1,boleto,1,745.69
5b74abebfd5bc1d137d7ade71c5cfd36,1,credit_card,1,58.79
8890828f16facb8b8a9c48194daccb85,1,credit_card,5,92.67
b4dc09cbd4cc735632779c738cda842b,1,credit_card,1,55.86
0d5fb8614978748bcfbef448c8a74a17,1,credit_card,4,201.96
078f6e79012194cd9eb77b10f6753d77,1,credit_card,5,171.16
fb260abf14e47c95a0b19acb1ab3ed43,2,voucher,1,20.0
bbc13e09a09a77b4f6ea6a981a399473,1,credit_card,8,183.6
5d9fde36e9b14f9c646577bb073b1486,1,boleto,1,108.22
a22775141b5e773fb0dec808e36bf9f4,1,boleto,1,37.03
8021c3dc6a034e6f153035028d421c94,1,credit_card,1,64.29
5df16667b4591b93ff7b1930d8b7da36,1,credit_card,1,153.22
7e09cc861487709e81e6c729d2635208,1,credit_card,1,90.6
989c69b80eadc79ccae5fe89c92a35ce,1,credit_card,1,22.66
2bfd14409ba8ba1153ce42b2abc44bb8,1,credit_card,5,167.81
4dbf5de576e0e8d18ad0932e1ed8e89d,1,credit_card,4,328.14
f11d659584813daadb19252b9659a670,1,credit_card,1,57.0
3335f13449d5b75804a0a49611cf11a4,1,credit_card,1,57.6
8b2a3c0228399148a783f5ed8c1ce83b,1,debit_card,1,42.09
569d43a54c364df5b367ab33e96eacf0,1,voucher,1,61.73
1e2b94b476c8738fbc5aed69524f2da4,1,credit_card,3,58.1
1aa78d3a94e9d8054d63fd230c076bf6,1,credit_card,5,310.9
edecb0568b1317aa28a800d5fed23758,1,boleto,1,28.5
63dd1232853b91debb2470c70da85dca,1,credit_card,3,117.94
d1d9e82abdaaa28b562b48d23f5e8203,1,boleto,1,522.74
27d6233886151ecc1ed368ce120ec5cf,1,credit_card,8,235.29
8fc946cd9c823c0d350def51cea2f603,1,credit_card,1,13.68
b76cebb0a09007c35a19e98b178acd63,1,boleto,1,94.4
22df89b611e2a03b4957043cf949e51f,1,credit_card,1,66.41
0bfd90889de46373db5089b3bb941135,1,credit_card,1,29.88
bca8bef56cc32e6f9374350f671f7229,1,credit_card,1,189.01
6f9f51617d16189c2f4cd4e84f92afce,1,credit_card,1,52.39
343ee80178e16012130cb0007eac5888,1,credit_card,2,322.2
a7b984cb7dba04216ef3408f9fdc724f,1,credit_card,1,158.17
eabcc26c288f8e0b366520f24014f8b0,1,credit_card,4,153.9
8691ef52aa97f8ba6d500780b5897e04,1,credit_card,5,163.89
8bfc859f734def7a579d24fe9b618da3,1,boleto,1,45.09
16d65d58409db5d0534f2fb1817696b0,1,credit_card,4,49.76
4f62d593acae92cea3c5662c76122478,1,credit_card,1,21.77
3d4bfa3de7e617f61d1ee3c87e95b204,1,credit_card,1,162.68
9c77966338b7a4afae520a5723c937a3,1,credit_card,1,9.81
5ad066b6e468fcd60b0d871bfa99112a,1,credit_card,5,119.84
d5a6117da9e539f1a08e0443644788ff,1,credit_card,1,48.3
d7ebe26f7b9c7600c40edd2b0edc7afc,1,boleto,1,50.14
e3ee317683c1cb4df51994ca63755d6d,1,credit_card,6,63.35
a67f04f0a3022835f86664a0070fe36e,1,credit_card,6,83.23
735349ca95c43f6af88a10437821de08,1,credit_card,1,367.11
499db357fa1bac9b96c44bd42dd17718,1,boleto,1,141.11
28037715728a348c84215e5db015de7e,1,credit_card,4,200.21
d8d8abd9a4aa1b36575678bdf5e9d23e,1,credit_card,10,331.8
77e4da3755c479aac3d6f7f2a5e94516,1,credit_card,1,114.42
2721cdbb603d7ab34553d2e44a6f9ae0,1,boleto,1,104.37
083ade26303c53b4aa1c779b67d44485,1,credit_card,3,76.31
7093b7177380b099eb92c2ab46c6f10e,1,credit_card,3,157.28
4e0091a0a84b39634a3ecc33bdc49d09,1,credit_card,10,358.04
a5dfe2f94a7c8cb55a435a6ed9fc2c12,1,boleto,1,76.05
08cd76ff1d27c6e6c522bbaead822fd7,1,credit_card,10,166.35
ad20d0dfe5b91c07df72dff0206aacd9,1,boleto,1,104.49
4ce042e8a6468ee3e7090d9687228184,1,boleto,1,26.77
59e965eb9a8f7f341a003466fbe14229,1,credit_card,1,71.82
43b29d0de4927fa24f56341687c9e06e,1,credit_card,10,306.98
a526fe23020ad8b0d2b1081b7f769452,1,voucher,1,349.49
c5ba516dae0f7c34ba8ad92dad570249,1,credit_card,1,66.57
f3edeb6abd99f61bd94454f9e7687b67,1,credit_card,5,283.18
d7ebfa9a59497087b6f2383f00689fcf,1,credit_card,1,64.1
b9d1db9d3e9608b2d37f962aaef45e03,3,voucher,1,73.11
8628cf35f313fe2e46a2168f21860031,1,credit_card,6,334.54
cca4026695c4b2f280bc099e58601c71,1,boleto,1,120.0
356108ac93685d12f65fe827e25bb138,1,boleto,1,251.29
9292a5004e4adeb999700abae47eb13b,1,credit_card,2,144.21
cdab66293e2e4ea2b956d8016c5ad97d,1,credit_card,1,132.06
0c91c4102d1858f4ced29970f55e54a0,1,credit_card,2,56.86
ebac8364f6f97c06df19ad674a12b359,1,credit_card,5,51.6
4e4d9ab79db69a4bd0d79833bfce91f3,1,boleto,1,56.4
f23863d36bbebad07e688d0010148a26,1,credit_card,6,125.52
a162da83b66ff8c619d83b87c1de93b9,1,credit_card,5,291.72
f65681ae52bf95372fcd66c697752f3d,1,boleto,1,19.86
c8426a2c3cc5c11e8aa0789c3238d4d9,1,credit_card,1,50.85
6c04516be61ae90e04756c3290c405b7,1,credit_card,3,113.62
b9d1db9d3e9608b2d37f962aaef45e03,1,credit_card,1,3.54
b28a856ec450375c2c61dfb94250fbb0,1,credit_card,8,102.78
8341e99159d0cde5b28d7915b011ce2e,1,boleto,1,235.7
73cc28d48ecf54949b91163a0f7d3351,1,boleto,1,52.62
829f7b42460d760ab4f2c03faf6534ee,1,credit_card,5,109.41
46c820acb13d40759d9cf3941fb7a47d,1,credit_card,1,77.57
88821a1158691d3d5f4e35004aeb2aee,1,credit_card,1,2.31
fd117d65267f58ad33d914a3cc317543,1,credit_card,10,115.66
e2c9f858f7f4d4291add68fd7fcf8090,1,credit_card,3,777.0
ca786c07fdbcd2a6beb42eab64c23a3e,2,voucher,1,5.37
73ab919f6023d8c8a68fb70d0b08a28b,1,credit_card,6,176.85
a260362d840e55aa9895f1012776a329,1,voucher,1,122.04
d5fbeedc85190ba88580d6f82d1d5ed3,1,credit_card,3,137.16
83b0d41b8098a854e66c33ac7d1e8dcf,1,credit_card,5,262.52
ed8a6e0832d4fbbd240110423cd1b707,1,boleto,1,66.64
f8b990617b1af31bd9e7a3d70f8dafc5,1,credit_card,6,443.77
ee0a25ec12376692fee5a7d0613f466e,1,credit_card,3,50.1
dc078338903735916fab84f036188dcc,1,credit_card,1,87.97
ca35a20423cabbc81c577f3ffe72169d,1,credit_card,16,160.12
943dc313319b98a46f1aa70d59b68715,1,credit_card,10,594.38
8b75cb6fd9531cacf7f2cb7dadf7467b,1,credit_card,1,155.73
e72ba1ec61415d0cfa8ddfce38a35887,1,credit_card,2,98.51
af85e6e8c9f67f653b51429df7839001,1,credit_card,4,364.91
0a472c47d928bf4cd8b6a7a30345eeb7,1,voucher,1,490.99
4d4c65feca16bc9de359cb5d4feef10d,1,voucher,1,144.96
24df3585323f6a191abb565d1706daf2,1,credit_card,4,202.82
6fec4ed02a4de8f4e7e064591aa2c5eb,1,boleto,1,77.57
431d5e312bed6ff804f464a5e0c63cf8,1,credit_card,8,718.89
b7a9713d1c8b02fbefa580bd0edc2756,1,credit_card,2,100.92
c69a753d027c44254d7964a47718c07e,1,credit_card,3,76.86
f7a282c5fe8addefb48793a1a8c2ea83,1,credit_card,10,298.48
343a5573915ce27b1a6200e1656b5049,1,credit_card,3,98.07
49bbb428c234dcf31c4d66d4e8e1c04c,1,credit_card,2,159.68
4647f189e31add16ebebc6f67a6b6dc1,1,credit_card,1,58.22
23fb5e6768dd0cf8df7aaa74d80f8ec6,1,credit_card,7,75.88
d43d694cf81ca89d8e50c6f3c199f0de,2,voucher,1,30.42
dcd9141cf681c0a831e8988b32156d3c,1,credit_card,5,91.99
5942bd3a8502a95cab0655d31eb2c6fc,1,credit_card,4,62.01
fb260abf14e47c95a0b19acb1ab3ed43,1,voucher,1,0.94
09a0d7c2cc6f652acd3537e7a91c7000,1,credit_card,1,81.61
84d1f58195cae334b50f9088b38b3495,1,credit_card,1,58.46
39a70e9e9b729b11dee34ac12478597f,1,credit_card,6,128.9
9418ab9676b7f5d9539c74b557c59284,1,credit_card,1,219.28
b2ac7b0754b724547abf07a172a45bf4,1,credit_card,6,92.76
f822dff2daea3e02fd418699a1068326,1,credit_card,3,31.51
166a835dcb0ffdb5d917db2a93358502,1,credit_card,4,141.14
73287734c7b95e805d54a35d062627f2,1,boleto,1,39.78
6bb214f60f0b2331b730f74f70dc322f,1,credit_card,5,113.92
0e6844f9954c0a475641b6490c3f9739,1,debit_card,1,317.16
dc12fa02210be1acbcc15ed310547ba0,2,voucher,1,39.04
48a32a844d2782e2d2b33c2ccb6a941a,1,boleto,1,123.56
38ef39ee8ebc5f492b0253bcd1213dcc,1,credit_card,8,172.25
b53273dc08d42154a427ce58148a7664,1,boleto,1,135.08
fea5a631859ef3c5c4a7ee9ff36096a8,1,credit_card,4,65.57
03d3db2eb72705d4b4dd30987cf610f8,1,credit_card,5,157.78
e11780f33e850a77d1b3c2fa13ed5d4b,1,boleto,1,175.57
3762c0ef92b5bc397671e6d7e6d5672f,1,credit_card,3,73.34
7e28a3542ea8306e42298ea3718222ee,1,credit_card,3,167.74
5c1a7adae63c3dd38c445817f9947cf2,1,boleto,1,143.38
8cf61a0f8eed49e1728caab2510e796d,1,credit_card,3,77.57
b0f093c9a7e135bb44a1e1bd7406ba30,1,credit_card,2,165.64
21ccfd8ee777c40d2407604c5ddd2db1,1,credit_card,4,118.88
41e296c991263f9ade5507299e38fe72,1,credit_card,10,150.87
57490284e3524fb4b1c4112fa966cbde,1,boleto,1,157.9
194722a4c1cad67f5b368dce6edcc88a,1,credit_card,3,78.19
fbc12089bbd03e3a825625899c8c8f92,1,credit_card,5,105.54
b4c9708f4e37c6ac87564ef1f0efa7f3,1,boleto,1,87.66
7708348e3397bde852e5dade4c632d8e,1,voucher,1,62.68
9a29901dd783afb25b9daca2a52ae1e8,1,credit_card,1,48.27
f82a2055f59b4ccf07be7a6e9d52debd,1,credit_card,5,75.36
4cb0286c9f5805ddd172e00cef67ecc3,1,credit_card,1,32.43
65b8cbd6d0ad97befea844cc40817ccb,1,credit_card,3,79.19
2d9ea2efa410b1efd6bbd47d126819b6,1,credit_card,1,98.82
b2b86f50f1d5ec8763fc9fc6894ac6c4,1,credit_card,1,22.29
fc9a5afd96050ceb0d9f12a4f8c5d9f0,1,boleto,1,70.97
d80b473a1e39c2640618ae7d6e181f4d,1,credit_card,2,115.44
644fa2355020340eaa627c83e17eee27,1,credit_card,1,60.37
2bad074d8cb50fea70e0a12bc2ee304e,1,credit_card,1,27.68
1e73ecf14966e33e06e79c339fb3f7cd,1,credit_card,2,117.63
fa2de0086db43d394d58f69a111f8f69,1,credit_card,5,99.52
620f2b2f6cabdf0426262c47bf3a883c,1,credit_card,3,154.9
f2c12c46401363b2f37ce6200b520ebf,1,boleto,1,101.71
699b7692e65138e6874b4c6f42202974,1,credit_card,1,71.17
6f6926816d7f45e2ce64ae33c9faf58e,1,boleto,1,180.03
5075b9e252eb0b3f1350f282c94a82b0,1,boleto,1,71.82
ff54c442f3e9f50941a09dcf4e061e6f,1,boleto,1,149.0
67fc16d6dc881afa68e40df4c30d510a,1,boleto,1,70.16
5dc6b1dfab4fc8303ea318faec36a73e,1,credit_card,4,366.19
c3a3138b83444e2e6c24b0bdd327bd30,1,credit_card,5,289.11
68fa625f02107978e969340da28d0c89,1,credit_card,10,309.41
229d2824e311bf2592b6b7ce32af04a8,2,credit_card,8,437.26
6362a7fa249232a216ff4ed1cec9f7b3,1,credit_card,3,246.26
8d994041d6127d2acc8d13aad557e75f,1,credit_card,6,65.84
8b3bda465a61f930742d256916d1d7d9,1,credit_card,1,97.29
a50f9f0c6dc14bdf95d5621a5bd6b80b,1,credit_card,1,54.18
64c04b1fbf1d65307ee77fa046ea3b7a,1,voucher,1,108.29
e592e00712df4f05bd73ad01993c0251,1,credit_card,5,89.67
08d3b6ee17b7cb32e530f4488c3f6abf,1,credit_card,5,51.56
b7dc42271c71663ceed71350d60a5559,1,credit_card,3,65.74
636f0241ddc83a3b9e37a8088167bd45,2,voucher,1,0.01
0c11df2b80d95b1eabdcdf3790bb3347,1,credit_card,10,204.34
4b7bf1f7eb492ad33680ba2cb4c4ba56,1,boleto,1,131.07
a25b9ed9a3a53f53489c105482625129,1,credit_card,7,385.16
4cf6bc9c5e6ff30151bfb6f92f791b28,1,credit_card,3,76.79
c8c002c98c3b0b4d4136b84f76f635a8,1,credit_card,1,389.9
199c544290f4c34265e9b01c137baecd,1,credit_card,1,82.68
27778e8302a1880621730425fd82fb60,1,credit_card,1,50.87
4fab84dd561f10bb9c98293f34d749fa,1,credit_card,2,76.41
8bbc0e9b5ac010d6a9b8d76570cd20c4,1,credit_card,1,90.17
a767f123fcb9ebe4eea953349dfd5a81,1,credit_card,3,122.19
6248b0a9b547366913fb67922a7a2b77,1,credit_card,1,124.84
052121d17f8eab43c577497c9b1451e2,1,credit_card,1,64.0
f6e89f57355aba0267e4063a2d762c90,1,debit_card,1,63.12
3a73a24fa6a0d8ffd462fb4bb62e66fc,1,credit_card,3,106.51
261e71d2349c713eafa9f3df5972b95d,1,credit_card,10,172.62
4abd25ff34f0b324cadc39a6529b05c8,1,credit_card,5,164.79
09138fb3bbda7e400f9aac03c238385c,1,credit_card,4,48.04
480295bd3b66aeb4f624e16dc17a7412,1,credit_card,5,635.75
0a56861d762ee1f82f5cdc2de2b1f71a,1,boleto,1,33.33
b9a6c5f5df52c7226ac85aee7524c27f,1,credit_card,2,117.79
d32fbb7b9c7d393b293c80e66091ee4b,1,credit_card,1,130.26
f23a4132d42810c7f591d372282ae3eb,1,credit_card,1,88.28
8747a928f786c8b31e0afb1b815886bc,1,boleto,1,73.34
9cf7337281a128f4f29a2f476c733601,1,credit_card,3,116.21
d6021b689d20a82e885a61d75888df6a,1,credit_card,3,255.28
ade69ba18f873dc21f043783d60beeb6,1,credit_card,10,255.56
38422d02f6afe2fd7a700d046a3cabee,1,credit_card,5,294.33
687827c3a3bcdf03c6956d9bbe263ed5,2,credit_card,2,48.94
a8fff3e04abf1de340f6a42662daa292,1,boleto,1,46.03
6bdf9b89e5c81ead45dbc0a260dfbf13,1,credit_card,5,100.03
5d389775a013b9eb8fcdab4cdc1eae1d,1,credit_card,1,34.42
fe492b94021fc809f9fd371ca4162c51,1,credit_card,1,74.17
0733aab1e972ab531705cf45a1e77281,1,credit_card,1,76.41
bff91283b9a8721d0491825a37e59d89,1,credit_card,1,41.96
0ca1bac7f133e0eced641bff853f52ea,1,boleto,1,61.0
c2392e568835f3d748e67d74da04c934,1,credit_card,1,50.73
2f6e1ce2926b6a1f5f9ea11d94b58cb0,1,credit_card,2,85.34
def90fc6c7d21d34a14af3d6e4d866b6,1,credit_card,2,189.51
b8e17df0f313ac216d29c0683a83b992,1,credit_card,4,118.17
e9bc7c86be84f95e01a59c247ddf6208,1,credit_card,1,197.58
ef2d13d781a97ea071e0ad0236e35f49,1,boleto,1,56.45
a49bb03badf724e5180699f77387a444,1,boleto,1,210.02
32bc89adafbfd38be0cf6931769c6a6d,1,credit_card,3,73.69
74c142641fc482d8aeb7e31805a9aa2b,1,boleto,1,87.48
0d56e8508b66a43c6f5141863185c917,1,boleto,1,135.13
df14bdc601f10bff4d2757a9710be81f,1,credit_card,1,37.38
d19868a76a0e39afe462fa942122200c,1,voucher,1,150.56
4cddfa3db1f20697139ba4a46c4fd399,1,credit_card,2,47.69
eff7cafa6042969690223d33c833fd00,1,credit_card,1,93.82
55e5ec213742bae19f2e36685d3aa5e9,1,credit_card,4,45.78
95edd52b3452d4069b0fbc8056f01daa,1,debit_card,1,47.39
d2cbe14a29b243f01171170540ddc94d,1,credit_card,1,38.58
1dfdbd592873be9e467a641589b7595e,1,boleto,1,135.59
0a15572811e0bc23e2963de1cdf344f0,1,credit_card,1,103.13
c0364ee18a0b18e6da5e7754cf4f4e8a,1,credit_card,2,87.55
0452166f3b0d8e378179ecea1efdfe05,1,credit_card,1,71.81
1b34f3de23ae790473c7e4ef6ac0b1f1,1,boleto,1,81.71
bb95c9f509ff2da87b6015a0d9046f0f,1,boleto,1,159.1
70b9629a764d2247cf5995014b7204d2,1,credit_card,10,298.85
97e91e3d9575f0a13e6c2f6a8c0bfd7b,1,debit_card,1,105.8
75b7d764765f4cf3a5f03e7f3f35319f,1,boleto,1,24.09
377627ea55b004e8d55a2af17ba3c0e1,1,credit_card,1,207.26
4759dc5cd30f8e283de04872dd5446cd,1,credit_card,4,89.36
d95c203ba62b39ad3c3a2df8d5e7c052,1,boleto,1,38.01
e6e3ea418f0f343e88a3dc62eaf24699,1,boleto,1,60.88
3a97b29009aa1ec54a67fd256b762b14,1,credit_card,2,218.35
4f07b37dd214946af6cb26405ca91727,1,credit_card,1,83.25
fbbd2baf2d839f10d73c99b4642ce46b,1,credit_card,12,124.77
e6bed0846d5d268bf1ebcf66eab19a42,1,credit_card,10,593.13
a5d3eeeb605f6e2ce95e590543148234,1,credit_card,3,170.33
008a40c2b8b21893e04945ce58854b55,1,credit_card,2,112.0
abf6c7f874686f41f606c83a8e8d2a9f,1,boleto,1,18.87
410cfb42b9a36728a695fe883df04ebf,1,boleto,1,464.98
904d1d3bf21a8c56e931f8ac05d284c6,1,boleto,1,164.12
08202fbf5047a2f85a0983ac291a69fb,1,credit_card,1,141.28
3d989e705eac70bfb1f4a430924f3402,1,boleto,1,318.69
e6179e66e05b531c6f8ad2b292717091,1,boleto,1,43.69
e0aa66d7588bc46f68bf32d34ab6562d,1,credit_card,6,170.01
906fa2ba215b24e3888dc3f8c0950f78,1,credit_card,10,687.43
6550f76a630f229b798ea19ef27694d9,1,credit_card,5,82.25
d5b0848c1878546fbebe673d1d679b83,1,credit_card,2,52.69
2fc4ba497db1306b9048aceaf0f7e5a9,1,boleto,1,324.34
bfff22b563631e997a4a22dd4b87abc2,1,credit_card,6,148.28
848e76f65aa5d3843c356d8a68dfa5b5,1,credit_card,5,126.33
11b6318ec732b94b5593c66ef1f37863,1,credit_card,1,32.19
5f4942fc3a59f2e62ae534f981105954,1,credit_card,1,57.48
3dd189079200a1a247bc4a01d16e7ebb,1,credit_card,1,66.03
99330d45c3ba6f45ad5745f6de036c5f,1,credit_card,4,217.09
25d7504420f738317dcbb29f7e565976,1,credit_card,6,89.36
d274c6fec283184db0a84729351bf6cc,1,credit_card,1,40.96
086f617d66181efa193629791e0a9076,1,credit_card,1,111.65
4cea4082bde3d6f0846e8a5537f3eeb4,1,credit_card,5,56.78
c20880befd228c3983ddefda4f2549db,1,credit_card,1,43.54
31f49b876b40d899bdb6c403b4d2b20b,1,boleto,1,57.68
4ce0d39282d4d45834a51b1ca7fbb311,1,credit_card,1,41.83
d5d0829757e3f168a603b3c272d96fff,1,credit_card,3,72.38
2c5871f32e23db4f41bf1c58df2f1bee,1,credit_card,1,73.34
314639bc2e41647756681b0f2afdb306,1,boleto,1,154.79
0124e0c5bfae1979838a91e47df53f14,1,credit_card,1,62.38
16e38caa92e342c7780f68832f832d4d,1,credit_card,8,243.36
2064a88a243add2e2cc03b9c6043e616,1,boleto,1,95.99
ef18166b5f1dfc60d75435c548674981,1,credit_card,5,435.21
b1d045cd447d2961b72e0d67c18f5d94,1,credit_card,3,146.44
2e823fe077401bf3d30b8a47e324571f,1,credit_card,2,34.01
99221769ebf04d97afe0f08894b75586,1,boleto,1,352.55
611f544f53c61bfeee1a6923ea8555a9,1,credit_card,1,124.0
2fcae632b06e40088d1800fc1cfc3e69,2,voucher,1,2.72
9d747ac28c9c16805493c802a6ebafff,1,boleto,1,154.36
385408894abaef5ea2b48046ca02f823,1,boleto,1,45.0
403e499c55ee10e52fbf26762b33a5f3,1,credit_card,5,246.26
2bec039adcca39ad3a2d76a949e6c99d,1,credit_card,4,329.26
2cb2f557ab7119a8f1e9e00b7bf75547,1,boleto,1,113.53
0965b209e76b9ac20f7dc673c735ade3,1,boleto,1,137.6
8a3c2c90a94d0d385e338f5765a86292,1,credit_card,8,137.6
582e0dbdbf89bc46dbcc5c34ff60745a,1,boleto,1,21.04
908c02868bb2a9b847e64b23139137e5,1,credit_card,5,149.0
c72e93d7e98b14432271347cec69043b,1,credit_card,1,34.51
0611e51b65ca1c2274c5a2463141dcb6,1,credit_card,9,466.81
21c9855588b3946347dcaa1f159edcd8,1,credit_card,2,21.78
f0b2da40b961baf662d31db42b3964e3,1,credit_card,1,201.65
233f0d86db908dbeb6c2ae5675b31e71,1,credit_card,1,60.0
f8d1bd3e890e8a6792efb7acfc9a4853,1,boleto,1,147.69
59dccb56096ce22662c9a3f2f2312f39,1,boleto,1,97.51
a6f118bcb8721211afbb36e4a1e63610,1,credit_card,5,212.32
7e68991a1a850b61d2a20fd75f462397,1,credit_card,2,63.22
ae375d6b88c37582455ff3a2b83462d4,1,credit_card,1,48.13
b7775ddf9a56a4bbabff3e2e84c08b07,1,credit_card,3,340.99
f6089c47bab18faae3d90c64cfb08481,1,credit_card,8,127.5
b62490833ad4da4f0f696c9358737651,1,boleto,1,90.73
a52e6fa2d7c6ecaf73ff5f7f10438339,1,credit_card,10,233.97
7deb5565bced95f67ceac6f5dc57d4f4,1,debit_card,1,20.55
4eeecb9e657525024b9b538730c5f974,1,credit_card,3,31.22
c4ed5db53397cdd0f24bb4ba48f769f8,1,credit_card,2,23.27
32339685fefe9062d33175a4bc12d555,1,credit_card,1,43.86
6fd39a1adde54d0a5e6fe5ddc6c8784a,1,credit_card,8,215.27
26c032093452825fab1ef0adcde581ac,1,credit_card,2,128.54
dc15d43ae100ecc5bac78d9e974af643,1,credit_card,5,52.85
819adcd651eaa6b9ce751285bfb7e85d,1,credit_card,1,397.53
db7a9e1d2cbac54cc7ead44f1ae8535c,1,credit_card,3,192.98
65a9d3006386a380f4b594577a01cef0,1,credit_card,8,431.28
360d1b0085f85a626f77b5fe558e8ae8,1,credit_card,1,85.58
b0c04ea907df18b10625b845cb6ddc10,1,credit_card,6,60.42
b38103e665600114e3155ab60ee0ef70,1,credit_card,4,48.3
707ce3d3698a90d1ab9d9c2dc47223c2,1,credit_card,2,128.85
6423db30ee1e8cbd5d066f414bde1a0e,1,credit_card,2,136.75
a61bafa3b59313a79ecd7be1ca2a2477,1,credit_card,6,277.08
403fee786bf2a91a88cb6bb0ac68d07f,1,boleto,1,183.9
1c9ac08a8e474b38e9231382778f7eb9,1,credit_card,8,86.15
33c1911ef3652a03c6cb098b9399b1d3,1,credit_card,3,98.35
a4b276bd4a9eba543ec90cdf29a67308,1,credit_card,3,79.24
5bb8d2fbca419676d395687e28f5263b,1,boleto,1,87.38
27d38402a9bf35d21de2f99946b1c1ae,1,voucher,1,27.86
8fe67bda0dbc9ae5101d62f494f74e1d,1,credit_card,4,141.86
99316aecfb3e31190e43714f7643a49b,1,credit_card,1,52.78
95de62498e177002f6ef1949e2e788ea,1,credit_card,1,54.11
c0452c14e00c9d8c3f5f30c189382329,2,voucher,1,42.17
7321b3d6dabc180e041d57f60a5b838c,1,credit_card,4,45.9
8d1c5a867cd01e45e5fc57dddd896f00,1,voucher,1,79.64
f6806cb575dffe2dd24873502bc0b413,1,credit_card,2,160.8
6b751a27edaaa33537b2e893d7fd18ce,1,debit_card,1,45.0
5d1aca6ae03324b5398c241b3b402be7,1,credit_card,2,61.14
c45686ed86426af3f7be41420b6020ea,1,credit_card,5,162.55
8a5b38ec15fb5bb88a060a17587a2590,1,voucher,1,36.24
a1b804216bd2104b89826d9c884a06aa,1,credit_card,2,24.0
968daeb20a9a0e6c8433cad2c886756a,1,boleto,1,71.14
d401e4eb313c624cb7c140e43e38192e,1,credit_card,2,45.0
c9ff04aa260f20f8b69d7a6dce2327c7,1,boleto,1,41.29
27d59d6c52a0d2dbb8e2ea86ff71f962,1,credit_card,2,118.35
9682a979182968d8d0b1a356f8bb330e,1,credit_card,3,72.39
b5b0356c157cc9bfa4ec67e43d7abc09,1,credit_card,1,36.55
23fd789ce06f3c54f212b3b9d358579f,1,credit_card,2,166.29
57ec43facf6675a86b249b5c44867350,1,boleto,1,58.22
b68a52eb0d8bcd5f784a5f95b98a6cf6,1,credit_card,1,132.27
2282f08c7a3e5bc3e7b84bb444d6e1e6,1,credit_card,1,46.22
3598d5876c343ad3d9699be24dc09b8a,1,credit_card,1,64.32
3d5857f4fdb1061d247dea2544782580,1,credit_card,3,349.57
1b90587d2255b7eb1dcc4d2c7eba1c54,1,boleto,1,28.09
0f9d568730bf125dbbfed4fc655ff91a,1,credit_card,10,284.71
1fb42df5f777c1b9bf5790d888e15075,1,boleto,1,153.1
d5cdc053cdfd98fad4a2330ff501852e,1,credit_card,4,102.03
9a9c8bac5de91ca285c8224b5abd58ae,1,credit_card,1,38.01
65a922b4c66d6c7389088e16d37a85e9,1,credit_card,1,54.1
f9d6e4f177c33d17573279292f1473e4,1,credit_card,3,149.69
73a12daa7a024fd6a3895ffcb1fc99cb,2,voucher,1,80.01
779078ac80552fa400b11c285d16e4fa,1,credit_card,10,293.4
115cf7c242febcbed832ad6d631db40e,1,boleto,1,55.94
19cfcf45fc399af9d3e9d1d98638997b,1,credit_card,10,121.09
13cde3630a835cffb389eee14cbc0e1a,1,credit_card,2,69.85
b8d5cd6eb84d7b61c5c77ac4cb0b90b4,2,voucher,1,20.0
73a1b2c642b36dc0c5930e4b654ce46f,1,boleto,1,111.42
7af014956ed06246005b5e0740fd891c,1,credit_card,4,149.69
7c363fbfb4e41c26246ea6097cd275bf,1,credit_card,4,231.55
ba8ebbd4a50913dea058ff7695922d95,1,credit_card,2,203.67
9205fa5e239eb69fa652c044d52f7c0c,1,credit_card,2,64.13
cb1529a953c6df155505c4e2863b3b10,1,voucher,1,150.5
8b761bca5ade41b47694b0225c668b75,1,credit_card,2,92.57
cfd5d5311ae38742b4ecdbcf4c3662a7,1,credit_card,10,839.28
1b0e1058a094f333948edf16f4248323,1,credit_card,1,39.42
7bba6be8b33b014bb9523db5f992d070,1,credit_card,1,117.94
4f2dc4a949823819bfc75b784fb32686,1,boleto,1,51.56
cf8152b6a51ad306ad09a2d253c8133c,1,credit_card,2,50.93
427bdcc4eb03caf53fde12f57a84d443,1,credit_card,2,144.63
fdab24bf4e3d761c7072e39c69308da3,1,credit_card,8,673.2
1b27565cc48efbd53ada61fe61bb9c2a,1,credit_card,1,77.57
0eb43791d78d71f1098d5cb2b46e4c7b,1,credit_card,3,263.1
8c81595257edb72a9b20d995eaae0319,1,credit_card,3,148.28
19aeea45917083f03541b7d11afc8e2b,1,credit_card,8,132.6
573cdc3b8d7f43d865aba5fbbc888802,1,credit_card,3,153.14
9e711ba681b09da30750ac0fe7a0cc3b,1,boleto,1,46.69
7a5ff6680378afabf6b6a1e75bff8b8c,1,credit_card,3,88.37
7c927a3dfb1af7e87c6a262fc4b0a8fd,1,boleto,1,96.65
374d4811c6f3657ec62ffec582801ccd,1,credit_card,1,69.54
c6be81e3c1e9e15e5893e19d7ce49647,1,boleto,1,63.01
de5a3a2e05f3b46629d00ae9b9422973,1,boleto,1,41.84
e44411a5a41caaf23d52f1600d31d888,1,voucher,1,17.38
8c5c95d76d1bd802cde533288848d786,1,credit_card,7,71.04
156164b0c009c68c766b1ce1213cee18,1,credit_card,10,313.5
6699d7eb202a80ad0dd024134fe5ed60,1,credit_card,1,36.69
4ed3b57567c08a15c71665d759230b6f,1,credit_card,3,73.15
e6d3b5b66f40a99ac01da49f4c543e36,1,credit_card,1,95.43
1ae35fdd1e36d167c790179f16cad2e0,1,credit_card,1,73.32
366446679f4ddbffb2d8934f1abef1f8,1,credit_card,1,267.38
02e8498a91ec0e72dfaff47b27c805a3,1,boleto,1,102.74
53b48de8c162b1a00ace27c3c0a9b148,1,credit_card,1,40.17
f00c74caaa25430b1fa361c158e8996a,1,credit_card,3,162.29
7b9f5e24a87d548effb470329e3705ea,1,boleto,1,87.71
5494d7febdfd2f93ebdb691782d56f02,1,boleto,1,214.13
9371a323185fe5bc627ed3065bf2fcd8,1,boleto,1,156.38
896b228e1623e6b8f20f2b3782750d48,1,credit_card,2,36.96
662bf5e7e6b6350fd9e93fb5793f5c98,1,credit_card,2,125.94
12281975d2de5af133e549f49a1b9093,1,boleto,1,115.45
7645406942825a748f5db38c177b0a5e,1,credit_card,10,122.4
fe2f8677aaa66d2344481c0925170245,1,credit_card,1,117.97
3ccf90ae3753b3d692dd5f400621502e,1,credit_card,2,71.34
f29282bc8841ae8bcb88e357e9a32c57,1,credit_card,3,111.43
3b1bf20520476dc7b150dd52f521e525,1,boleto,1,70.04
51879b7474407f56048b6c36cc3e263c,1,credit_card,10,222.87
f0dbbeed3a0b658b884893bcdde5e4d4,1,credit_card,2,166.29
cb61ea5ecf3a762ee7460dc23d50fffd,1,credit_card,1,44.08
c7b0be5584c50efa8a9d95d3eecbece3,1,boleto,1,1826.07
3eb08a4c95b522bed075ec059ad858ab,1,credit_card,3,224.51
1389d3b1fab26d87e40c382d11a8ac3c,1,credit_card,1,15.26
5b649740381032adc79831802d8d221a,1,boleto,1,251.24
ced669a0f18cc433701f1011449b80fe,1,boleto,1,42.51
dcfe9b5776f30f14bdb7c5505d269c08,1,credit_card,3,77.25
01235dc626dcf13283207ba7f36a959a,1,boleto,1,66.86
c736eebe212e3065b4ca629fb98389f8,1,credit_card,2,79.63
19dc396137b147d804b74b9e5bbb9875,1,boleto,1,35.0
c9af5ac1e116ade464741593ef70e986,1,credit_card,4,524.48
8304f049f874798b19276d475a0b1851,1,credit_card,1,27.75
45060534aef780077c10103b60fe71c4,1,credit_card,8,119.27
a6ea59851ffee8cb73761179fc7bcb6c,1,credit_card,1,13.62
9c9036dccc18ec72597a1abafc18d3b4,1,credit_card,1,116.96
c7af2f59ff42f4410a1739111dbea489,1,credit_card,3,90.28
d8c441318d48082352e8592142db807c,1,credit_card,1,108.52
ea1857c97012fbeb3b4babd5892ebc7a,1,credit_card,7,170.29
4568bd0a9ecf831c2b27743ccf0f2015,1,credit_card,4,395.5
9d57e7a9c3dae94772187f73e97d9854,1,credit_card,1,83.07
d00c0296f63ccdcf9062c425887095e6,1,credit_card,1,45.8
44259226d73d340f929777553ecf199b,1,credit_card,5,322.17
38ac62af1b354671501c9bbfc55bf187,1,boleto,1,286.88
d61fb054800247ebeef5200e8bf9c9bd,1,credit_card,6,138.06
00f1bb0af030935db1745ee28367ea26,1,credit_card,7,288.88
6c682aa3032d2639e12a64b3c2a907b7,1,credit_card,1,107.0
68be1c52f0c662cedbe21ca137ca77fe,1,credit_card,1,62.05
96c2e97254411b014e9c6497388ae8bb,1,credit_card,5,76.51
ca2f0670d0d753e332c0ae97f466c9b0,1,boleto,1,124.4
17b64a39e956f1ff14d42a2f76a37305,1,credit_card,2,371.19
3f2467ae6b5a92494a59e95de0d79ba8,1,boleto,1,28.46
ccefed81ada949952e76166b19f2b723,1,credit_card,6,113.82
afc1b46f2cb4b3f0d3432cae0af0ea75,1,credit_card,7,81.15
9aff2e622002df9b94eb9255485fec96,1,credit_card,4,199.15
0724cc371750e7fdfe769d2a8bdd5b92,1,credit_card,4,184.95
56aa3b6b2c30314ee80914fea9543573,1,credit_card,4,44.0
317c2c773295f70b67e5511ccd55f81c,1,credit_card,3,172.52
b48959225675859f01913fbd8cb4abe6,1,credit_card,2,208.55
11a6156f787eb963fb211db50db44d99,1,credit_card,10,1843.85
a1e339ab5b57754551c63176e6d98528,1,credit_card,10,243.51
c0064eb733991511a78ddc2fdba0effe,1,credit_card,2,59.0
378895a1dc15cc571051e1b1c2e0c27d,1,credit_card,7,343.12
132ab6f8e1c86c21b064ee8832129bb1,1,boleto,1,193.98
0589d8b975f21fea2ad626ea99527911,1,credit_card,3,227.3
0ea322b0cc5c5a359a4b83e2cae08390,1,credit_card,1,29.95
19196153dd04a2d8685e3928185e498b,1,voucher,1,543.59
3a73a24fa6a0d8ffd462fb4bb62e66fc,2,voucher,1,50.0
ec2738d1b8cdc75fa4c9425432f5053c,1,boleto,1,85.8
717b5830932c155c67ba3232934a93c5,1,credit_card,5,159.08
67b777d7aeb1fefbc4e88626f76955dd,1,boleto,1,133.35
c0cb48c270009fc128318b2f9eda3bec,1,credit_card,1,80.21
64c3463da17e1c9262d302b03a81fb0b,1,credit_card,1,22.38
c7077af9c2e19b516a79690cab23a96d,1,credit_card,3,154.73
631e1f23f43b7ccee3a0792a1852c931,1,boleto,1,257.56
f5508c24aa4418c7069ad5a43b06bdee,1,boleto,1,25.04
fbd5d366a19445bc01b83fb9055b6422,1,boleto,1,36.28
53fd3dd3b669e8e5e6bbf3d9e0403643,1,boleto,1,135.49
93d8685fec4218f06bf202723dc1da52,1,boleto,1,327.3
0f1c3e42f560452d091c6906f9accb48,1,credit_card,1,180.94
854fc42da7246b10ed8dcec4ae8f48ca,1,credit_card,1,94.3
dd800b5dd3395650111f9a4539000e7d,1,credit_card,4,422.03
e35b8d9f66d207952c74878ee321a213,1,boleto,1,142.5
67204cd665c7418b36623b21584dc92c,1,credit_card,4,227.76
0eac9f8e158a0eadfce8c9da8547a8ce,1,boleto,1,88.27
c11e1e377e956e9d5bec2b0fa2ddc067,1,credit_card,8,385.86
cd0a3a0546d575990039ca72965ced27,1,credit_card,8,83.22
f8166a345b188c9033d127c25e44ab74,1,boleto,1,205.51
a9ad04772c6cf0d63efb9444ea80bbaa,1,credit_card,4,79.33
574a92fb05e01159e32c2a4cba131e3e,3,voucher,1,31.58
20682401f377f9713842c128b03fc43f,1,credit_card,3,333.34
7e460703dd3adb450213b20170a237f6,1,credit_card,1,47.25
75ac904a1ba87fab8d6d93751d68ddb1,1,credit_card,1,110.91
d04eab35da4dc8a5fbab6771c0a8b517,1,credit_card,6,64.65
5e08f8357b3660485f47d00381feaa6f,1,credit_card,3,171.22
1389d3b1fab26d87e40c382d11a8ac3c,2,credit_card,4,41.9
a9850cfaa6a85bd626e548413454f108,1,credit_card,6,206.84
cbb54b440099b6c4994d1109f3968b97,1,credit_card,1,27.49
8906cb0ae3ccbd4613940de05579b218,1,credit_card,1,171.4
ad0e80cb90ad456f01f1533e4cdc1f0d,1,credit_card,1,309.16
35b93dcd988cc9e90dd933769bb196c4,1,credit_card,1,114.79
c5d3fae065a8090bae39f4f34b14cd06,2,voucher,1,69.89
e62d530c9b5d79b0b222e5a4542d71be,1,credit_card,1,33.43
31ca199ff8e0748b9d065f1bfa90450b,1,boleto,1,56.69
278ffae8d541775ba53338a54ee391a3,1,credit_card,2,57.82
ba16a6de753feb4dc0a6716cc3ddf951,1,credit_card,1,52.62
382fe4c08d9dc3aec94cd1aeca20b992,1,boleto,1,44.24
837d0f47af4d0d6a1e3fc98603bd48ec,1,credit_card,4,270.85
9202a540dd3900ebeb2ff790e949a54e,1,credit_card,1,62.68
ea38dbbe2044b5c96bf31ff508ba1aad,1,credit_card,7,228.07
55b2cadb9946209a0283fd636ddc6676,1,boleto,1,226.12
4e376d36ceeae3f2cbf66cb0ca84c799,2,voucher,1,250.0
b8d5cd6eb84d7b61c5c77ac4cb0b90b4,3,voucher,1,20.0
96b7f5a470ca6a58f261be1af286e4d9,1,credit_card,8,239.72
574a92fb05e01159e32c2a4cba131e3e,1,voucher,1,10.7
a4d5fcb131fab3ac106ae40ac7042833,1,credit_card,6,191.56
f2120851611e040d268c3be41ac51228,1,credit_card,1,47.68
5620e57611d71ee82bf1b40183f57bdf,1,credit_card,2,52.46
0f187bdbef138399bae3eeee9ec1d48e,1,credit_card,1,68.19
1527028c6f0d2ca7a42e5337dc2762e5,1,credit_card,4,47.05
ac21545a31cc2f10904bcc68254c1d11,1,boleto,1,193.2
578e93018456eabf67495ce86d6e6315,1,credit_card,2,139.59
31c97425f34d48507d57e56e0ec2986b,1,credit_card,6,62.79
93cae495607755570d9b4c0c2d0474e6,1,credit_card,3,126.68
2e4d78cc067d04eaaf791ecbfb2bc3ce,1,credit_card,5,98.53
e62c3201015050463bc2e3b6599a6bc5,1,credit_card,2,83.23
09324a6d203673f8d0b62bd726f25a87,1,credit_card,10,153.09
edc9fcd5f5ab3aa69901aa991026ee0c,1,credit_card,4,106.38
a5849d6f70582d4c5217bac6616a45fa,1,boleto,1,74.51
dfa1e5a290276c05629e2d4180ce6aff,1,credit_card,1,71.56
c69e067f9b64eea56517834d123baf0e,1,credit_card,6,66.11
3caf6c286c8cde37ea9c0fb2da0e3169,1,boleto,1,179.76
65c599e3998c4243f4e62affbf5bcdd7,1,credit_card,3,131.38
312f43273284b7ab987d5bc4d880d5ef,1,credit_card,1,41.37
69563539a33f6dbf50c8e280e4e8a88b,1,debit_card,1,52.78
efdd6716d5125862a11d4e354bd4ec3c,1,credit_card,3,84.23
ab7bbcf90a1c2d1b7cf184cc23e18af8,1,credit_card,3,36.78
0510f632b86f01064ebbde67deb63bb5,1,credit_card,6,113.67
a6891e28ce17d3ec9391ae48c5a321d1,1,boleto,1,164.68
0553f54e437f2d7fddccf81ae9a646c6,1,boleto,1,63.13
636f0241ddc83a3b9e37a8088167bd45,1,credit_card,6,290.65
bedc87ce363e6bf8c8868b96b2213ae4,1,boleto,1,29.69
60218eecf87eaeb58657769f328f2726,1,credit_card,1,136.5
d3b59b9a0767514f777439a668f564b8,1,boleto,1,167.63
04ee5eeac980a849efb5ac99abf87259,1,credit_card,7,207.1
a711032f5b2df3b039238b1a273076b8,1,credit_card,6,171.75
31b5594fc512aedc5f790621219fd23b,1,credit_card,1,35.82
c6c96aae858cf470816e5080de363e47,2,voucher,1,73.89
6f6785dde266434130a2aa8af06a52b7,1,credit_card,2,98.68
ee43c2648eadad1558b2e3130b736c7c,1,credit_card,4,87.72
54745af3cd64e980bb671452c9b01d15,1,credit_card,1,93.89
0ac372f92fbec55ca27ef4fa99a6a13a,1,credit_card,1,23.1
b00853fe8ddc3b34dd00f0054914241f,1,credit_card,5,50.53
f7198d6fd9c02f8d7f7646b213376ddf,1,boleto,1,43.0
61e7365ad2e2ce5a3dbf650586623b7f,1,credit_card,3,98.11
0814daa4d12a646aeb73c429d5852f4d,1,credit_card,2,26.26
ebe3541c37938be5fe324645a702d4d4,1,credit_card,6,72.57
151137bf7ab537c1a2da6bba1368d87d,1,credit_card,3,150.34
023af4b88d12c9f3f56bcb55da0450c5,1,credit_card,10,213.74
c9abb9f3b4b71b87bfbc5645a02cf8cc,1,credit_card,3,185.8
f12ff3c8b8e4945b4d0331a56df6ef85,1,credit_card,4,211.81
29d3f2fc23b7f95b28dbe5e3ef783d93,1,credit_card,4,287.0
3d04db36b662c14acf27ab0dc7057fef,1,credit_card,5,116.9
6f2849e42b2d61384f499ab4bc2a5206,1,boleto,1,86.75
42fa07019d8252444a920c348dc8b011,1,credit_card,1,98.43
5597332b7eded552f104108f22b023e4,1,credit_card,1,36.46
2d5a9031ce30f2732d18bb3722b887a4,1,credit_card,4,87.64
73314e79b29b8857a78a32853790a9d0,1,boleto,1,297.27
042649285cd08ef7c546445419b43407,1,credit_card,1,28.34
b8fba4dc6ff421731ed01f46c701084a,1,boleto,1,27.08
2790c1db6fab421570c3a789c96ffd46,1,boleto,1,81.72
d110ac83a8b313d9d5e17d9ed61e7804,1,credit_card,1,138.84
f63f9a7699e3674c80a4ba92e56dfbb8,1,boleto,1,236.21
00fc308dd7f0937682698becaa9dcc45,1,voucher,1,104.11
114e12eca60507f3e3153182f258684d,1,boleto,1,161.24
93881917b8e0f2bf11eec7abbbfe43ec,1,credit_card,6,674.7
e381abcae5bf5ba29ff7855e91e40837,1,credit_card,1,63.41
210e60465099814a1d2c7635e4065153,1,credit_card,8,231.79
b7c3462b308e3d9d375ba7d120ee0893,1,credit_card,4,89.29
8d23fb4e17833d8bf866d3ae3481a3cd,1,credit_card,2,252.38
d4e413e096efb5d9b209b28ac79c62b7,1,credit_card,1,41.84
c000556923c9e9f96eb1121213f153b0,1,credit_card,9,99.43
a4521fa62b4f3bbe260aecf4dbc78935,1,credit_card,1,50.0
c263f74f0ce9f6d9e0f4608a22a67dfd,1,credit_card,1,70.53
69697763300040978b1c88f1bb60ad24,1,credit_card,2,190.17
bd6ab28252f15e7c57f212a725aa1c37,1,credit_card,1,69.97
368df49737936bddc9d47a700a1920b9,1,credit_card,4,93.19
fd86c80924b4be8fb7f58c4ecc680dae,1,credit_card,1,76.1
